<?xml version="1.0" encoding="UTF-8"?> 

<file name="1.exe" 文件扩展名信息="  描述：Directly executable program   使用信息: DOS, OpenVMS, Microsoft Windows, Symbian or OS/2" sha1="35d6fb4701cd468109a5a7b603ea68cc6b806a33" md5="c97ab5c2af4c3a0ba0672f05cda2ec3c" CRC32="97ff4ad3" SSDEEP="768:fllPp7JeTe5MLjH4B5NCPd7m+Z7hE6XmPq5jhe4zujvJIp:flEK5SYB5s1Zm6XZ5Faj2p" ImportHash="d7b2934b89bc50c5c343ad84032de88e" size="39949" type="exe" error="0" virusresult="" vp_name="klo07" reportType="final" exiftool="File Name                       : 1.exe--list--File Size                       : 39 kB--list--File Modification Date/Time     : 2020:01:16 18:24:24+08:00--list--File Access Date/Time           : 2020:01:16 18:24:24+08:00--list--File Inode Change Date/Time     : 2020:01:16 18:24:24+08:00--list--File Type                       : Win32 EXE--list--File Type Extension             : exe--list--MIME Type                       : application/octet-stream--list--Machine Type                    : Intel 386 or later, and compatibles--list--Time Stamp                      : 1992:06:20 06:22:17+08:00--list--PE Type                         : PE32--list--Linker Version                  : 2.25--list--Code Size                       : 32768--list--Initialized Data Size           : 4096--list--Uninitialized Data Size         : 69632--list--Entry Point                     : 0x19610--list--OS Version                      : 1.0--list--Image Version                   : 0.0--list--Subsystem Version               : 4.0--list--Subsystem                       : Windows GUI--list--" system="winxp" peinfo="加壳信息 :  UPX 2.90 [LZMA] -&amp;gt; Markus Oberhumer  Laszlo Molnar &amp; John Reiser--list--文件熵 :  7.820161 (可能存在加壳)--list--fpu反调试 :  未检测到--list--载入地址 :  正常的载入点--list--代码入口信息 :  可能是伪造入口--list--DOS stub : :  可疑--list--TLS表信息 :  发现 - 包含1 个函数--list--段信息 :  3--list--UPX0 可疑的名称  长度为0  可能存在自修改代码--list--UPX1 可疑的名称  可能存在自修改代码--list--资源段 :  未见异常--list--时间戳 :  过时的时间戳（2000年以前）--list--ASLR ：  未开启--list--DEP/NX ：  未开启--list--SEH ：  开启" AI_Scan="1" filetype="PE32 executable (GUI) Intel 80386, for MS Windows, UPX compressed"><action_list name="分析开始" level="-1" descr="动态分析开始" times="0">
	<action field="start_boot" type="System" name="AnalyzeStart" call_pid="0" call_name="" call_time="18:24:37.000">
	<exInfo_list count="0">
	</exInfo_list>
	</action>
 </action_list><action_list name="分析引擎信息" level="-1" descr="12.6, 40, 2020-01-16_18:24:34==2020-01-16_18:24:37" times="0">
	<action field="start_boot" type="System" name="VasInfo" call_pid="0" call_name="" call_time="18:24:37.001">
	<exInfo_list count="3">
		<exInfo value="12.6" descr="分析引擎版本"/>
		<exInfo value="40" descr="最大并发数量"/>
		<exInfo value="2020-01-16_18:24:34==2020-01-16_18:24:37" descr="镜像加载耗时"/>
	</exInfo_list>
	</action>
 </action_list><action_list name="进程开始执行" level="1" descr="被 vasstarter.exe（1676）创建的进程开始执行" times="0">
	<action field="start_boot" type="Process" name="BeCreated" call_pid="208" call_name="vaslauncher.exe" call_time="18:24:38.002">
	<exInfo_list count="2">
		<exInfo value="vasstarter.exe" descr="父进程名"/>
		<exInfo value="1676" descr="父进程ID"/>
	</exInfo_list>
	</action>
 </action_list><action_list name="进程开始执行" level="1" descr="被 vasstarter.exe（1676）通过参数 D:\vaslauncher.exe 以 direct 方式创建的进程开始执行" times="0">
	<action field="start_boot" type="Process" name="BeCreatedEx" call_pid="208" call_name="vaslauncher.exe" call_time="18:24:38.003">
	<exInfo_list count="4">
		<exInfo value="vasstarter.exe" descr="父进程名"/>
		<exInfo value="1676" descr="父进程ID"/>
		<exInfo value="D:\vaslauncher.exe" descr="启动参数"/>
		<exInfo value="direct" descr="创建方式"/>
	</exInfo_list>
	</action>
 </action_list><action_list name="进程开始执行" level="1" descr="被 vaslauncher.exe（208）创建的进程开始执行" times="0">
	<action field="start_boot" type="Process" name="BeCreated" call_pid="2036" call_name="1.exe" call_time="18:24:40.004">
	<exInfo_list count="2">
		<exInfo value="vaslauncher.exe" descr="父进程名"/>
		<exInfo value="208" descr="父进程ID"/>
	</exInfo_list>
	</action>
 </action_list><action_list name="进程开始执行" level="1" descr="被 vaslauncher.exe（208）通过参数 &quot;C:\vastest\1.exe&quot;  以 direct 方式创建的进程开始执行" times="0">
	<action field="start_boot" type="Process" name="BeCreatedEx" call_pid="2036" call_name="1.exe" call_time="18:24:40.005">
	<exInfo_list count="4">
		<exInfo value="vaslauncher.exe" descr="父进程名"/>
		<exInfo value="208" descr="父进程ID"/>
		<exInfo value="&quot;C:\vastest\1.exe&quot; " descr="启动参数"/>
		<exInfo value="direct" descr="创建方式"/>
	</exInfo_list>
	</action>
 </action_list><action_list name="脱壳" level="2" descr="代码自解压，逃避分析与查杀" times="0">
	<action field="start_boot" type="Memory" name="UnpackSelf" call_pid="2036" call_name="1.exe" call_time="18:24:40.006">
	<exInfo_list count="0">
	</exInfo_list>
	</action>
 </action_list><action_list name="加载模块" level="1" descr="加载模块 HarddiskVolume1\WINDOWS\system32\advapi32.dll" times="0">
	<action field="start_boot" type="Memory" name="LoadLibrary" call_pid="2036" call_name="1.exe" call_time="18:24:40.078">
	<exInfo_list count="1">
		<exInfo value="HarddiskVolume1\WINDOWS\system32\advapi32.dll" descr="动态链接库"/>
	</exInfo_list>
	</action>
 </action_list><action_list name="加载模块" level="1" descr="加载模块 HarddiskVolume1\WINDOWS\system32\rpcrt4.dll" times="0">
	<action field="start_boot" type="Memory" name="LoadLibrary" call_pid="2036" call_name="1.exe" call_time="18:24:40.083">
	<exInfo_list count="1">
		<exInfo value="HarddiskVolume1\WINDOWS\system32\rpcrt4.dll" descr="动态链接库"/>
	</exInfo_list>
	</action>
 </action_list><action_list name="加载模块" level="1" descr="加载模块 HarddiskVolume1\WINDOWS\system32\secur32.dll" times="0">
	<action field="start_boot" type="Memory" name="LoadLibrary" call_pid="2036" call_name="1.exe" call_time="18:24:40.087">
	<exInfo_list count="1">
		<exInfo value="HarddiskVolume1\WINDOWS\system32\secur32.dll" descr="动态链接库"/>
	</exInfo_list>
	</action>
 </action_list><action_list name="加载模块" level="1" descr="加载模块 HarddiskVolume1\WINDOWS\system32\oleaut32.dll" times="0">
	<action field="start_boot" type="Memory" name="LoadLibrary" call_pid="2036" call_name="1.exe" call_time="18:24:40.099">
	<exInfo_list count="1">
		<exInfo value="HarddiskVolume1\WINDOWS\system32\oleaut32.dll" descr="动态链接库"/>
	</exInfo_list>
	</action>
 </action_list><action_list name="加载模块" level="1" descr="加载模块 HarddiskVolume1\WINDOWS\system32\gdi32.dll" times="0">
	<action field="start_boot" type="Memory" name="LoadLibrary" call_pid="2036" call_name="1.exe" call_time="18:24:40.103">
	<exInfo_list count="1">
		<exInfo value="HarddiskVolume1\WINDOWS\system32\gdi32.dll" descr="动态链接库"/>
	</exInfo_list>
	</action>
 </action_list><action_list name="加载模块" level="1" descr="加载模块 HarddiskVolume1\WINDOWS\system32\user32.dll" times="0">
	<action field="start_boot" type="Memory" name="LoadLibrary" call_pid="2036" call_name="1.exe" call_time="18:24:40.107">
	<exInfo_list count="1">
		<exInfo value="HarddiskVolume1\WINDOWS\system32\user32.dll" descr="动态链接库"/>
	</exInfo_list>
	</action>
 </action_list><action_list name="加载模块" level="1" descr="加载模块 HarddiskVolume1\WINDOWS\system32\msvcrt.dll" times="0">
	<action field="start_boot" type="Memory" name="LoadLibrary" call_pid="2036" call_name="1.exe" call_time="18:24:40.111">
	<exInfo_list count="1">
		<exInfo value="HarddiskVolume1\WINDOWS\system32\msvcrt.dll" descr="动态链接库"/>
	</exInfo_list>
	</action>
 </action_list><action_list name="加载模块" level="1" descr="加载模块 HarddiskVolume1\WINDOWS\system32\ole32.dll" times="0">
	<action field="start_boot" type="Memory" name="LoadLibrary" call_pid="2036" call_name="1.exe" call_time="18:24:40.128">
	<exInfo_list count="1">
		<exInfo value="HarddiskVolume1\WINDOWS\system32\ole32.dll" descr="动态链接库"/>
	</exInfo_list>
	</action>
 </action_list><action_list name="加载模块" level="1" descr="加载模块 HarddiskVolume1\WINDOWS\system32\imm32.dll" times="0">
	<action field="start_boot" type="Memory" name="LoadLibrary" call_pid="2036" call_name="1.exe" call_time="18:24:40.228">
	<exInfo_list count="1">
		<exInfo value="HarddiskVolume1\WINDOWS\system32\imm32.dll" descr="动态链接库"/>
	</exInfo_list>
	</action>
 </action_list><action_list name="加载模块" level="1" descr="加载模块 HarddiskVolume1\WINDOWS\system32\lpk.dll" times="0">
	<action field="start_boot" type="Memory" name="LoadLibrary" call_pid="2036" call_name="1.exe" call_time="18:24:40.257">
	<exInfo_list count="1">
		<exInfo value="HarddiskVolume1\WINDOWS\system32\lpk.dll" descr="动态链接库"/>
	</exInfo_list>
	</action>
 </action_list><action_list name="加载模块" level="1" descr="加载模块 HarddiskVolume1\WINDOWS\system32\usp10.dll" times="0">
	<action field="start_boot" type="Memory" name="LoadLibrary" call_pid="2036" call_name="1.exe" call_time="18:24:40.262">
	<exInfo_list count="1">
		<exInfo value="HarddiskVolume1\WINDOWS\system32\usp10.dll" descr="动态链接库"/>
	</exInfo_list>
	</action>
 </action_list><action_list name="创建可执行程序" level="3" descr="创建可执行程序 HarddiskVolume1\WINDOWS\Temp\Star Wars Episode 2 - Attack Of The Clones Full Downloader.exe" times="0">
	<action field="start_boot" type="File" name="WritePEFile" call_pid="2036" call_name="1.exe" call_time="18:24:40.687">
	<exInfo_list count="1">
		<exInfo value="HarddiskVolume1\WINDOWS\Temp\Star Wars Episode 2 - Attack Of The Clones Full Downloader.exe" descr="PE文件路径"/>
	</exInfo_list>
	</action>
 </action_list><action_list name="复制文件到系统目录" level="3" descr="拷贝文件 C:\vastest\1.exe 到 C:\WINDOWS\Temp\Star Wars Episode 2 - Attack Of The Clones Full Downloader.exe" times="0">
	<action field="start_boot" type="File" name="CopyFile" call_pid="2036" call_name="1.exe" call_time="18:24:40.679">
	<exInfo_list count="2">
		<exInfo value="C:\vastest\1.exe" descr="源路径"/>
		<exInfo value="C:\WINDOWS\Temp\Star Wars Episode 2 - Attack Of The Clones Full Downloader.exe" descr="目的路径"/>
	</exInfo_list>
	</action>
 </action_list><action_list name="创建可执行程序" level="3" descr="创建可执行程序 HarddiskVolume1\WINDOWS\Temp\Jenna Jameson - Built For Speed Downloader.exe" times="0">
	<action field="start_boot" type="File" name="WritePEFile" call_pid="2036" call_name="1.exe" call_time="18:24:40.824">
	<exInfo_list count="1">
		<exInfo value="HarddiskVolume1\WINDOWS\Temp\Jenna Jameson - Built For Speed Downloader.exe" descr="PE文件路径"/>
	</exInfo_list>
	</action>
 </action_list><action_list name="复制文件到系统目录" level="3" descr="拷贝文件 C:\vastest\1.exe 到 C:\WINDOWS\Temp\Jenna Jameson - Built For Speed Downloader.exe" times="0">
	<action field="start_boot" type="File" name="CopyFile" call_pid="2036" call_name="1.exe" call_time="18:24:40.819">
	<exInfo_list count="2">
		<exInfo value="C:\vastest\1.exe" descr="源路径"/>
		<exInfo value="C:\WINDOWS\Temp\Jenna Jameson - Built For Speed Downloader.exe" descr="目的路径"/>
	</exInfo_list>
	</action>
 </action_list><action_list name="创建可执行程序" level="3" descr="创建可执行程序 HarddiskVolume1\WINDOWS\Temp\[DiVX] Lord of The Rings Full Downloader.exe" times="0">
	<action field="start_boot" type="File" name="WritePEFile" call_pid="2036" call_name="1.exe" call_time="18:24:40.960">
	<exInfo_list count="1">
		<exInfo value="HarddiskVolume1\WINDOWS\Temp\[DiVX] Lord of The Rings Full Downloader.exe" descr="PE文件路径"/>
	</exInfo_list>
	</action>
 </action_list><action_list name="复制文件到系统目录" level="3" descr="拷贝文件 C:\vastest\1.exe 到 C:\WINDOWS\Temp\[DiVX] Lord of The Rings Full Downloader.exe" times="0">
	<action field="start_boot" type="File" name="CopyFile" call_pid="2036" call_name="1.exe" call_time="18:24:40.954">
	<exInfo_list count="2">
		<exInfo value="C:\vastest\1.exe" descr="源路径"/>
		<exInfo value="C:\WINDOWS\Temp\[DiVX] Lord of The Rings Full Downloader.exe" descr="目的路径"/>
	</exInfo_list>
	</action>
 </action_list><action_list name="创建可执行程序" level="3" descr="创建可执行程序 HarddiskVolume1\WINDOWS\Temp\[DiVX] Harry Potter And The Sorcerors Stone Full Downloader.exe" times="0">
	<action field="start_boot" type="File" name="WritePEFile" call_pid="2036" call_name="1.exe" call_time="18:24:40.097">
	<exInfo_list count="1">
		<exInfo value="HarddiskVolume1\WINDOWS\Temp\[DiVX] Harry Potter And The Sorcerors Stone Full Downloader.exe" descr="PE文件路径"/>
	</exInfo_list>
	</action>
 </action_list><action_list name="复制文件到系统目录" level="3" descr="拷贝文件 C:\vastest\1.exe 到 C:\WINDOWS\Temp\[DiVX] Harry Potter And The Sorcerors Stone Full Downloader.exe" times="0">
	<action field="start_boot" type="File" name="CopyFile" call_pid="2036" call_name="1.exe" call_time="18:24:40.090">
	<exInfo_list count="2">
		<exInfo value="C:\vastest\1.exe" descr="源路径"/>
		<exInfo value="C:\WINDOWS\Temp\[DiVX] Harry Potter And The Sorcerors Stone Full Downloader.exe" descr="目的路径"/>
	</exInfo_list>
	</action>
 </action_list><action_list name="创建可执行程序" level="3" descr="创建可执行程序 HarddiskVolume1\WINDOWS\Temp\CKY3 - Bam Margera World Industries Alien Workshop Full Downloader.exe" times="0">
	<action field="start_boot" type="File" name="WritePEFile" call_pid="2036" call_name="1.exe" call_time="18:24:40.235">
	<exInfo_list count="1">
		<exInfo value="HarddiskVolume1\WINDOWS\Temp\CKY3 - Bam Margera World Industries Alien Workshop Full Downloader.exe" descr="PE文件路径"/>
	</exInfo_list>
	</action>
 </action_list><action_list name="复制文件到系统目录" level="3" descr="拷贝文件 C:\vastest\1.exe 到 C:\WINDOWS\Temp\CKY3 - Bam Margera World Industries Alien Workshop Full Downloader.exe" times="0">
	<action field="start_boot" type="File" name="CopyFile" call_pid="2036" call_name="1.exe" call_time="18:24:40.229">
	<exInfo_list count="2">
		<exInfo value="C:\vastest\1.exe" descr="源路径"/>
		<exInfo value="C:\WINDOWS\Temp\CKY3 - Bam Margera World Industries Alien Workshop Full Downloader.exe" descr="目的路径"/>
	</exInfo_list>
	</action>
 </action_list><action_list name="创建可执行程序" level="3" descr="创建可执行程序 HarddiskVolume1\WINDOWS\Temp\Cat Attacks Child Full Downloader.exe" times="0">
	<action field="start_boot" type="File" name="WritePEFile" call_pid="2036" call_name="1.exe" call_time="18:24:40.374">
	<exInfo_list count="1">
		<exInfo value="HarddiskVolume1\WINDOWS\Temp\Cat Attacks Child Full Downloader.exe" descr="PE文件路径"/>
	</exInfo_list>
	</action>
 </action_list><action_list name="复制文件到系统目录" level="3" descr="拷贝文件 C:\vastest\1.exe 到 C:\WINDOWS\Temp\Cat Attacks Child Full Downloader.exe" times="0">
	<action field="start_boot" type="File" name="CopyFile" call_pid="2036" call_name="1.exe" call_time="18:24:40.368">
	<exInfo_list count="2">
		<exInfo value="C:\vastest\1.exe" descr="源路径"/>
		<exInfo value="C:\WINDOWS\Temp\Cat Attacks Child Full Downloader.exe" descr="目的路径"/>
	</exInfo_list>
	</action>
 </action_list><action_list name="创建可执行程序" level="3" descr="创建可执行程序 HarddiskVolume1\WINDOWS\Temp\PS1 Boot Disc Full Dwonloader.exe" times="0">
	<action field="start_boot" type="File" name="WritePEFile" call_pid="2036" call_name="1.exe" call_time="18:24:40.512">
	<exInfo_list count="1">
		<exInfo value="HarddiskVolume1\WINDOWS\Temp\PS1 Boot Disc Full Dwonloader.exe" descr="PE文件路径"/>
	</exInfo_list>
	</action>
 </action_list><action_list name="复制文件到系统目录" level="3" descr="拷贝文件 C:\vastest\1.exe 到 C:\WINDOWS\Temp\PS1 Boot Disc Full Dwonloader.exe" times="0">
	<action field="start_boot" type="File" name="CopyFile" call_pid="2036" call_name="1.exe" call_time="18:24:40.505">
	<exInfo_list count="2">
		<exInfo value="C:\vastest\1.exe" descr="源路径"/>
		<exInfo value="C:\WINDOWS\Temp\PS1 Boot Disc Full Dwonloader.exe" descr="目的路径"/>
	</exInfo_list>
	</action>
 </action_list><action_list name="创建可执行程序" level="3" descr="创建可执行程序 HarddiskVolume1\WINDOWS\Temp\Sony Play station boot disc - Downloader.exe" times="0">
	<action field="start_boot" type="File" name="WritePEFile" call_pid="2036" call_name="1.exe" call_time="18:24:40.758">
	<exInfo_list count="1">
		<exInfo value="HarddiskVolume1\WINDOWS\Temp\Sony Play station boot disc - Downloader.exe" descr="PE文件路径"/>
	</exInfo_list>
	</action>
 </action_list><action_list name="复制文件到系统目录" level="3" descr="拷贝文件 C:\vastest\1.exe 到 C:\WINDOWS\Temp\Sony Play station boot disc - Downloader.exe" times="0">
	<action field="start_boot" type="File" name="CopyFile" call_pid="2036" call_name="1.exe" call_time="18:24:40.751">
	<exInfo_list count="2">
		<exInfo value="C:\vastest\1.exe" descr="源路径"/>
		<exInfo value="C:\WINDOWS\Temp\Sony Play station boot disc - Downloader.exe" descr="目的路径"/>
	</exInfo_list>
	</action>
 </action_list><action_list name="创建可执行程序" level="3" descr="创建可执行程序 HarddiskVolume1\WINDOWS\Temp\How To Hack Websites.exe" times="0">
	<action field="start_boot" type="File" name="WritePEFile" call_pid="2036" call_name="1.exe" call_time="18:24:40.897">
	<exInfo_list count="1">
		<exInfo value="HarddiskVolume1\WINDOWS\Temp\How To Hack Websites.exe" descr="PE文件路径"/>
	</exInfo_list>
	</action>
 </action_list><action_list name="复制文件到系统目录" level="3" descr="拷贝文件 C:\vastest\1.exe 到 C:\WINDOWS\Temp\How To Hack Websites.exe" times="0">
	<action field="start_boot" type="File" name="CopyFile" call_pid="2036" call_name="1.exe" call_time="18:24:40.891">
	<exInfo_list count="2">
		<exInfo value="C:\vastest\1.exe" descr="源路径"/>
		<exInfo value="C:\WINDOWS\Temp\How To Hack Websites.exe" descr="目的路径"/>
	</exInfo_list>
	</action>
 </action_list><action_list name="创建可执行程序" level="3" descr="创建可执行程序 HarddiskVolume1\WINDOWS\Temp\AIM Account Stealer Downloader.exe" times="0">
	<action field="start_boot" type="File" name="WritePEFile" call_pid="2036" call_name="1.exe" call_time="18:24:40.034">
	<exInfo_list count="1">
		<exInfo value="HarddiskVolume1\WINDOWS\Temp\AIM Account Stealer Downloader.exe" descr="PE文件路径"/>
	</exInfo_list>
	</action>
 </action_list><action_list name="复制文件到系统目录" level="3" descr="拷贝文件 C:\vastest\1.exe 到 C:\WINDOWS\Temp\AIM Account Stealer Downloader.exe" times="0">
	<action field="start_boot" type="File" name="CopyFile" call_pid="2036" call_name="1.exe" call_time="18:24:40.028">
	<exInfo_list count="2">
		<exInfo value="C:\vastest\1.exe" descr="源路径"/>
		<exInfo value="C:\WINDOWS\Temp\AIM Account Stealer Downloader.exe" descr="目的路径"/>
	</exInfo_list>
	</action>
 </action_list><action_list name="创建可执行程序" level="3" descr="创建可执行程序 HarddiskVolume1\WINDOWS\Temp\MSN Password Hacker and Stealer.exe" times="0">
	<action field="start_boot" type="File" name="WritePEFile" call_pid="2036" call_name="1.exe" call_time="18:24:40.172">
	<exInfo_list count="1">
		<exInfo value="HarddiskVolume1\WINDOWS\Temp\MSN Password Hacker and Stealer.exe" descr="PE文件路径"/>
	</exInfo_list>
	</action>
 </action_list><action_list name="复制文件到系统目录" level="3" descr="拷贝文件 C:\vastest\1.exe 到 C:\WINDOWS\Temp\MSN Password Hacker and Stealer.exe" times="0">
	<action field="start_boot" type="File" name="CopyFile" call_pid="2036" call_name="1.exe" call_time="18:24:40.166">
	<exInfo_list count="2">
		<exInfo value="C:\vastest\1.exe" descr="源路径"/>
		<exInfo value="C:\WINDOWS\Temp\MSN Password Hacker and Stealer.exe" descr="目的路径"/>
	</exInfo_list>
	</action>
 </action_list><action_list name="创建可执行程序" level="3" descr="创建可执行程序 HarddiskVolume1\WINDOWS\Temp\Hacking Tool Collection.exe" times="0">
	<action field="start_boot" type="File" name="WritePEFile" call_pid="2036" call_name="1.exe" call_time="18:24:40.312">
	<exInfo_list count="1">
		<exInfo value="HarddiskVolume1\WINDOWS\Temp\Hacking Tool Collection.exe" descr="PE文件路径"/>
	</exInfo_list>
	</action>
 </action_list><action_list name="复制文件到系统目录" level="3" descr="拷贝文件 C:\vastest\1.exe 到 C:\WINDOWS\Temp\Hacking Tool Collection.exe" times="0">
	<action field="start_boot" type="File" name="CopyFile" call_pid="2036" call_name="1.exe" call_time="18:24:40.305">
	<exInfo_list count="2">
		<exInfo value="C:\vastest\1.exe" descr="源路径"/>
		<exInfo value="C:\WINDOWS\Temp\Hacking Tool Collection.exe" descr="目的路径"/>
	</exInfo_list>
	</action>
 </action_list><action_list name="创建可执行程序" level="3" descr="创建可执行程序 HarddiskVolume1\WINDOWS\Temp\Windows XP Full Downloader.exe" times="0">
	<action field="start_boot" type="File" name="WritePEFile" call_pid="2036" call_name="1.exe" call_time="18:24:40.450">
	<exInfo_list count="1">
		<exInfo value="HarddiskVolume1\WINDOWS\Temp\Windows XP Full Downloader.exe" descr="PE文件路径"/>
	</exInfo_list>
	</action>
 </action_list><action_list name="复制文件到系统目录" level="3" descr="拷贝文件 C:\vastest\1.exe 到 C:\WINDOWS\Temp\Windows XP Full Downloader.exe" times="0">
	<action field="start_boot" type="File" name="CopyFile" call_pid="2036" call_name="1.exe" call_time="18:24:40.444">
	<exInfo_list count="2">
		<exInfo value="C:\vastest\1.exe" descr="源路径"/>
		<exInfo value="C:\WINDOWS\Temp\Windows XP Full Downloader.exe" descr="目的路径"/>
	</exInfo_list>
	</action>
 </action_list><action_list name="创建可执行程序" level="3" descr="创建可执行程序 HarddiskVolume1\WINDOWS\Temp\Macromedia Flash 5.0 Full Downloader.exe" times="0">
	<action field="start_boot" type="File" name="WritePEFile" call_pid="2036" call_name="1.exe" call_time="18:24:40.587">
	<exInfo_list count="1">
		<exInfo value="HarddiskVolume1\WINDOWS\Temp\Macromedia Flash 5.0 Full Downloader.exe" descr="PE文件路径"/>
	</exInfo_list>
	</action>
 </action_list><action_list name="复制文件到系统目录" level="3" descr="拷贝文件 C:\vastest\1.exe 到 C:\WINDOWS\Temp\Macromedia Flash 5.0 Full Downloader.exe" times="0">
	<action field="start_boot" type="File" name="CopyFile" call_pid="2036" call_name="1.exe" call_time="18:24:40.581">
	<exInfo_list count="2">
		<exInfo value="C:\vastest\1.exe" descr="源路径"/>
		<exInfo value="C:\WINDOWS\Temp\Macromedia Flash 5.0 Full Downloader.exe" descr="目的路径"/>
	</exInfo_list>
	</action>
 </action_list><action_list name="创建可执行程序" level="3" descr="创建可执行程序 HarddiskVolume1\WINDOWS\Temp\DSL Modem Uncapper.exe" times="0">
	<action field="start_boot" type="File" name="WritePEFile" call_pid="2036" call_name="1.exe" call_time="18:24:40.731">
	<exInfo_list count="1">
		<exInfo value="HarddiskVolume1\WINDOWS\Temp\DSL Modem Uncapper.exe" descr="PE文件路径"/>
	</exInfo_list>
	</action>
 </action_list><action_list name="复制文件到系统目录" level="3" descr="拷贝文件 C:\vastest\1.exe 到 C:\WINDOWS\Temp\DSL Modem Uncapper.exe" times="0">
	<action field="start_boot" type="File" name="CopyFile" call_pid="2036" call_name="1.exe" call_time="18:24:40.724">
	<exInfo_list count="2">
		<exInfo value="C:\vastest\1.exe" descr="源路径"/>
		<exInfo value="C:\WINDOWS\Temp\DSL Modem Uncapper.exe" descr="目的路径"/>
	</exInfo_list>
	</action>
 </action_list><action_list name="创建可执行程序" level="3" descr="创建可执行程序 HarddiskVolume1\WINDOWS\Temp\Internet and Computer Speed Booster.exe" times="0">
	<action field="start_boot" type="File" name="WritePEFile" call_pid="2036" call_name="1.exe" call_time="18:24:40.873">
	<exInfo_list count="1">
		<exInfo value="HarddiskVolume1\WINDOWS\Temp\Internet and Computer Speed Booster.exe" descr="PE文件路径"/>
	</exInfo_list>
	</action>
 </action_list><action_list name="复制文件到系统目录" level="3" descr="拷贝文件 C:\vastest\1.exe 到 C:\WINDOWS\Temp\Internet and Computer Speed Booster.exe" times="0">
	<action field="start_boot" type="File" name="CopyFile" call_pid="2036" call_name="1.exe" call_time="18:24:40.865">
	<exInfo_list count="2">
		<exInfo value="C:\vastest\1.exe" descr="源路径"/>
		<exInfo value="C:\WINDOWS\Temp\Internet and Computer Speed Booster.exe" descr="目的路径"/>
	</exInfo_list>
	</action>
 </action_list><action_list name="创建可执行程序" level="3" descr="创建可执行程序 HarddiskVolume1\WINDOWS\Temp\ZoneAlarm Firewall Full Downloader.exe" times="0">
	<action field="start_boot" type="File" name="WritePEFile" call_pid="2036" call_name="1.exe" call_time="18:24:40.011">
	<exInfo_list count="1">
		<exInfo value="HarddiskVolume1\WINDOWS\Temp\ZoneAlarm Firewall Full Downloader.exe" descr="PE文件路径"/>
	</exInfo_list>
	</action>
 </action_list><action_list name="复制文件到系统目录" level="3" descr="拷贝文件 C:\vastest\1.exe 到 C:\WINDOWS\Temp\ZoneAlarm Firewall Full Downloader.exe" times="0">
	<action field="start_boot" type="File" name="CopyFile" call_pid="2036" call_name="1.exe" call_time="18:24:40.003">
	<exInfo_list count="2">
		<exInfo value="C:\vastest\1.exe" descr="源路径"/>
		<exInfo value="C:\WINDOWS\Temp\ZoneAlarm Firewall Full Downloader.exe" descr="目的路径"/>
	</exInfo_list>
	</action>
 </action_list><action_list name="创建可执行程序" level="3" descr="创建可执行程序 HarddiskVolume1\WINDOWS\Temp\Borland Delphi 6 Key Generator.exe" times="0">
	<action field="start_boot" type="File" name="WritePEFile" call_pid="2036" call_name="1.exe" call_time="18:24:40.148">
	<exInfo_list count="1">
		<exInfo value="HarddiskVolume1\WINDOWS\Temp\Borland Delphi 6 Key Generator.exe" descr="PE文件路径"/>
	</exInfo_list>
	</action>
 </action_list><action_list name="复制文件到系统目录" level="3" descr="拷贝文件 C:\vastest\1.exe 到 C:\WINDOWS\Temp\Borland Delphi 6 Key Generator.exe" times="0">
	<action field="start_boot" type="File" name="CopyFile" call_pid="2036" call_name="1.exe" call_time="18:24:40.141">
	<exInfo_list count="2">
		<exInfo value="C:\vastest\1.exe" descr="源路径"/>
		<exInfo value="C:\WINDOWS\Temp\Borland Delphi 6 Key Generator.exe" descr="目的路径"/>
	</exInfo_list>
	</action>
 </action_list><action_list name="创建可执行程序" level="3" descr="创建可执行程序 HarddiskVolume1\WINDOWS\Temp\ScaryMovie 2 Full Downloader.exe" times="0">
	<action field="start_boot" type="File" name="WritePEFile" call_pid="2036" call_name="1.exe" call_time="18:24:40.288">
	<exInfo_list count="1">
		<exInfo value="HarddiskVolume1\WINDOWS\Temp\ScaryMovie 2 Full Downloader.exe" descr="PE文件路径"/>
	</exInfo_list>
	</action>
 </action_list><action_list name="复制文件到系统目录" level="3" descr="拷贝文件 C:\vastest\1.exe 到 C:\WINDOWS\Temp\ScaryMovie 2 Full Downloader.exe" times="0">
	<action field="start_boot" type="File" name="CopyFile" call_pid="2036" call_name="1.exe" call_time="18:24:40.282">
	<exInfo_list count="2">
		<exInfo value="C:\vastest\1.exe" descr="源路径"/>
		<exInfo value="C:\WINDOWS\Temp\ScaryMovie 2 Full Downloader.exe" descr="目的路径"/>
	</exInfo_list>
	</action>
 </action_list><action_list name="创建可执行程序" level="3" descr="创建可执行程序 HarddiskVolume1\WINDOWS\Temp\StarWars2 - CloneAttack - FullDownloader.exe" times="0">
	<action field="start_boot" type="File" name="WritePEFile" call_pid="2036" call_name="1.exe" call_time="18:24:40.429">
	<exInfo_list count="1">
		<exInfo value="HarddiskVolume1\WINDOWS\Temp\StarWars2 - CloneAttack - FullDownloader.exe" descr="PE文件路径"/>
	</exInfo_list>
	</action>
 </action_list><action_list name="复制文件到系统目录" level="3" descr="拷贝文件 C:\vastest\1.exe 到 C:\WINDOWS\Temp\StarWars2 - CloneAttack - FullDownloader.exe" times="0">
	<action field="start_boot" type="File" name="CopyFile" call_pid="2036" call_name="1.exe" call_time="18:24:40.422">
	<exInfo_list count="2">
		<exInfo value="C:\vastest\1.exe" descr="源路径"/>
		<exInfo value="C:\WINDOWS\Temp\StarWars2 - CloneAttack - FullDownloader.exe" descr="目的路径"/>
	</exInfo_list>
	</action>
 </action_list><action_list name="创建可执行程序" level="3" descr="创建可执行程序 HarddiskVolume1\WINDOWS\Temp\Spiderman FullDownloader.exe" times="0">
	<action field="start_boot" type="File" name="WritePEFile" call_pid="2036" call_name="1.exe" call_time="18:24:40.568">
	<exInfo_list count="1">
		<exInfo value="HarddiskVolume1\WINDOWS\Temp\Spiderman FullDownloader.exe" descr="PE文件路径"/>
	</exInfo_list>
	</action>
 </action_list><action_list name="复制文件到系统目录" level="3" descr="拷贝文件 C:\vastest\1.exe 到 C:\WINDOWS\Temp\Spiderman FullDownloader.exe" times="0">
	<action field="start_boot" type="File" name="CopyFile" call_pid="2036" call_name="1.exe" call_time="18:24:40.562">
	<exInfo_list count="2">
		<exInfo value="C:\vastest\1.exe" descr="源路径"/>
		<exInfo value="C:\WINDOWS\Temp\Spiderman FullDownloader.exe" descr="目的路径"/>
	</exInfo_list>
	</action>
 </action_list><action_list name="创建可执行程序" level="3" descr="创建可执行程序 HarddiskVolume1\WINDOWS\Temp\Shakira FullDownloader.exe" times="0">
	<action field="start_boot" type="File" name="WritePEFile" call_pid="2036" call_name="1.exe" call_time="18:24:40.705">
	<exInfo_list count="1">
		<exInfo value="HarddiskVolume1\WINDOWS\Temp\Shakira FullDownloader.exe" descr="PE文件路径"/>
	</exInfo_list>
	</action>
 </action_list><action_list name="复制文件到系统目录" level="3" descr="拷贝文件 C:\vastest\1.exe 到 C:\WINDOWS\Temp\Shakira FullDownloader.exe" times="0">
	<action field="start_boot" type="File" name="CopyFile" call_pid="2036" call_name="1.exe" call_time="18:24:40.698">
	<exInfo_list count="2">
		<exInfo value="C:\vastest\1.exe" descr="源路径"/>
		<exInfo value="C:\WINDOWS\Temp\Shakira FullDownloader.exe" descr="目的路径"/>
	</exInfo_list>
	</action>
 </action_list><action_list name="创建可执行程序" level="3" descr="创建可执行程序 HarddiskVolume1\WINDOWS\Temp\Gladiator FullDownloader.exe" times="0">
	<action field="start_boot" type="File" name="WritePEFile" call_pid="2036" call_name="1.exe" call_time="18:24:40.841">
	<exInfo_list count="1">
		<exInfo value="HarddiskVolume1\WINDOWS\Temp\Gladiator FullDownloader.exe" descr="PE文件路径"/>
	</exInfo_list>
	</action>
 </action_list><action_list name="复制文件到系统目录" level="3" descr="拷贝文件 C:\vastest\1.exe 到 C:\WINDOWS\Temp\Gladiator FullDownloader.exe" times="0">
	<action field="start_boot" type="File" name="CopyFile" call_pid="2036" call_name="1.exe" call_time="18:24:40.835">
	<exInfo_list count="2">
		<exInfo value="C:\vastest\1.exe" descr="源路径"/>
		<exInfo value="C:\WINDOWS\Temp\Gladiator FullDownloader.exe" descr="目的路径"/>
	</exInfo_list>
	</action>
 </action_list><action_list name="创建可执行程序" level="3" descr="创建可执行程序 HarddiskVolume1\WINDOWS\Temp\AikaQuest3Hentai FullDownloader.exe" times="0">
	<action field="start_boot" type="File" name="WritePEFile" call_pid="2036" call_name="1.exe" call_time="18:24:40.979">
	<exInfo_list count="1">
		<exInfo value="HarddiskVolume1\WINDOWS\Temp\AikaQuest3Hentai FullDownloader.exe" descr="PE文件路径"/>
	</exInfo_list>
	</action>
 </action_list><action_list name="复制文件到系统目录" level="3" descr="拷贝文件 C:\vastest\1.exe 到 C:\WINDOWS\Temp\AikaQuest3Hentai FullDownloader.exe" times="0">
	<action field="start_boot" type="File" name="CopyFile" call_pid="2036" call_name="1.exe" call_time="18:24:40.971">
	<exInfo_list count="2">
		<exInfo value="C:\vastest\1.exe" descr="源路径"/>
		<exInfo value="C:\WINDOWS\Temp\AikaQuest3Hentai FullDownloader.exe" descr="目的路径"/>
	</exInfo_list>
	</action>
 </action_list><action_list name="创建可执行程序" level="3" descr="创建可执行程序 HarddiskVolume1\WINDOWS\Temp\MoviezChannelsInstaler.exe" times="0">
	<action field="start_boot" type="File" name="WritePEFile" call_pid="2036" call_name="1.exe" call_time="18:24:41.119">
	<exInfo_list count="1">
		<exInfo value="HarddiskVolume1\WINDOWS\Temp\MoviezChannelsInstaler.exe" descr="PE文件路径"/>
	</exInfo_list>
	</action>
 </action_list><action_list name="复制文件到系统目录" level="3" descr="拷贝文件 C:\vastest\1.exe 到 C:\WINDOWS\Temp\MoviezChannelsInstaler.exe" times="0">
	<action field="start_boot" type="File" name="CopyFile" call_pid="2036" call_name="1.exe" call_time="18:24:40.112">
	<exInfo_list count="2">
		<exInfo value="C:\vastest\1.exe" descr="源路径"/>
		<exInfo value="C:\WINDOWS\Temp\MoviezChannelsInstaler.exe" descr="目的路径"/>
	</exInfo_list>
	</action>
 </action_list><action_list name="创建可执行程序" level="3" descr="创建可执行程序 HarddiskVolume1\WINDOWS\Temp\Zidane-ScreenInstaler.exe" times="0">
	<action field="start_boot" type="File" name="WritePEFile" call_pid="2036" call_name="1.exe" call_time="18:24:41.257">
	<exInfo_list count="1">
		<exInfo value="HarddiskVolume1\WINDOWS\Temp\Zidane-ScreenInstaler.exe" descr="PE文件路径"/>
	</exInfo_list>
	</action>
 </action_list><action_list name="复制文件到系统目录" level="3" descr="拷贝文件 C:\vastest\1.exe 到 C:\WINDOWS\Temp\Zidane-ScreenInstaler.exe" times="0">
	<action field="start_boot" type="File" name="CopyFile" call_pid="2036" call_name="1.exe" call_time="18:24:41.251">
	<exInfo_list count="2">
		<exInfo value="C:\vastest\1.exe" descr="源路径"/>
		<exInfo value="C:\WINDOWS\Temp\Zidane-ScreenInstaler.exe" descr="目的路径"/>
	</exInfo_list>
	</action>
 </action_list><action_list name="创建可执行程序" level="3" descr="创建可执行程序 HarddiskVolume1\WINDOWS\Temp\LordOfTheRings-FullDownloader.exe" times="0">
	<action field="start_boot" type="File" name="WritePEFile" call_pid="2036" call_name="1.exe" call_time="18:24:41.395">
	<exInfo_list count="1">
		<exInfo value="HarddiskVolume1\WINDOWS\Temp\LordOfTheRings-FullDownloader.exe" descr="PE文件路径"/>
	</exInfo_list>
	</action>
 </action_list><action_list name="复制文件到系统目录" level="3" descr="拷贝文件 C:\vastest\1.exe 到 C:\WINDOWS\Temp\LordOfTheRings-FullDownloader.exe" times="0">
	<action field="start_boot" type="File" name="CopyFile" call_pid="2036" call_name="1.exe" call_time="18:24:41.389">
	<exInfo_list count="2">
		<exInfo value="C:\vastest\1.exe" descr="源路径"/>
		<exInfo value="C:\WINDOWS\Temp\LordOfTheRings-FullDownloader.exe" descr="目的路径"/>
	</exInfo_list>
	</action>
 </action_list><action_list name="创建可执行程序" level="3" descr="创建可执行程序 HarddiskVolume1\WINDOWS\Temp\SIMS FullDownloader.exe" times="0">
	<action field="start_boot" type="File" name="WritePEFile" call_pid="2036" call_name="1.exe" call_time="18:24:41.535">
	<exInfo_list count="1">
		<exInfo value="HarddiskVolume1\WINDOWS\Temp\SIMS FullDownloader.exe" descr="PE文件路径"/>
	</exInfo_list>
	</action>
 </action_list><action_list name="复制文件到系统目录" level="3" descr="拷贝文件 C:\vastest\1.exe 到 C:\WINDOWS\Temp\SIMS FullDownloader.exe" times="0">
	<action field="start_boot" type="File" name="CopyFile" call_pid="2036" call_name="1.exe" call_time="18:24:41.527">
	<exInfo_list count="2">
		<exInfo value="C:\vastest\1.exe" descr="源路径"/>
		<exInfo value="C:\WINDOWS\Temp\SIMS FullDownloader.exe" descr="目的路径"/>
	</exInfo_list>
	</action>
 </action_list><action_list name="创建可执行程序" level="3" descr="创建可执行程序 HarddiskVolume1\WINDOWS\Temp\Britney spears nude.exe" times="0">
	<action field="start_boot" type="File" name="WritePEFile" call_pid="2036" call_name="1.exe" call_time="18:24:41.673">
	<exInfo_list count="1">
		<exInfo value="HarddiskVolume1\WINDOWS\Temp\Britney spears nude.exe" descr="PE文件路径"/>
	</exInfo_list>
	</action>
 </action_list><action_list name="复制文件到系统目录" level="3" descr="拷贝文件 C:\vastest\1.exe 到 C:\WINDOWS\Temp\Britney spears nude.exe" times="0">
	<action field="start_boot" type="File" name="CopyFile" call_pid="2036" call_name="1.exe" call_time="18:24:41.665">
	<exInfo_list count="2">
		<exInfo value="C:\vastest\1.exe" descr="源路径"/>
		<exInfo value="C:\WINDOWS\Temp\Britney spears nude.exe" descr="目的路径"/>
	</exInfo_list>
	</action>
 </action_list><action_list name="创建可执行程序" level="3" descr="创建可执行程序 HarddiskVolume1\WINDOWS\Temp\Quake 4 BETA.exe" times="0">
	<action field="start_boot" type="File" name="WritePEFile" call_pid="2036" call_name="1.exe" call_time="18:24:41.811">
	<exInfo_list count="1">
		<exInfo value="HarddiskVolume1\WINDOWS\Temp\Quake 4 BETA.exe" descr="PE文件路径"/>
	</exInfo_list>
	</action>
 </action_list><action_list name="复制文件到系统目录" level="3" descr="拷贝文件 C:\vastest\1.exe 到 C:\WINDOWS\Temp\Quake 4 BETA.exe" times="0">
	<action field="start_boot" type="File" name="CopyFile" call_pid="2036" call_name="1.exe" call_time="18:24:41.804">
	<exInfo_list count="2">
		<exInfo value="C:\vastest\1.exe" descr="源路径"/>
		<exInfo value="C:\WINDOWS\Temp\Quake 4 BETA.exe" descr="目的路径"/>
	</exInfo_list>
	</action>
 </action_list><action_list name="创建可执行程序" level="3" descr="创建可执行程序 HarddiskVolume1\WINDOWS\Temp\Windows XP key generator.exe" times="0">
	<action field="start_boot" type="File" name="WritePEFile" call_pid="2036" call_name="1.exe" call_time="18:24:41.961">
	<exInfo_list count="1">
		<exInfo value="HarddiskVolume1\WINDOWS\Temp\Windows XP key generator.exe" descr="PE文件路径"/>
	</exInfo_list>
	</action>
 </action_list><action_list name="复制文件到系统目录" level="3" descr="拷贝文件 C:\vastest\1.exe 到 C:\WINDOWS\Temp\Windows XP key generator.exe" times="0">
	<action field="start_boot" type="File" name="CopyFile" call_pid="2036" call_name="1.exe" call_time="18:24:41.955">
	<exInfo_list count="2">
		<exInfo value="C:\vastest\1.exe" descr="源路径"/>
		<exInfo value="C:\WINDOWS\Temp\Windows XP key generator.exe" descr="目的路径"/>
	</exInfo_list>
	</action>
 </action_list><action_list name="创建可执行程序" level="3" descr="创建可执行程序 HarddiskVolume1\WINDOWS\Temp\Windows XP serial generator.exe" times="0">
	<action field="start_boot" type="File" name="WritePEFile" call_pid="2036" call_name="1.exe" call_time="18:24:41.107">
	<exInfo_list count="1">
		<exInfo value="HarddiskVolume1\WINDOWS\Temp\Windows XP serial generator.exe" descr="PE文件路径"/>
	</exInfo_list>
	</action>
 </action_list><action_list name="复制文件到系统目录" level="3" descr="拷贝文件 C:\vastest\1.exe 到 C:\WINDOWS\Temp\Windows XP serial generator.exe" times="0">
	<action field="start_boot" type="File" name="CopyFile" call_pid="2036" call_name="1.exe" call_time="18:24:41.101">
	<exInfo_list count="2">
		<exInfo value="C:\vastest\1.exe" descr="源路径"/>
		<exInfo value="C:\WINDOWS\Temp\Windows XP serial generator.exe" descr="目的路径"/>
	</exInfo_list>
	</action>
 </action_list><action_list name="创建可执行程序" level="3" descr="创建可执行程序 HarddiskVolume1\WINDOWS\Temp\Xbox.info.exe" times="0">
	<action field="start_boot" type="File" name="WritePEFile" call_pid="2036" call_name="1.exe" call_time="18:24:41.246">
	<exInfo_list count="1">
		<exInfo value="HarddiskVolume1\WINDOWS\Temp\Xbox.info.exe" descr="PE文件路径"/>
	</exInfo_list>
	</action>
 </action_list><action_list name="复制文件到系统目录" level="3" descr="拷贝文件 C:\vastest\1.exe 到 C:\WINDOWS\Temp\Xbox.info.exe" times="0">
	<action field="start_boot" type="File" name="CopyFile" call_pid="2036" call_name="1.exe" call_time="18:24:41.239">
	<exInfo_list count="2">
		<exInfo value="C:\vastest\1.exe" descr="源路径"/>
		<exInfo value="C:\WINDOWS\Temp\Xbox.info.exe" descr="目的路径"/>
	</exInfo_list>
	</action>
 </action_list><action_list name="创建可执行程序" level="3" descr="创建可执行程序 HarddiskVolume1\WINDOWS\Temp\DivX.exe" times="0">
	<action field="start_boot" type="File" name="WritePEFile" call_pid="2036" call_name="1.exe" call_time="18:24:41.384">
	<exInfo_list count="1">
		<exInfo value="HarddiskVolume1\WINDOWS\Temp\DivX.exe" descr="PE文件路径"/>
	</exInfo_list>
	</action>
 </action_list><action_list name="复制文件到系统目录" level="3" descr="拷贝文件 C:\vastest\1.exe 到 C:\WINDOWS\Temp\DivX.exe" times="0">
	<action field="start_boot" type="File" name="CopyFile" call_pid="2036" call_name="1.exe" call_time="18:24:41.377">
	<exInfo_list count="2">
		<exInfo value="C:\vastest\1.exe" descr="源路径"/>
		<exInfo value="C:\WINDOWS\Temp\DivX.exe" descr="目的路径"/>
	</exInfo_list>
	</action>
 </action_list><action_list name="创建可执行程序" level="3" descr="创建可执行程序 HarddiskVolume1\WINDOWS\Temp\GTA3 crack.exe" times="0">
	<action field="start_boot" type="File" name="WritePEFile" call_pid="2036" call_name="1.exe" call_time="18:24:41.526">
	<exInfo_list count="1">
		<exInfo value="HarddiskVolume1\WINDOWS\Temp\GTA3 crack.exe" descr="PE文件路径"/>
	</exInfo_list>
	</action>
 </action_list><action_list name="复制文件到系统目录" level="3" descr="拷贝文件 C:\vastest\1.exe 到 C:\WINDOWS\Temp\GTA3 crack.exe" times="0">
	<action field="start_boot" type="File" name="CopyFile" call_pid="2036" call_name="1.exe" call_time="18:24:41.520">
	<exInfo_list count="2">
		<exInfo value="C:\vastest\1.exe" descr="源路径"/>
		<exInfo value="C:\WINDOWS\Temp\GTA3 crack.exe" descr="目的路径"/>
	</exInfo_list>
	</action>
 </action_list><action_list name="创建可执行程序" level="3" descr="创建可执行程序 HarddiskVolume1\WINDOWS\Temp\Battle.net key generator (WORKS!!).exe" times="0">
	<action field="start_boot" type="File" name="WritePEFile" call_pid="2036" call_name="1.exe" call_time="18:24:41.668">
	<exInfo_list count="1">
		<exInfo value="HarddiskVolume1\WINDOWS\Temp\Battle.net key generator (WORKS!!).exe" descr="PE文件路径"/>
	</exInfo_list>
	</action>
 </action_list><action_list name="复制文件到系统目录" level="3" descr="拷贝文件 C:\vastest\1.exe 到 C:\WINDOWS\Temp\Battle.net key generator (WORKS!!).exe" times="0">
	<action field="start_boot" type="File" name="CopyFile" call_pid="2036" call_name="1.exe" call_time="18:24:41.661">
	<exInfo_list count="2">
		<exInfo value="C:\vastest\1.exe" descr="源路径"/>
		<exInfo value="C:\WINDOWS\Temp\Battle.net key generator (WORKS!!).exe" descr="目的路径"/>
	</exInfo_list>
	</action>
 </action_list><action_list name="创建可执行程序" level="3" descr="创建可执行程序 HarddiskVolume1\WINDOWS\Temp\Warcraft 3 battle.net serial generator.exe" times="0">
	<action field="start_boot" type="File" name="WritePEFile" call_pid="2036" call_name="1.exe" call_time="18:24:41.804">
	<exInfo_list count="1">
		<exInfo value="HarddiskVolume1\WINDOWS\Temp\Warcraft 3 battle.net serial generator.exe" descr="PE文件路径"/>
	</exInfo_list>
	</action>
 </action_list><action_list name="复制文件到系统目录" level="3" descr="拷贝文件 C:\vastest\1.exe 到 C:\WINDOWS\Temp\Warcraft 3 battle.net serial generator.exe" times="0">
	<action field="start_boot" type="File" name="CopyFile" call_pid="2036" call_name="1.exe" call_time="18:24:41.798">
	<exInfo_list count="2">
		<exInfo value="C:\vastest\1.exe" descr="源路径"/>
		<exInfo value="C:\WINDOWS\Temp\Warcraft 3 battle.net serial generator.exe" descr="目的路径"/>
	</exInfo_list>
	</action>
 </action_list><action_list name="创建可执行程序" level="3" descr="创建可执行程序 HarddiskVolume1\WINDOWS\Temp\Half-life WON key generator.exe" times="0">
	<action field="start_boot" type="File" name="WritePEFile" call_pid="2036" call_name="1.exe" call_time="18:24:41.942">
	<exInfo_list count="1">
		<exInfo value="HarddiskVolume1\WINDOWS\Temp\Half-life WON key generator.exe" descr="PE文件路径"/>
	</exInfo_list>
	</action>
 </action_list><action_list name="复制文件到系统目录" level="3" descr="拷贝文件 C:\vastest\1.exe 到 C:\WINDOWS\Temp\Half-life WON key generator.exe" times="0">
	<action field="start_boot" type="File" name="CopyFile" call_pid="2036" call_name="1.exe" call_time="18:24:41.935">
	<exInfo_list count="2">
		<exInfo value="C:\vastest\1.exe" descr="源路径"/>
		<exInfo value="C:\WINDOWS\Temp\Half-life WON key generator.exe" descr="目的路径"/>
	</exInfo_list>
	</action>
 </action_list><action_list name="创建可执行程序" level="3" descr="创建可执行程序 HarddiskVolume1\WINDOWS\Temp\Star wars episode 2 downloader.exe" times="0">
	<action field="start_boot" type="File" name="WritePEFile" call_pid="2036" call_name="1.exe" call_time="18:24:41.080">
	<exInfo_list count="1">
		<exInfo value="HarddiskVolume1\WINDOWS\Temp\Star wars episode 2 downloader.exe" descr="PE文件路径"/>
	</exInfo_list>
	</action>
 </action_list><action_list name="复制文件到系统目录" level="3" descr="拷贝文件 C:\vastest\1.exe 到 C:\WINDOWS\Temp\Star wars episode 2 downloader.exe" times="0">
	<action field="start_boot" type="File" name="CopyFile" call_pid="2036" call_name="1.exe" call_time="18:24:41.073">
	<exInfo_list count="2">
		<exInfo value="C:\vastest\1.exe" descr="源路径"/>
		<exInfo value="C:\WINDOWS\Temp\Star wars episode 2 downloader.exe" descr="目的路径"/>
	</exInfo_list>
	</action>
 </action_list><action_list name="创建可执行程序" level="3" descr="创建可执行程序 HarddiskVolume1\WINDOWS\Temp\Winzip 8.0 + serial.exe" times="0">
	<action field="start_boot" type="File" name="WritePEFile" call_pid="2036" call_name="1.exe" call_time="18:24:41.219">
	<exInfo_list count="1">
		<exInfo value="HarddiskVolume1\WINDOWS\Temp\Winzip 8.0 + serial.exe" descr="PE文件路径"/>
	</exInfo_list>
	</action>
 </action_list><action_list name="复制文件到系统目录" level="3" descr="拷贝文件 C:\vastest\1.exe 到 C:\WINDOWS\Temp\Winzip 8.0 + serial.exe" times="0">
	<action field="start_boot" type="File" name="CopyFile" call_pid="2036" call_name="1.exe" call_time="18:24:41.211">
	<exInfo_list count="2">
		<exInfo value="C:\vastest\1.exe" descr="源路径"/>
		<exInfo value="C:\WINDOWS\Temp\Winzip 8.0 + serial.exe" descr="目的路径"/>
	</exInfo_list>
	</action>
 </action_list><action_list name="创建可执行程序" level="3" descr="创建可执行程序 HarddiskVolume1\WINDOWS\Temp\Winrar + crack.exe" times="0">
	<action field="start_boot" type="File" name="WritePEFile" call_pid="2036" call_name="1.exe" call_time="18:24:41.358">
	<exInfo_list count="1">
		<exInfo value="HarddiskVolume1\WINDOWS\Temp\Winrar + crack.exe" descr="PE文件路径"/>
	</exInfo_list>
	</action>
 </action_list><action_list name="复制文件到系统目录" level="3" descr="拷贝文件 C:\vastest\1.exe 到 C:\WINDOWS\Temp\Winrar + crack.exe" times="0">
	<action field="start_boot" type="File" name="CopyFile" call_pid="2036" call_name="1.exe" call_time="18:24:41.352">
	<exInfo_list count="2">
		<exInfo value="C:\vastest\1.exe" descr="源路径"/>
		<exInfo value="C:\WINDOWS\Temp\Winrar + crack.exe" descr="目的路径"/>
	</exInfo_list>
	</action>
 </action_list><action_list name="创建可执行程序" level="3" descr="创建可执行程序 HarddiskVolume1\WINDOWS\Temp\Key generator for all windows XP versions.exe" times="0">
	<action field="start_boot" type="File" name="WritePEFile" call_pid="2036" call_name="1.exe" call_time="18:24:41.500">
	<exInfo_list count="1">
		<exInfo value="HarddiskVolume1\WINDOWS\Temp\Key generator for all windows XP versions.exe" descr="PE文件路径"/>
	</exInfo_list>
	</action>
 </action_list><action_list name="复制文件到系统目录" level="3" descr="拷贝文件 C:\vastest\1.exe 到 C:\WINDOWS\Temp\Key generator for all windows XP versions.exe" times="0">
	<action field="start_boot" type="File" name="CopyFile" call_pid="2036" call_name="1.exe" call_time="18:24:41.494">
	<exInfo_list count="2">
		<exInfo value="C:\vastest\1.exe" descr="源路径"/>
		<exInfo value="C:\WINDOWS\Temp\Key generator for all windows XP versions.exe" descr="目的路径"/>
	</exInfo_list>
	</action>
 </action_list><action_list name="创建可执行程序" level="3" descr="创建可执行程序 HarddiskVolume1\WINDOWS\Temp\Warcraft 3 ONLINE key generator.exe" times="0">
	<action field="start_boot" type="File" name="WritePEFile" call_pid="2036" call_name="1.exe" call_time="18:24:41.637">
	<exInfo_list count="1">
		<exInfo value="HarddiskVolume1\WINDOWS\Temp\Warcraft 3 ONLINE key generator.exe" descr="PE文件路径"/>
	</exInfo_list>
	</action>
 </action_list><action_list name="复制文件到系统目录" level="3" descr="拷贝文件 C:\vastest\1.exe 到 C:\WINDOWS\Temp\Warcraft 3 ONLINE key generator.exe" times="0">
	<action field="start_boot" type="File" name="CopyFile" call_pid="2036" call_name="1.exe" call_time="18:24:41.631">
	<exInfo_list count="2">
		<exInfo value="C:\vastest\1.exe" descr="源路径"/>
		<exInfo value="C:\WINDOWS\Temp\Warcraft 3 ONLINE key generator.exe" descr="目的路径"/>
	</exInfo_list>
	</action>
 </action_list><action_list name="创建可执行程序" level="3" descr="创建可执行程序 HarddiskVolume1\WINDOWS\Temp\Half-life ONLINE key generator.exe" times="0">
	<action field="start_boot" type="File" name="WritePEFile" call_pid="2036" call_name="1.exe" call_time="18:24:41.780">
	<exInfo_list count="1">
		<exInfo value="HarddiskVolume1\WINDOWS\Temp\Half-life ONLINE key generator.exe" descr="PE文件路径"/>
	</exInfo_list>
	</action>
 </action_list><action_list name="复制文件到系统目录" level="3" descr="拷贝文件 C:\vastest\1.exe 到 C:\WINDOWS\Temp\Half-life ONLINE key generator.exe" times="0">
	<action field="start_boot" type="File" name="CopyFile" call_pid="2036" call_name="1.exe" call_time="18:24:41.773">
	<exInfo_list count="2">
		<exInfo value="C:\vastest\1.exe" descr="源路径"/>
		<exInfo value="C:\WINDOWS\Temp\Half-life ONLINE key generator.exe" descr="目的路径"/>
	</exInfo_list>
	</action>
 </action_list><action_list name="创建可执行程序" level="3" descr="创建可执行程序 HarddiskVolume1\WINDOWS\Temp\Grand theft auto 3 CD1 crack.exe" times="0">
	<action field="start_boot" type="File" name="WritePEFile" call_pid="2036" call_name="1.exe" call_time="18:24:41.920">
	<exInfo_list count="1">
		<exInfo value="HarddiskVolume1\WINDOWS\Temp\Grand theft auto 3 CD1 crack.exe" descr="PE文件路径"/>
	</exInfo_list>
	</action>
 </action_list><action_list name="复制文件到系统目录" level="3" descr="拷贝文件 C:\vastest\1.exe 到 C:\WINDOWS\Temp\Grand theft auto 3 CD1 crack.exe" times="0">
	<action field="start_boot" type="File" name="CopyFile" call_pid="2036" call_name="1.exe" call_time="18:24:41.914">
	<exInfo_list count="2">
		<exInfo value="C:\vastest\1.exe" descr="源路径"/>
		<exInfo value="C:\WINDOWS\Temp\Grand theft auto 3 CD1 crack.exe" descr="目的路径"/>
	</exInfo_list>
	</action>
 </action_list><action_list name="创建可执行程序" level="3" descr="创建可执行程序 HarddiskVolume1\WINDOWS\Temp\Macromedia key generator (all products).exe" times="0">
	<action field="start_boot" type="File" name="WritePEFile" call_pid="2036" call_name="1.exe" call_time="18:24:41.058">
	<exInfo_list count="1">
		<exInfo value="HarddiskVolume1\WINDOWS\Temp\Macromedia key generator (all products).exe" descr="PE文件路径"/>
	</exInfo_list>
	</action>
 </action_list><action_list name="复制文件到系统目录" level="3" descr="拷贝文件 C:\vastest\1.exe 到 C:\WINDOWS\Temp\Macromedia key generator (all products).exe" times="0">
	<action field="start_boot" type="File" name="CopyFile" call_pid="2036" call_name="1.exe" call_time="18:24:41.052">
	<exInfo_list count="2">
		<exInfo value="C:\vastest\1.exe" descr="源路径"/>
		<exInfo value="C:\WINDOWS\Temp\Macromedia key generator (all products).exe" descr="目的路径"/>
	</exInfo_list>
	</action>
 </action_list><action_list name="创建可执行程序" level="3" descr="创建可执行程序 HarddiskVolume1\WINDOWS\Temp\KaZaA media desktop v2.0 UNOFFICIAL.exe" times="0">
	<action field="start_boot" type="File" name="WritePEFile" call_pid="2036" call_name="1.exe" call_time="18:24:41.194">
	<exInfo_list count="1">
		<exInfo value="HarddiskVolume1\WINDOWS\Temp\KaZaA media desktop v2.0 UNOFFICIAL.exe" descr="PE文件路径"/>
	</exInfo_list>
	</action>
 </action_list><action_list name="复制文件到系统目录" level="3" descr="拷贝文件 C:\vastest\1.exe 到 C:\WINDOWS\Temp\KaZaA media desktop v2.0 UNOFFICIAL.exe" times="0">
	<action field="start_boot" type="File" name="CopyFile" call_pid="2036" call_name="1.exe" call_time="18:24:41.188">
	<exInfo_list count="2">
		<exInfo value="C:\vastest\1.exe" descr="源路径"/>
		<exInfo value="C:\WINDOWS\Temp\KaZaA media desktop v2.0 UNOFFICIAL.exe" descr="目的路径"/>
	</exInfo_list>
	</action>
 </action_list><action_list name="创建可执行程序" level="3" descr="创建可执行程序 HarddiskVolume1\WINDOWS\Temp\Microsoft key generator, works for ALL microsoft products!!.exe" times="0">
	<action field="start_boot" type="File" name="WritePEFile" call_pid="2036" call_name="1.exe" call_time="18:24:41.333">
	<exInfo_list count="1">
		<exInfo value="HarddiskVolume1\WINDOWS\Temp\Microsoft key generator, works for ALL microsoft products!!.exe" descr="PE文件路径"/>
	</exInfo_list>
	</action>
 </action_list><action_list name="复制文件到系统目录" level="3" descr="拷贝文件 C:\vastest\1.exe 到 C:\WINDOWS\Temp\Microsoft key generator, works for ALL microsoft products!!.exe" times="0">
	<action field="start_boot" type="File" name="CopyFile" call_pid="2036" call_name="1.exe" call_time="18:24:41.326">
	<exInfo_list count="2">
		<exInfo value="C:\vastest\1.exe" descr="源路径"/>
		<exInfo value="C:\WINDOWS\Temp\Microsoft key generator, works for ALL microsoft products!!.exe" descr="目的路径"/>
	</exInfo_list>
	</action>
 </action_list><action_list name="创建可执行程序" level="3" descr="创建可执行程序 HarddiskVolume1\WINDOWS\Temp\Microsoft Windows XP crack pack.exe" times="0">
	<action field="start_boot" type="File" name="WritePEFile" call_pid="2036" call_name="1.exe" call_time="18:24:41.473">
	<exInfo_list count="1">
		<exInfo value="HarddiskVolume1\WINDOWS\Temp\Microsoft Windows XP crack pack.exe" descr="PE文件路径"/>
	</exInfo_list>
	</action>
 </action_list><action_list name="复制文件到系统目录" level="3" descr="拷贝文件 C:\vastest\1.exe 到 C:\WINDOWS\Temp\Microsoft Windows XP crack pack.exe" times="0">
	<action field="start_boot" type="File" name="CopyFile" call_pid="2036" call_name="1.exe" call_time="18:24:41.467">
	<exInfo_list count="2">
		<exInfo value="C:\vastest\1.exe" descr="源路径"/>
		<exInfo value="C:\WINDOWS\Temp\Microsoft Windows XP crack pack.exe" descr="目的路径"/>
	</exInfo_list>
	</action>
 </action_list><action_list name="创建可执行程序" level="3" descr="创建可执行程序 HarddiskVolume1\WINDOWS\Temp\Hack into any computer!!.exe" times="0">
	<action field="start_boot" type="File" name="WritePEFile" call_pid="2036" call_name="1.exe" call_time="18:24:41.626">
	<exInfo_list count="1">
		<exInfo value="HarddiskVolume1\WINDOWS\Temp\Hack into any computer!!.exe" descr="PE文件路径"/>
	</exInfo_list>
	</action>
 </action_list><action_list name="复制文件到系统目录" level="3" descr="拷贝文件 C:\vastest\1.exe 到 C:\WINDOWS\Temp\Hack into any computer!!.exe" times="0">
	<action field="start_boot" type="File" name="CopyFile" call_pid="2036" call_name="1.exe" call_time="18:24:41.620">
	<exInfo_list count="2">
		<exInfo value="C:\vastest\1.exe" descr="源路径"/>
		<exInfo value="C:\WINDOWS\Temp\Hack into any computer!!.exe" descr="目的路径"/>
	</exInfo_list>
	</action>
 </action_list><action_list name="创建可执行程序" level="3" descr="创建可执行程序 HarddiskVolume1\WINDOWS\Temp\Star Wars Episode 2 - Attack Of The Clones Full Downloader.exe" times="0">
	<action field="start_boot" type="File" name="WritePEFile" call_pid="2036" call_name="1.exe" call_time="18:24:41.783">
	<exInfo_list count="1">
		<exInfo value="HarddiskVolume1\WINDOWS\Temp\Star Wars Episode 2 - Attack Of The Clones Full Downloader.exe" descr="PE文件路径"/>
	</exInfo_list>
	</action>
 </action_list><action_list name="创建可执行程序" level="3" descr="创建可执行程序 HarddiskVolume1\WINDOWS\Temp\Jenna Jameson - Built For Speed Downloader.exe" times="0">
	<action field="start_boot" type="File" name="WritePEFile" call_pid="2036" call_name="1.exe" call_time="18:24:41.920">
	<exInfo_list count="1">
		<exInfo value="HarddiskVolume1\WINDOWS\Temp\Jenna Jameson - Built For Speed Downloader.exe" descr="PE文件路径"/>
	</exInfo_list>
	</action>
 </action_list><action_list name="创建可执行程序" level="3" descr="创建可执行程序 HarddiskVolume1\WINDOWS\Temp\[DiVX] Lord of The Rings Full Downloader.exe" times="0">
	<action field="start_boot" type="File" name="WritePEFile" call_pid="2036" call_name="1.exe" call_time="18:24:41.056">
	<exInfo_list count="1">
		<exInfo value="HarddiskVolume1\WINDOWS\Temp\[DiVX] Lord of The Rings Full Downloader.exe" descr="PE文件路径"/>
	</exInfo_list>
	</action>
 </action_list><action_list name="创建可执行程序" level="3" descr="创建可执行程序 HarddiskVolume1\WINDOWS\Temp\[DiVX] Harry Potter And The Sorcerors Stone Full Downloader.exe" times="0">
	<action field="start_boot" type="File" name="WritePEFile" call_pid="2036" call_name="1.exe" call_time="18:24:41.187">
	<exInfo_list count="1">
		<exInfo value="HarddiskVolume1\WINDOWS\Temp\[DiVX] Harry Potter And The Sorcerors Stone Full Downloader.exe" descr="PE文件路径"/>
	</exInfo_list>
	</action>
 </action_list><action_list name="创建可执行程序" level="3" descr="创建可执行程序 HarddiskVolume1\WINDOWS\Temp\CKY3 - Bam Margera World Industries Alien Workshop Full Downloader.exe" times="0">
	<action field="start_boot" type="File" name="WritePEFile" call_pid="2036" call_name="1.exe" call_time="18:24:41.322">
	<exInfo_list count="1">
		<exInfo value="HarddiskVolume1\WINDOWS\Temp\CKY3 - Bam Margera World Industries Alien Workshop Full Downloader.exe" descr="PE文件路径"/>
	</exInfo_list>
	</action>
 </action_list><action_list name="创建可执行程序" level="3" descr="创建可执行程序 HarddiskVolume1\WINDOWS\Temp\Cat Attacks Child Full Downloader.exe" times="0">
	<action field="start_boot" type="File" name="WritePEFile" call_pid="2036" call_name="1.exe" call_time="18:24:41.453">
	<exInfo_list count="1">
		<exInfo value="HarddiskVolume1\WINDOWS\Temp\Cat Attacks Child Full Downloader.exe" descr="PE文件路径"/>
	</exInfo_list>
	</action>
 </action_list><action_list name="创建可执行程序" level="3" descr="创建可执行程序 HarddiskVolume1\WINDOWS\Temp\PS1 Boot Disc Full Dwonloader.exe" times="0">
	<action field="start_boot" type="File" name="WritePEFile" call_pid="2036" call_name="1.exe" call_time="18:24:41.584">
	<exInfo_list count="1">
		<exInfo value="HarddiskVolume1\WINDOWS\Temp\PS1 Boot Disc Full Dwonloader.exe" descr="PE文件路径"/>
	</exInfo_list>
	</action>
 </action_list><action_list name="创建可执行程序" level="3" descr="创建可执行程序 HarddiskVolume1\WINDOWS\Temp\Sony Play station boot disc - Downloader.exe" times="0">
	<action field="start_boot" type="File" name="WritePEFile" call_pid="2036" call_name="1.exe" call_time="18:24:41.715">
	<exInfo_list count="1">
		<exInfo value="HarddiskVolume1\WINDOWS\Temp\Sony Play station boot disc - Downloader.exe" descr="PE文件路径"/>
	</exInfo_list>
	</action>
 </action_list><action_list name="创建可执行程序" level="3" descr="创建可执行程序 HarddiskVolume1\WINDOWS\Temp\How To Hack Websites.exe" times="0">
	<action field="start_boot" type="File" name="WritePEFile" call_pid="2036" call_name="1.exe" call_time="18:24:41.844">
	<exInfo_list count="1">
		<exInfo value="HarddiskVolume1\WINDOWS\Temp\How To Hack Websites.exe" descr="PE文件路径"/>
	</exInfo_list>
	</action>
 </action_list><action_list name="创建可执行程序" level="3" descr="创建可执行程序 HarddiskVolume1\WINDOWS\Temp\AIM Account Stealer Downloader.exe" times="0">
	<action field="start_boot" type="File" name="WritePEFile" call_pid="2036" call_name="1.exe" call_time="18:24:41.974">
	<exInfo_list count="1">
		<exInfo value="HarddiskVolume1\WINDOWS\Temp\AIM Account Stealer Downloader.exe" descr="PE文件路径"/>
	</exInfo_list>
	</action>
 </action_list><action_list name="创建可执行程序" level="3" descr="创建可执行程序 HarddiskVolume1\WINDOWS\Temp\MSN Password Hacker and Stealer.exe" times="0">
	<action field="start_boot" type="File" name="WritePEFile" call_pid="2036" call_name="1.exe" call_time="18:24:41.105">
	<exInfo_list count="1">
		<exInfo value="HarddiskVolume1\WINDOWS\Temp\MSN Password Hacker and Stealer.exe" descr="PE文件路径"/>
	</exInfo_list>
	</action>
 </action_list><action_list name="创建可执行程序" level="3" descr="创建可执行程序 HarddiskVolume1\WINDOWS\Temp\Hacking Tool Collection.exe" times="0">
	<action field="start_boot" type="File" name="WritePEFile" call_pid="2036" call_name="1.exe" call_time="18:24:41.251">
	<exInfo_list count="1">
		<exInfo value="HarddiskVolume1\WINDOWS\Temp\Hacking Tool Collection.exe" descr="PE文件路径"/>
	</exInfo_list>
	</action>
 </action_list><action_list name="创建可执行程序" level="3" descr="创建可执行程序 HarddiskVolume1\WINDOWS\Temp\Windows XP Full Downloader.exe" times="0">
	<action field="start_boot" type="File" name="WritePEFile" call_pid="2036" call_name="1.exe" call_time="18:24:41.381">
	<exInfo_list count="1">
		<exInfo value="HarddiskVolume1\WINDOWS\Temp\Windows XP Full Downloader.exe" descr="PE文件路径"/>
	</exInfo_list>
	</action>
 </action_list><action_list name="创建可执行程序" level="3" descr="创建可执行程序 HarddiskVolume1\WINDOWS\Temp\Macromedia Flash 5.0 Full Downloader.exe" times="0">
	<action field="start_boot" type="File" name="WritePEFile" call_pid="2036" call_name="1.exe" call_time="18:24:41.525">
	<exInfo_list count="1">
		<exInfo value="HarddiskVolume1\WINDOWS\Temp\Macromedia Flash 5.0 Full Downloader.exe" descr="PE文件路径"/>
	</exInfo_list>
	</action>
 </action_list><action_list name="创建可执行程序" level="3" descr="创建可执行程序 HarddiskVolume1\WINDOWS\Temp\DSL Modem Uncapper.exe" times="0">
	<action field="start_boot" type="File" name="WritePEFile" call_pid="2036" call_name="1.exe" call_time="18:24:41.654">
	<exInfo_list count="1">
		<exInfo value="HarddiskVolume1\WINDOWS\Temp\DSL Modem Uncapper.exe" descr="PE文件路径"/>
	</exInfo_list>
	</action>
 </action_list><action_list name="创建可执行程序" level="3" descr="创建可执行程序 HarddiskVolume1\WINDOWS\Temp\Internet and Computer Speed Booster.exe" times="0">
	<action field="start_boot" type="File" name="WritePEFile" call_pid="2036" call_name="1.exe" call_time="18:24:41.783">
	<exInfo_list count="1">
		<exInfo value="HarddiskVolume1\WINDOWS\Temp\Internet and Computer Speed Booster.exe" descr="PE文件路径"/>
	</exInfo_list>
	</action>
 </action_list><action_list name="创建可执行程序" level="3" descr="创建可执行程序 HarddiskVolume1\WINDOWS\Temp\ZoneAlarm Firewall Full Downloader.exe" times="0">
	<action field="start_boot" type="File" name="WritePEFile" call_pid="2036" call_name="1.exe" call_time="18:24:41.912">
	<exInfo_list count="1">
		<exInfo value="HarddiskVolume1\WINDOWS\Temp\ZoneAlarm Firewall Full Downloader.exe" descr="PE文件路径"/>
	</exInfo_list>
	</action>
 </action_list><action_list name="创建可执行程序" level="3" descr="创建可执行程序 HarddiskVolume1\WINDOWS\Temp\Borland Delphi 6 Key Generator.exe" times="0">
	<action field="start_boot" type="File" name="WritePEFile" call_pid="2036" call_name="1.exe" call_time="18:24:41.058">
	<exInfo_list count="1">
		<exInfo value="HarddiskVolume1\WINDOWS\Temp\Borland Delphi 6 Key Generator.exe" descr="PE文件路径"/>
	</exInfo_list>
	</action>
 </action_list><action_list name="创建可执行程序" level="3" descr="创建可执行程序 HarddiskVolume1\WINDOWS\Temp\ScaryMovie 2 Full Downloader.exe" times="0">
	<action field="start_boot" type="File" name="WritePEFile" call_pid="2036" call_name="1.exe" call_time="18:24:41.189">
	<exInfo_list count="1">
		<exInfo value="HarddiskVolume1\WINDOWS\Temp\ScaryMovie 2 Full Downloader.exe" descr="PE文件路径"/>
	</exInfo_list>
	</action>
 </action_list><action_list name="创建可执行程序" level="3" descr="创建可执行程序 HarddiskVolume1\WINDOWS\Temp\StarWars2 - CloneAttack - FullDownloader.exe" times="0">
	<action field="start_boot" type="File" name="WritePEFile" call_pid="2036" call_name="1.exe" call_time="18:24:41.318">
	<exInfo_list count="1">
		<exInfo value="HarddiskVolume1\WINDOWS\Temp\StarWars2 - CloneAttack - FullDownloader.exe" descr="PE文件路径"/>
	</exInfo_list>
	</action>
 </action_list><action_list name="创建可执行程序" level="3" descr="创建可执行程序 HarddiskVolume1\WINDOWS\Temp\Spiderman FullDownloader.exe" times="0">
	<action field="start_boot" type="File" name="WritePEFile" call_pid="2036" call_name="1.exe" call_time="18:24:41.449">
	<exInfo_list count="1">
		<exInfo value="HarddiskVolume1\WINDOWS\Temp\Spiderman FullDownloader.exe" descr="PE文件路径"/>
	</exInfo_list>
	</action>
 </action_list><action_list name="创建可执行程序" level="3" descr="创建可执行程序 HarddiskVolume1\WINDOWS\Temp\Shakira FullDownloader.exe" times="0">
	<action field="start_boot" type="File" name="WritePEFile" call_pid="2036" call_name="1.exe" call_time="18:24:41.579">
	<exInfo_list count="1">
		<exInfo value="HarddiskVolume1\WINDOWS\Temp\Shakira FullDownloader.exe" descr="PE文件路径"/>
	</exInfo_list>
	</action>
 </action_list><action_list name="创建可执行程序" level="3" descr="创建可执行程序 HarddiskVolume1\WINDOWS\Temp\Gladiator FullDownloader.exe" times="0">
	<action field="start_boot" type="File" name="WritePEFile" call_pid="2036" call_name="1.exe" call_time="18:24:41.708">
	<exInfo_list count="1">
		<exInfo value="HarddiskVolume1\WINDOWS\Temp\Gladiator FullDownloader.exe" descr="PE文件路径"/>
	</exInfo_list>
	</action>
 </action_list><action_list name="创建可执行程序" level="3" descr="创建可执行程序 HarddiskVolume1\WINDOWS\Temp\AikaQuest3Hentai FullDownloader.exe" times="0">
	<action field="start_boot" type="File" name="WritePEFile" call_pid="2036" call_name="1.exe" call_time="18:24:41.838">
	<exInfo_list count="1">
		<exInfo value="HarddiskVolume1\WINDOWS\Temp\AikaQuest3Hentai FullDownloader.exe" descr="PE文件路径"/>
	</exInfo_list>
	</action>
 </action_list><action_list name="创建可执行程序" level="3" descr="创建可执行程序 HarddiskVolume1\WINDOWS\Temp\MoviezChannelsInstaler.exe" times="0">
	<action field="start_boot" type="File" name="WritePEFile" call_pid="2036" call_name="1.exe" call_time="18:24:41.973">
	<exInfo_list count="1">
		<exInfo value="HarddiskVolume1\WINDOWS\Temp\MoviezChannelsInstaler.exe" descr="PE文件路径"/>
	</exInfo_list>
	</action>
 </action_list><action_list name="创建可执行程序" level="3" descr="创建可执行程序 HarddiskVolume1\WINDOWS\Temp\Zidane-ScreenInstaler.exe" times="0">
	<action field="start_boot" type="File" name="WritePEFile" call_pid="2036" call_name="1.exe" call_time="18:24:41.102">
	<exInfo_list count="1">
		<exInfo value="HarddiskVolume1\WINDOWS\Temp\Zidane-ScreenInstaler.exe" descr="PE文件路径"/>
	</exInfo_list>
	</action>
 </action_list><action_list name="创建可执行程序" level="3" descr="创建可执行程序 HarddiskVolume1\WINDOWS\Temp\LordOfTheRings-FullDownloader.exe" times="0">
	<action field="start_boot" type="File" name="WritePEFile" call_pid="2036" call_name="1.exe" call_time="18:24:41.232">
	<exInfo_list count="1">
		<exInfo value="HarddiskVolume1\WINDOWS\Temp\LordOfTheRings-FullDownloader.exe" descr="PE文件路径"/>
	</exInfo_list>
	</action>
 </action_list><action_list name="创建可执行程序" level="3" descr="创建可执行程序 HarddiskVolume1\WINDOWS\Temp\SIMS FullDownloader.exe" times="0">
	<action field="start_boot" type="File" name="WritePEFile" call_pid="2036" call_name="1.exe" call_time="18:24:41.362">
	<exInfo_list count="1">
		<exInfo value="HarddiskVolume1\WINDOWS\Temp\SIMS FullDownloader.exe" descr="PE文件路径"/>
	</exInfo_list>
	</action>
 </action_list><action_list name="创建可执行程序" level="3" descr="创建可执行程序 HarddiskVolume1\WINDOWS\Temp\Britney spears nude.exe" times="0">
	<action field="start_boot" type="File" name="WritePEFile" call_pid="2036" call_name="1.exe" call_time="18:24:41.491">
	<exInfo_list count="1">
		<exInfo value="HarddiskVolume1\WINDOWS\Temp\Britney spears nude.exe" descr="PE文件路径"/>
	</exInfo_list>
	</action>
 </action_list><action_list name="创建可执行程序" level="3" descr="创建可执行程序 HarddiskVolume1\WINDOWS\Temp\Quake 4 BETA.exe" times="0">
	<action field="start_boot" type="File" name="WritePEFile" call_pid="2036" call_name="1.exe" call_time="18:24:41.620">
	<exInfo_list count="1">
		<exInfo value="HarddiskVolume1\WINDOWS\Temp\Quake 4 BETA.exe" descr="PE文件路径"/>
	</exInfo_list>
	</action>
 </action_list><action_list name="创建可执行程序" level="3" descr="创建可执行程序 HarddiskVolume1\WINDOWS\Temp\Windows XP key generator.exe" times="0">
	<action field="start_boot" type="File" name="WritePEFile" call_pid="2036" call_name="1.exe" call_time="18:24:41.749">
	<exInfo_list count="1">
		<exInfo value="HarddiskVolume1\WINDOWS\Temp\Windows XP key generator.exe" descr="PE文件路径"/>
	</exInfo_list>
	</action>
 </action_list><action_list name="创建可执行程序" level="3" descr="创建可执行程序 HarddiskVolume1\WINDOWS\Temp\Windows XP serial generator.exe" times="0">
	<action field="start_boot" type="File" name="WritePEFile" call_pid="2036" call_name="1.exe" call_time="18:24:41.878">
	<exInfo_list count="1">
		<exInfo value="HarddiskVolume1\WINDOWS\Temp\Windows XP serial generator.exe" descr="PE文件路径"/>
	</exInfo_list>
	</action>
 </action_list><action_list name="创建可执行程序" level="3" descr="创建可执行程序 HarddiskVolume1\WINDOWS\Temp\Xbox.info.exe" times="0">
	<action field="start_boot" type="File" name="WritePEFile" call_pid="2036" call_name="1.exe" call_time="18:24:41.007">
	<exInfo_list count="1">
		<exInfo value="HarddiskVolume1\WINDOWS\Temp\Xbox.info.exe" descr="PE文件路径"/>
	</exInfo_list>
	</action>
 </action_list><action_list name="创建可执行程序" level="3" descr="创建可执行程序 HarddiskVolume1\WINDOWS\Temp\DivX.exe" times="0">
	<action field="start_boot" type="File" name="WritePEFile" call_pid="2036" call_name="1.exe" call_time="18:24:41.136">
	<exInfo_list count="1">
		<exInfo value="HarddiskVolume1\WINDOWS\Temp\DivX.exe" descr="PE文件路径"/>
	</exInfo_list>
	</action>
 </action_list><action_list name="创建可执行程序" level="3" descr="创建可执行程序 HarddiskVolume1\WINDOWS\Temp\GTA3 crack.exe" times="0">
	<action field="start_boot" type="File" name="WritePEFile" call_pid="2036" call_name="1.exe" call_time="18:24:41.267">
	<exInfo_list count="1">
		<exInfo value="HarddiskVolume1\WINDOWS\Temp\GTA3 crack.exe" descr="PE文件路径"/>
	</exInfo_list>
	</action>
 </action_list><action_list name="创建可执行程序" level="3" descr="创建可执行程序 HarddiskVolume1\WINDOWS\Temp\Battle.net key generator (WORKS!!).exe" times="0">
	<action field="start_boot" type="File" name="WritePEFile" call_pid="2036" call_name="1.exe" call_time="18:24:41.398">
	<exInfo_list count="1">
		<exInfo value="HarddiskVolume1\WINDOWS\Temp\Battle.net key generator (WORKS!!).exe" descr="PE文件路径"/>
	</exInfo_list>
	</action>
 </action_list><action_list name="创建可执行程序" level="3" descr="创建可执行程序 HarddiskVolume1\WINDOWS\Temp\Warcraft 3 battle.net serial generator.exe" times="0">
	<action field="start_boot" type="File" name="WritePEFile" call_pid="2036" call_name="1.exe" call_time="18:24:41.542">
	<exInfo_list count="1">
		<exInfo value="HarddiskVolume1\WINDOWS\Temp\Warcraft 3 battle.net serial generator.exe" descr="PE文件路径"/>
	</exInfo_list>
	</action>
 </action_list><action_list name="创建可执行程序" level="3" descr="创建可执行程序 HarddiskVolume1\WINDOWS\Temp\Half-life WON key generator.exe" times="0">
	<action field="start_boot" type="File" name="WritePEFile" call_pid="2036" call_name="1.exe" call_time="18:24:41.672">
	<exInfo_list count="1">
		<exInfo value="HarddiskVolume1\WINDOWS\Temp\Half-life WON key generator.exe" descr="PE文件路径"/>
	</exInfo_list>
	</action>
 </action_list><action_list name="创建可执行程序" level="3" descr="创建可执行程序 HarddiskVolume1\WINDOWS\Temp\Star wars episode 2 downloader.exe" times="0">
	<action field="start_boot" type="File" name="WritePEFile" call_pid="2036" call_name="1.exe" call_time="18:24:41.802">
	<exInfo_list count="1">
		<exInfo value="HarddiskVolume1\WINDOWS\Temp\Star wars episode 2 downloader.exe" descr="PE文件路径"/>
	</exInfo_list>
	</action>
 </action_list><action_list name="创建可执行程序" level="3" descr="创建可执行程序 HarddiskVolume1\WINDOWS\Temp\Winzip 8.0 + serial.exe" times="0">
	<action field="start_boot" type="File" name="WritePEFile" call_pid="2036" call_name="1.exe" call_time="18:24:41.947">
	<exInfo_list count="1">
		<exInfo value="HarddiskVolume1\WINDOWS\Temp\Winzip 8.0 + serial.exe" descr="PE文件路径"/>
	</exInfo_list>
	</action>
 </action_list><action_list name="创建可执行程序" level="3" descr="创建可执行程序 HarddiskVolume1\WINDOWS\Temp\Winrar + crack.exe" times="0">
	<action field="start_boot" type="File" name="WritePEFile" call_pid="2036" call_name="1.exe" call_time="18:24:41.078">
	<exInfo_list count="1">
		<exInfo value="HarddiskVolume1\WINDOWS\Temp\Winrar + crack.exe" descr="PE文件路径"/>
	</exInfo_list>
	</action>
 </action_list><action_list name="创建可执行程序" level="3" descr="创建可执行程序 HarddiskVolume1\WINDOWS\Temp\Key generator for all windows XP versions.exe" times="0">
	<action field="start_boot" type="File" name="WritePEFile" call_pid="2036" call_name="1.exe" call_time="18:24:41.217">
	<exInfo_list count="1">
		<exInfo value="HarddiskVolume1\WINDOWS\Temp\Key generator for all windows XP versions.exe" descr="PE文件路径"/>
	</exInfo_list>
	</action>
 </action_list><action_list name="创建可执行程序" level="3" descr="创建可执行程序 HarddiskVolume1\WINDOWS\Temp\Warcraft 3 ONLINE key generator.exe" times="0">
	<action field="start_boot" type="File" name="WritePEFile" call_pid="2036" call_name="1.exe" call_time="18:24:41.352">
	<exInfo_list count="1">
		<exInfo value="HarddiskVolume1\WINDOWS\Temp\Warcraft 3 ONLINE key generator.exe" descr="PE文件路径"/>
	</exInfo_list>
	</action>
 </action_list><action_list name="创建可执行程序" level="3" descr="创建可执行程序 HarddiskVolume1\WINDOWS\Temp\Half-life ONLINE key generator.exe" times="0">
	<action field="start_boot" type="File" name="WritePEFile" call_pid="2036" call_name="1.exe" call_time="18:24:41.487">
	<exInfo_list count="1">
		<exInfo value="HarddiskVolume1\WINDOWS\Temp\Half-life ONLINE key generator.exe" descr="PE文件路径"/>
	</exInfo_list>
	</action>
 </action_list><action_list name="创建可执行程序" level="3" descr="创建可执行程序 HarddiskVolume1\WINDOWS\Temp\Grand theft auto 3 CD1 crack.exe" times="0">
	<action field="start_boot" type="File" name="WritePEFile" call_pid="2036" call_name="1.exe" call_time="18:24:41.622">
	<exInfo_list count="1">
		<exInfo value="HarddiskVolume1\WINDOWS\Temp\Grand theft auto 3 CD1 crack.exe" descr="PE文件路径"/>
	</exInfo_list>
	</action>
 </action_list><action_list name="创建可执行程序" level="3" descr="创建可执行程序 HarddiskVolume1\WINDOWS\Temp\Macromedia key generator (all products).exe" times="0">
	<action field="start_boot" type="File" name="WritePEFile" call_pid="2036" call_name="1.exe" call_time="18:24:41.753">
	<exInfo_list count="1">
		<exInfo value="HarddiskVolume1\WINDOWS\Temp\Macromedia key generator (all products).exe" descr="PE文件路径"/>
	</exInfo_list>
	</action>
 </action_list><action_list name="创建可执行程序" level="3" descr="创建可执行程序 HarddiskVolume1\WINDOWS\Temp\KaZaA media desktop v2.0 UNOFFICIAL.exe" times="0">
	<action field="start_boot" type="File" name="WritePEFile" call_pid="2036" call_name="1.exe" call_time="18:24:41.883">
	<exInfo_list count="1">
		<exInfo value="HarddiskVolume1\WINDOWS\Temp\KaZaA media desktop v2.0 UNOFFICIAL.exe" descr="PE文件路径"/>
	</exInfo_list>
	</action>
 </action_list><action_list name="创建可执行程序" level="3" descr="创建可执行程序 HarddiskVolume1\WINDOWS\Temp\Microsoft key generator, works for ALL microsoft products!!.exe" times="0">
	<action field="start_boot" type="File" name="WritePEFile" call_pid="2036" call_name="1.exe" call_time="18:24:41.012">
	<exInfo_list count="1">
		<exInfo value="HarddiskVolume1\WINDOWS\Temp\Microsoft key generator, works for ALL microsoft products!!.exe" descr="PE文件路径"/>
	</exInfo_list>
	</action>
 </action_list><action_list name="创建可执行程序" level="3" descr="创建可执行程序 HarddiskVolume1\WINDOWS\Temp\Microsoft Windows XP crack pack.exe" times="0">
	<action field="start_boot" type="File" name="WritePEFile" call_pid="2036" call_name="1.exe" call_time="18:24:41.143">
	<exInfo_list count="1">
		<exInfo value="HarddiskVolume1\WINDOWS\Temp\Microsoft Windows XP crack pack.exe" descr="PE文件路径"/>
	</exInfo_list>
	</action>
 </action_list><action_list name="创建可执行程序" level="3" descr="创建可执行程序 HarddiskVolume1\WINDOWS\Temp\Hack into any computer!!.exe" times="0">
	<action field="start_boot" type="File" name="WritePEFile" call_pid="2036" call_name="1.exe" call_time="18:24:41.272">
	<exInfo_list count="1">
		<exInfo value="HarddiskVolume1\WINDOWS\Temp\Hack into any computer!!.exe" descr="PE文件路径"/>
	</exInfo_list>
	</action>
 </action_list><action_list name="创建可执行程序" level="3" descr="创建可执行程序 HarddiskVolume1\WINDOWS\dextor32.exe" times="0">
	<action field="start_boot" type="File" name="WritePEFile" call_pid="2036" call_name="1.exe" call_time="18:24:41.485">
	<exInfo_list count="1">
		<exInfo value="HarddiskVolume1\WINDOWS\dextor32.exe" descr="PE文件路径"/>
	</exInfo_list>
	</action>
 </action_list><action_list name="复制文件到系统目录" level="3" descr="拷贝文件 C:\vastest\1.exe 到 C:\WINDOWS\dextor32.exe" times="0">
	<action field="start_boot" type="File" name="CopyFile" call_pid="2036" call_name="1.exe" call_time="18:24:41.477">
	<exInfo_list count="2">
		<exInfo value="C:\vastest\1.exe" descr="源路径"/>
		<exInfo value="C:\WINDOWS\dextor32.exe" descr="目的路径"/>
	</exInfo_list>
	</action>
 </action_list><action_list name="程序退出" level="-1" descr="1.exe 退出" times="0">
	<action field="start_boot" type="Process" name="TerminateProcess" call_pid="2036" call_name="1.exe" call_time="18:24:41.550">
	<exInfo_list count="1">
		<exInfo value="1.exe" descr="结束进程名"/>
	</exInfo_list>
	</action>
 </action_list><action_list name="分析结束" level="-1" descr="动态分析结束" times="0">
	<action field="start_boot" type="System" name="AnalyzeStop" call_pid="0" call_name="" call_time="18:25:37.565">
	<exInfo_list count="0">
	</exInfo_list>
	</action>
 </action_list></file>