<?xml version="1.0" encoding="UTF-8"?> 

<file name="1.exe" 文件扩展名信息="  描述：Directly executable program   使用信息: DOS, OpenVMS, Microsoft Windows, Symbian or OS/2" sha1="961cb8426275d50f313341cc697a6f777db30f7b" md5="b77164d3706b7abe90073d1aa1d2baaa" CRC32="4624ceb7" SSDEEP="24576:PAJzRqJETE9VN5KV3vKXzdjWdzdGh2Au3YkR6IilYXyN4JVuHQT0qg8zmHNdRsh2:4BRqJA0a3SjVDgAuorEFs60UmHNz6q" ImportHash="" size="2321920" type="exe" error="0" virusresult="Virus.Win32.PolyRansom.a," vp_name="klo07" reportType="final" exiftool="File Name                       : 1.exe--list--File Size                       : 2.2 MB--list--File Modification Date/Time     : 2020:01:17 14:23:35+08:00--list--File Access Date/Time           : 2020:01:17 14:23:35+08:00--list--File Inode Change Date/Time     : 2020:01:17 14:23:35+08:00--list--File Type                       : Win32 EXE--list--File Type Extension             : exe--list--MIME Type                       : application/octet-stream--list--Machine Type                    : Intel 386 or later, and compatibles--list--Time Stamp                      : 2019:05:06 11:32:51+08:00--list--PE Type                         : PE32--list--Linker Version                  : 5.12--list--Code Size                       : 2316800--list--Initialized Data Size           : 4608--list--Uninitialized Data Size         : 0--list--Entry Point                     : 0x233a9f--list--OS Version                      : 4.0--list--Image Version                   : 0.0--list--Subsystem Version               : 4.0--list--Subsystem                       : Windows GUI--list--" system="winxp" peinfo="加壳信息 :  未发现加壳--list--文件熵 :  7.536148 (可能存在加壳)--list--fpu反调试 :  未检测到--list--载入地址 :  正常的载入点--list--代码入口信息 :  正常的入口--list--DOS stub : :  正常--list--TLS表信息 :  未发现--list--段信息 :  2 (太少)--list--代码段 :  可能存在自修改代码--list--资源段 :  可能存在自修改代码--list--时间戳 :  未见异常--list--ASLR ：  未开启--list--DEP/NX ：  未开启--list--SEH ：  开启" AI_Scan="1" filetype="PE32 executable (GUI) Intel 80386, for MS Windows"><action_list name="分析开始" level="-1" descr="动态分析开始" times="0">
	<action field="start_boot" type="System" name="AnalyzeStart" call_pid="0" call_name="" call_time="14:24:03.000">
	<exInfo_list count="0">
	</exInfo_list>
	</action>
 </action_list><action_list name="分析引擎信息" level="-1" descr="12.6, 40, 2020-01-17_14:24:00==2020-01-17_14:24:03" times="0">
	<action field="start_boot" type="System" name="VasInfo" call_pid="0" call_name="" call_time="14:24:03.001">
	<exInfo_list count="3">
		<exInfo value="12.6" descr="分析引擎版本"/>
		<exInfo value="40" descr="最大并发数量"/>
		<exInfo value="2020-01-17_14:24:00==2020-01-17_14:24:03" descr="镜像加载耗时"/>
	</exInfo_list>
	</action>
 </action_list><action_list name="进程开始执行" level="1" descr="被 vasstarter.exe（1676）创建的进程开始执行" times="0">
	<action field="start_boot" type="Process" name="BeCreated" call_pid="208" call_name="vaslauncher.exe" call_time="14:24:04.002">
	<exInfo_list count="2">
		<exInfo value="vasstarter.exe" descr="父进程名"/>
		<exInfo value="1676" descr="父进程ID"/>
	</exInfo_list>
	</action>
 </action_list><action_list name="进程开始执行" level="1" descr="被 vasstarter.exe（1676）通过参数 D:\vaslauncher.exe 以 direct 方式创建的进程开始执行" times="0">
	<action field="start_boot" type="Process" name="BeCreatedEx" call_pid="208" call_name="vaslauncher.exe" call_time="14:24:04.003">
	<exInfo_list count="4">
		<exInfo value="vasstarter.exe" descr="父进程名"/>
		<exInfo value="1676" descr="父进程ID"/>
		<exInfo value="D:\vaslauncher.exe" descr="启动参数"/>
		<exInfo value="direct" descr="创建方式"/>
	</exInfo_list>
	</action>
 </action_list><action_list name="进程开始执行" level="1" descr="被 vaslauncher.exe（208）创建的进程开始执行" times="0">
	<action field="start_boot" type="Process" name="BeCreated" call_pid="2036" call_name="1.exe" call_time="14:24:07.004">
	<exInfo_list count="2">
		<exInfo value="vaslauncher.exe" descr="父进程名"/>
		<exInfo value="208" descr="父进程ID"/>
	</exInfo_list>
	</action>
 </action_list><action_list name="进程开始执行" level="1" descr="被 vaslauncher.exe（208）通过参数 &quot;C:\vastest\1.exe&quot;  以 direct 方式创建的进程开始执行" times="0">
	<action field="start_boot" type="Process" name="BeCreatedEx" call_pid="2036" call_name="1.exe" call_time="14:24:07.005">
	<exInfo_list count="4">
		<exInfo value="vaslauncher.exe" descr="父进程名"/>
		<exInfo value="208" descr="父进程ID"/>
		<exInfo value="&quot;C:\vastest\1.exe&quot; " descr="启动参数"/>
		<exInfo value="direct" descr="创建方式"/>
	</exInfo_list>
	</action>
 </action_list><action_list name="检测虚拟机" level="3" descr="通过 PerfEvaluate 技术检测虚拟机或调试器，逃避分析与查杀" times="0">
	<action field="start_boot" type="System" name="DetectDebugger" call_pid="2036" call_name="1.exe" call_time="14:24:08.211">
	<exInfo_list count="1">
		<exInfo value="PerfEvaluate" descr="技术手段"/>
	</exInfo_list>
	</action>
 </action_list><action_list name="加载模块" level="1" descr="加载模块 HarddiskVolume1\WINDOWS\system32\user32.dll" times="0">
	<action field="start_boot" type="Memory" name="LoadLibrary" call_pid="2036" call_name="1.exe" call_time="14:24:08.731">
	<exInfo_list count="1">
		<exInfo value="HarddiskVolume1\WINDOWS\system32\user32.dll" descr="动态链接库"/>
	</exInfo_list>
	</action>
 </action_list><action_list name="加载模块" level="1" descr="加载模块 HarddiskVolume1\WINDOWS\system32\gdi32.dll" times="0">
	<action field="start_boot" type="Memory" name="LoadLibrary" call_pid="2036" call_name="1.exe" call_time="14:24:08.735">
	<exInfo_list count="1">
		<exInfo value="HarddiskVolume1\WINDOWS\system32\gdi32.dll" descr="动态链接库"/>
	</exInfo_list>
	</action>
 </action_list><action_list name="加载模块" level="1" descr="加载模块 HarddiskVolume1\WINDOWS\system32\imm32.dll" times="0">
	<action field="start_boot" type="Memory" name="LoadLibrary" call_pid="2036" call_name="1.exe" call_time="14:24:08.771">
	<exInfo_list count="1">
		<exInfo value="HarddiskVolume1\WINDOWS\system32\imm32.dll" descr="动态链接库"/>
	</exInfo_list>
	</action>
 </action_list><action_list name="加载模块" level="1" descr="加载模块 HarddiskVolume1\WINDOWS\system32\advapi32.dll" times="0">
	<action field="start_boot" type="Memory" name="LoadLibrary" call_pid="2036" call_name="1.exe" call_time="14:24:08.775">
	<exInfo_list count="1">
		<exInfo value="HarddiskVolume1\WINDOWS\system32\advapi32.dll" descr="动态链接库"/>
	</exInfo_list>
	</action>
 </action_list><action_list name="加载模块" level="1" descr="加载模块 HarddiskVolume1\WINDOWS\system32\rpcrt4.dll" times="0">
	<action field="start_boot" type="Memory" name="LoadLibrary" call_pid="2036" call_name="1.exe" call_time="14:24:08.779">
	<exInfo_list count="1">
		<exInfo value="HarddiskVolume1\WINDOWS\system32\rpcrt4.dll" descr="动态链接库"/>
	</exInfo_list>
	</action>
 </action_list><action_list name="加载模块" level="1" descr="加载模块 HarddiskVolume1\WINDOWS\system32\secur32.dll" times="0">
	<action field="start_boot" type="Memory" name="LoadLibrary" call_pid="2036" call_name="1.exe" call_time="14:24:08.785">
	<exInfo_list count="1">
		<exInfo value="HarddiskVolume1\WINDOWS\system32\secur32.dll" descr="动态链接库"/>
	</exInfo_list>
	</action>
 </action_list><action_list name="加载模块" level="1" descr="加载模块 HarddiskVolume1\WINDOWS\system32\lpk.dll" times="0">
	<action field="start_boot" type="Memory" name="LoadLibrary" call_pid="2036" call_name="1.exe" call_time="14:24:08.834">
	<exInfo_list count="1">
		<exInfo value="HarddiskVolume1\WINDOWS\system32\lpk.dll" descr="动态链接库"/>
	</exInfo_list>
	</action>
 </action_list><action_list name="加载模块" level="1" descr="加载模块 HarddiskVolume1\WINDOWS\system32\usp10.dll" times="0">
	<action field="start_boot" type="Memory" name="LoadLibrary" call_pid="2036" call_name="1.exe" call_time="14:24:08.839">
	<exInfo_list count="1">
		<exInfo value="HarddiskVolume1\WINDOWS\system32\usp10.dll" descr="动态链接库"/>
	</exInfo_list>
	</action>
 </action_list><action_list name="检测虚拟机" level="3" descr="通过 PerfEvaluate 技术检测虚拟机或调试器，逃避分析与查杀" times="0">
	<action field="start_boot" type="System" name="DetectDebugger" call_pid="2036" call_name="1.exe" call_time="14:24:08.876">
	<exInfo_list count="1">
		<exInfo value="PerfEvaluate" descr="技术手段"/>
	</exInfo_list>
	</action>
 </action_list><action_list name="加载模块" level="1" descr="加载模块 HarddiskVolume1\WINDOWS\system32\ws2_32.dll" times="0">
	<action field="start_boot" type="Memory" name="LoadLibrary" call_pid="2036" call_name="1.exe" call_time="14:24:08.884">
	<exInfo_list count="1">
		<exInfo value="HarddiskVolume1\WINDOWS\system32\ws2_32.dll" descr="动态链接库"/>
	</exInfo_list>
	</action>
 </action_list><action_list name="加载模块" level="1" descr="加载模块 HarddiskVolume1\WINDOWS\system32\msvcrt.dll" times="0">
	<action field="start_boot" type="Memory" name="LoadLibrary" call_pid="2036" call_name="1.exe" call_time="14:24:08.888">
	<exInfo_list count="1">
		<exInfo value="HarddiskVolume1\WINDOWS\system32\msvcrt.dll" descr="动态链接库"/>
	</exInfo_list>
	</action>
 </action_list><action_list name="加载模块" level="1" descr="加载模块 HarddiskVolume1\WINDOWS\system32\ws2help.dll" times="0">
	<action field="start_boot" type="Memory" name="LoadLibrary" call_pid="2036" call_name="1.exe" call_time="14:24:08.904">
	<exInfo_list count="1">
		<exInfo value="HarddiskVolume1\WINDOWS\system32\ws2help.dll" descr="动态链接库"/>
	</exInfo_list>
	</action>
 </action_list><action_list name="检测虚拟机" level="3" descr="通过 PerfEvaluate 技术检测虚拟机或调试器，逃避分析与查杀" times="0">
	<action field="start_boot" type="System" name="DetectDebugger" call_pid="2036" call_name="1.exe" call_time="14:24:08.961">
	<exInfo_list count="1">
		<exInfo value="PerfEvaluate" descr="技术手段"/>
	</exInfo_list>
	</action>
 </action_list><action_list name="加载模块" level="1" descr="加载模块 HarddiskVolume1\WINDOWS\system32\mpr.dll" times="0">
	<action field="start_boot" type="Memory" name="LoadLibrary" call_pid="2036" call_name="1.exe" call_time="14:24:08.124">
	<exInfo_list count="1">
		<exInfo value="HarddiskVolume1\WINDOWS\system32\mpr.dll" descr="动态链接库"/>
	</exInfo_list>
	</action>
 </action_list><action_list name="检测虚拟机" level="3" descr="通过 PerfEvaluate 技术检测虚拟机或调试器，逃避分析与查杀" times="0">
	<action field="start_boot" type="System" name="DetectDebugger" call_pid="2036" call_name="1.exe" call_time="14:24:08.135">
	<exInfo_list count="1">
		<exInfo value="PerfEvaluate" descr="技术手段"/>
	</exInfo_list>
	</action>
 </action_list><action_list name="加载模块" level="1" descr="加载模块 HarddiskVolume1\WINDOWS\system32\shell32.dll" times="0">
	<action field="start_boot" type="Memory" name="LoadLibrary" call_pid="2036" call_name="1.exe" call_time="14:24:08.140">
	<exInfo_list count="1">
		<exInfo value="HarddiskVolume1\WINDOWS\system32\shell32.dll" descr="动态链接库"/>
	</exInfo_list>
	</action>
 </action_list><action_list name="加载模块" level="1" descr="加载模块 HarddiskVolume1\WINDOWS\system32\shlwapi.dll" times="0">
	<action field="start_boot" type="Memory" name="LoadLibrary" call_pid="2036" call_name="1.exe" call_time="14:24:08.152">
	<exInfo_list count="1">
		<exInfo value="HarddiskVolume1\WINDOWS\system32\shlwapi.dll" descr="动态链接库"/>
	</exInfo_list>
	</action>
 </action_list><action_list name="加载模块" level="1" descr="加载模块 HarddiskVolume1\WINDOWS\WinSxS\x86_Microsoft.Windows.Common-Controls_6595b64144ccf1df_6.0.2600.5512_x-ww_35d4ce83\comctl32.dll" times="0">
	<action field="start_boot" type="Memory" name="LoadLibrary" call_pid="2036" call_name="1.exe" call_time="14:24:08.215">
	<exInfo_list count="1">
		<exInfo value="HarddiskVolume1\WINDOWS\WinSxS\x86_Microsoft.Windows.Common-Controls_6595b64144ccf1df_6.0.2600.5512_x-ww_35d4ce83\comctl32.dll" descr="动态链接库"/>
	</exInfo_list>
	</action>
 </action_list><action_list name="加载模块" level="1" descr="加载模块 HarddiskVolume1\WINDOWS\system32\comctl32.dll" times="0">
	<action field="start_boot" type="Memory" name="LoadLibrary" call_pid="2036" call_name="1.exe" call_time="14:24:08.303">
	<exInfo_list count="1">
		<exInfo value="HarddiskVolume1\WINDOWS\system32\comctl32.dll" descr="动态链接库"/>
	</exInfo_list>
	</action>
 </action_list><action_list name="检测虚拟机" level="3" descr="通过 PerfEvaluate 技术检测虚拟机或调试器，逃避分析与查杀" times="0">
	<action field="start_boot" type="System" name="DetectDebugger" call_pid="2036" call_name="1.exe" call_time="14:24:08.355">
	<exInfo_list count="1">
		<exInfo value="PerfEvaluate" descr="技术手段"/>
	</exInfo_list>
	</action>
 </action_list><action_list name="创建互斥量" level="2" descr="创建互斥量 MugosQkY 防止重复感染" times="0">
	<action field="start_boot" type="System" name="CreateMutex" call_pid="2036" call_name="1.exe" call_time="14:24:08.131">
	<exInfo_list count="1">
		<exInfo value="MugosQkY" descr="互斥量名"/>
	</exInfo_list>
	</action>
 </action_list><action_list name="创建互斥量" level="2" descr="创建互斥量 NucIsMQg 防止重复感染" times="0">
	<action field="start_boot" type="System" name="CreateMutex" call_pid="2036" call_name="1.exe" call_time="14:24:08.132">
	<exInfo_list count="1">
		<exInfo value="NucIsMQg" descr="互斥量名"/>
	</exInfo_list>
	</action>
 </action_list><action_list name="检测虚拟机" level="3" descr="通过 PerfEvaluate 技术检测虚拟机或调试器，逃避分析与查杀" times="0">
	<action field="start_boot" type="System" name="DetectDebugger" call_pid="2036" call_name="1.exe" call_time="14:24:08.145">
	<exInfo_list count="1">
		<exInfo value="PerfEvaluate" descr="技术手段"/>
	</exInfo_list>
	</action>
 </action_list><action_list name="修改文件属性" level="3" descr="将文件 HarddiskVolume1\Documents and Settings\xpuser\sIgwwcok 的属性更改为隐藏或只读" times="0">
	<action field="start_boot" type="File" name="SetFileHiddenOrReadOnly" call_pid="2036" call_name="1.exe" call_time="14:24:08.153">
	<exInfo_list count="2">
		<exInfo value="HarddiskVolume1\Documents and Settings\xpuser\sIgwwcok" descr="文件路径"/>
		<exInfo value="00000086" descr="属性"/>
	</exInfo_list>
	</action>
 </action_list><action_list name="检测虚拟机" level="3" descr="通过 PerfEvaluate 技术检测虚拟机或调试器，逃避分析与查杀" times="0">
	<action field="start_boot" type="System" name="DetectDebugger" call_pid="2036" call_name="1.exe" call_time="14:24:08.156">
	<exInfo_list count="1">
		<exInfo value="PerfEvaluate" descr="技术手段"/>
	</exInfo_list>
	</action>
 </action_list><action_list name="修改文件属性" level="3" descr="将文件 HarddiskVolume1\Documents and Settings\xpuser\sIgwwcok\eqgkYooU 的属性更改为隐藏或只读" times="0">
	<action field="start_boot" type="File" name="SetFileHiddenOrReadOnly" call_pid="2036" call_name="1.exe" call_time="14:24:08.162">
	<exInfo_list count="2">
		<exInfo value="HarddiskVolume1\Documents and Settings\xpuser\sIgwwcok\eqgkYooU" descr="文件路径"/>
		<exInfo value="00000086" descr="属性"/>
	</exInfo_list>
	</action>
 </action_list><action_list name="写入文件" level="3" descr="写入文件 HarddiskVolume1\Documents and Settings\xpuser\sIgwwcok\eqgkYooU" times="0">
	<action field="start_boot" type="File" name="WriteFile" call_pid="2036" call_name="1.exe" call_time="14:24:08.164">
	<exInfo_list count="1">
		<exInfo value="HarddiskVolume1\Documents and Settings\xpuser\sIgwwcok\eqgkYooU" descr="文件路径"/>
	</exInfo_list>
	</action>
 </action_list><action_list name="检测虚拟机" level="3" descr="通过 PerfEvaluate 技术检测虚拟机或调试器，逃避分析与查杀" times="0">
	<action field="start_boot" type="System" name="DetectDebugger" call_pid="2036" call_name="1.exe" call_time="14:24:08.165">
	<exInfo_list count="1">
		<exInfo value="PerfEvaluate" descr="技术手段"/>
	</exInfo_list>
	</action>
 </action_list><action_list name="修改文件属性" level="3" descr="将文件 HarddiskVolume1\Documents and Settings\All Users\pAgIwsIY 的属性更改为隐藏或只读" times="0">
	<action field="start_boot" type="File" name="SetFileHiddenOrReadOnly" call_pid="2036" call_name="1.exe" call_time="14:24:08.184">
	<exInfo_list count="2">
		<exInfo value="HarddiskVolume1\Documents and Settings\All Users\pAgIwsIY" descr="文件路径"/>
		<exInfo value="00000086" descr="属性"/>
	</exInfo_list>
	</action>
 </action_list><action_list name="检测虚拟机" level="3" descr="通过 PerfEvaluate 技术检测虚拟机或调试器，逃避分析与查杀" times="0">
	<action field="start_boot" type="System" name="DetectDebugger" call_pid="2036" call_name="1.exe" call_time="14:24:08.187">
	<exInfo_list count="1">
		<exInfo value="PerfEvaluate" descr="技术手段"/>
	</exInfo_list>
	</action>
 </action_list><action_list name="修改文件属性" level="3" descr="将文件 HarddiskVolume1\Documents and Settings\All Users\pAgIwsIY\UuYUIQAM 的属性更改为隐藏或只读" times="0">
	<action field="start_boot" type="File" name="SetFileHiddenOrReadOnly" call_pid="2036" call_name="1.exe" call_time="14:24:08.194">
	<exInfo_list count="2">
		<exInfo value="HarddiskVolume1\Documents and Settings\All Users\pAgIwsIY\UuYUIQAM" descr="文件路径"/>
		<exInfo value="00000086" descr="属性"/>
	</exInfo_list>
	</action>
 </action_list><action_list name="检测虚拟机" level="3" descr="通过 PerfEvaluate 技术检测虚拟机或调试器，逃避分析与查杀" times="0">
	<action field="start_boot" type="System" name="DetectDebugger" call_pid="2036" call_name="1.exe" call_time="14:24:08.196">
	<exInfo_list count="1">
		<exInfo value="PerfEvaluate" descr="技术手段"/>
	</exInfo_list>
	</action>
 </action_list><action_list name="遍历进程列表" level="3" descr="病毒木马通常会通过遍历系统进程列表，查找是否有需要关闭的进程" times="0">
	<action field="start_boot" type="Process" name="TraverseProcess" call_pid="2036" call_name="1.exe" call_time="14:24:08.267">
	<exInfo_list count="0">
	</exInfo_list>
	</action>
 </action_list><action_list name="修改文件属性" level="3" descr="将文件 HarddiskVolume1\Documents and Settings\xpuser\sIgwwcok 的属性更改为隐藏或只读" times="0">
	<action field="start_boot" type="File" name="SetFileHiddenOrReadOnly" call_pid="2036" call_name="1.exe" call_time="14:24:08.366">
	<exInfo_list count="2">
		<exInfo value="HarddiskVolume1\Documents and Settings\xpuser\sIgwwcok" descr="文件路径"/>
		<exInfo value="00000086" descr="属性"/>
	</exInfo_list>
	</action>
 </action_list><action_list name="检测虚拟机" level="3" descr="通过 PerfEvaluate 技术检测虚拟机或调试器，逃避分析与查杀" times="0">
	<action field="start_boot" type="System" name="DetectDebugger" call_pid="2036" call_name="1.exe" call_time="14:24:08.369">
	<exInfo_list count="1">
		<exInfo value="PerfEvaluate" descr="技术手段"/>
	</exInfo_list>
	</action>
 </action_list><action_list name="创建可执行程序" level="3" descr="创建可执行程序 HarddiskVolume1\Documents and Settings\xpuser\sIgwwcok\eqgkYooU.exe" times="0">
	<action field="start_boot" type="File" name="WritePEFile" call_pid="2036" call_name="1.exe" call_time="14:24:09.845">
	<exInfo_list count="1">
		<exInfo value="HarddiskVolume1\Documents and Settings\xpuser\sIgwwcok\eqgkYooU.exe" descr="PE文件路径"/>
	</exInfo_list>
	</action>
 </action_list><action_list name="检测虚拟机" level="3" descr="通过 PerfEvaluate 技术检测虚拟机或调试器，逃避分析与查杀" times="0">
	<action field="start_boot" type="System" name="DetectDebugger" call_pid="2036" call_name="1.exe" call_time="14:24:09.851">
	<exInfo_list count="1">
		<exInfo value="PerfEvaluate" descr="技术手段"/>
	</exInfo_list>
	</action>
 </action_list><action_list name="修改文件属性" level="3" descr="将文件 HarddiskVolume1\Documents and Settings\xpuser\sIgwwcok\eqgkYooU.exe 的属性更改为隐藏或只读" times="0">
	<action field="start_boot" type="File" name="SetFileHiddenOrReadOnly" call_pid="2036" call_name="1.exe" call_time="14:24:09.852">
	<exInfo_list count="2">
		<exInfo value="HarddiskVolume1\Documents and Settings\xpuser\sIgwwcok\eqgkYooU.exe" descr="文件路径"/>
		<exInfo value="00000087" descr="属性"/>
	</exInfo_list>
	</action>
 </action_list><action_list name="加载模块" level="1" descr="加载模块 HarddiskVolume1\WINDOWS\system32\apphelp.dll" times="0">
	<action field="start_boot" type="Memory" name="LoadLibrary" call_pid="2036" call_name="1.exe" call_time="14:24:09.878">
	<exInfo_list count="1">
		<exInfo value="HarddiskVolume1\WINDOWS\system32\apphelp.dll" descr="动态链接库"/>
	</exInfo_list>
	</action>
 </action_list><action_list name="映射文件" level="1" descr="映射文件 HarddiskVolume1\Documents and Settings\xpuser\sIgwwcok\eqgkYooU.exe" times="0">
	<action field="start_boot" type="File" name="ReadFileToCreate" call_pid="2036" call_name="1.exe" call_time="14:24:09.966">
	<exInfo_list count="1">
		<exInfo value="HarddiskVolume1\Documents and Settings\xpuser\sIgwwcok\eqgkYooU.exe" descr="文件路径"/>
	</exInfo_list>
	</action>
 </action_list><action_list name="创建进程" level="3" descr="创建进程 C:\Documents and Settings\xpuser\sIgwwcok\eqgkYooU.exe " times="0">
	<action field="start_boot" type="Process" name="CreateProcess" call_pid="2036" call_name="1.exe" call_time="14:24:09.855">
	<exInfo_list count="1">
		<exInfo value="C:\Documents and Settings\xpuser\sIgwwcok\eqgkYooU.exe " descr="进程名"/>
	</exInfo_list>
	</action>
 </action_list><action_list name="设置自启动" level="3" descr="将 eqgkYooU.exe 设置为开机自启动" times="0">
	<action field="start_boot" type="Reg" name="SetKeyValue" call_pid="2036" call_name="1.exe" call_time="14:24:09.997">
	<exInfo_list count="2">
		<exInfo value="\REGISTRY\USER\S-1-5-21-117609710-838170752-515967899-1003\SOFTWARE\MICROSOFT\WINDOWS\CURRENTVERSION\RUN" descr="键名"/>
		<exInfo value="eqgkYooU.exe" descr="键值"/>
	</exInfo_list>
	</action>
 </action_list><action_list name="检测虚拟机" level="3" descr="通过 PerfEvaluate 技术检测虚拟机或调试器，逃避分析与查杀" times="0">
	<action field="start_boot" type="System" name="DetectDebugger" call_pid="2036" call_name="1.exe" call_time="14:24:09.999">
	<exInfo_list count="1">
		<exInfo value="PerfEvaluate" descr="技术手段"/>
	</exInfo_list>
	</action>
 </action_list><action_list name="修改文件属性" level="3" descr="将文件 HarddiskVolume1\Documents and Settings\All Users\pAgIwsIY 的属性更改为隐藏或只读" times="0">
	<action field="start_boot" type="File" name="SetFileHiddenOrReadOnly" call_pid="2036" call_name="1.exe" call_time="14:24:09.124">
	<exInfo_list count="2">
		<exInfo value="HarddiskVolume1\Documents and Settings\All Users\pAgIwsIY" descr="文件路径"/>
		<exInfo value="00000086" descr="属性"/>
	</exInfo_list>
	</action>
 </action_list><action_list name="检测虚拟机" level="3" descr="通过 PerfEvaluate 技术检测虚拟机或调试器，逃避分析与查杀" times="0">
	<action field="start_boot" type="System" name="DetectDebugger" call_pid="2036" call_name="1.exe" call_time="14:24:09.126">
	<exInfo_list count="1">
		<exInfo value="PerfEvaluate" descr="技术手段"/>
	</exInfo_list>
	</action>
 </action_list><action_list name="进程开始执行" level="1" descr="被 1.exe（2036）创建的进程开始执行" times="0">
	<action field="start_boot" type="Process" name="BeCreated" call_pid="1928" call_name="eqgkYooU.exe" call_time="14:24:09.127">
	<exInfo_list count="2">
		<exInfo value="1.exe" descr="父进程名"/>
		<exInfo value="2036" descr="父进程ID"/>
	</exInfo_list>
	</action>
 </action_list><action_list name="进程开始执行" level="1" descr="被 1.exe（2036）通过参数 &quot;C:\Documents and Settings\xpuser\sIgwwcok\eqgkYooU.exe&quot; 以 direct 方式创建的进程开始执行" times="0">
	<action field="start_boot" type="Process" name="BeCreatedEx" call_pid="1928" call_name="eqgkYooU.exe" call_time="14:24:09.128">
	<exInfo_list count="4">
		<exInfo value="1.exe" descr="父进程名"/>
		<exInfo value="2036" descr="父进程ID"/>
		<exInfo value="&quot;C:\Documents and Settings\xpuser\sIgwwcok\eqgkYooU.exe&quot;" descr="启动参数"/>
		<exInfo value="direct" descr="创建方式"/>
	</exInfo_list>
	</action>
 </action_list><action_list name="检测虚拟机" level="3" descr="通过 PerfEvaluate 技术检测虚拟机或调试器，逃避分析与查杀" times="0">
	<action field="start_boot" type="System" name="DetectDebugger" call_pid="2036" call_name="1.exe" call_time="14:24:09.210">
	<exInfo_list count="1">
		<exInfo value="PerfEvaluate" descr="技术手段"/>
	</exInfo_list>
	</action>
 </action_list><action_list name="创建可执行程序" level="3" descr="创建可执行程序 HarddiskVolume1\Documents and Settings\All Users\pAgIwsIY\UuYUIQAM.exe" times="0">
	<action field="start_boot" type="File" name="WritePEFile" call_pid="2036" call_name="1.exe" call_time="14:24:09.884">
	<exInfo_list count="1">
		<exInfo value="HarddiskVolume1\Documents and Settings\All Users\pAgIwsIY\UuYUIQAM.exe" descr="PE文件路径"/>
	</exInfo_list>
	</action>
 </action_list><action_list name="检测虚拟机" level="3" descr="通过 PerfEvaluate 技术检测虚拟机或调试器，逃避分析与查杀" times="0">
	<action field="start_boot" type="System" name="DetectDebugger" call_pid="2036" call_name="1.exe" call_time="14:24:09.066">
	<exInfo_list count="1">
		<exInfo value="PerfEvaluate" descr="技术手段"/>
	</exInfo_list>
	</action>
 </action_list><action_list name="修改文件属性" level="3" descr="将文件 HarddiskVolume1\Documents and Settings\All Users\pAgIwsIY\UuYUIQAM.exe 的属性更改为隐藏或只读" times="0">
	<action field="start_boot" type="File" name="SetFileHiddenOrReadOnly" call_pid="2036" call_name="1.exe" call_time="14:24:09.067">
	<exInfo_list count="2">
		<exInfo value="HarddiskVolume1\Documents and Settings\All Users\pAgIwsIY\UuYUIQAM.exe" descr="文件路径"/>
		<exInfo value="00000087" descr="属性"/>
	</exInfo_list>
	</action>
 </action_list><action_list name="映射文件" level="1" descr="映射文件 HarddiskVolume1\Documents and Settings\All Users\pAgIwsIY\UuYUIQAM.exe" times="0">
	<action field="start_boot" type="File" name="ReadFileToCreate" call_pid="2036" call_name="1.exe" call_time="14:24:09.118">
	<exInfo_list count="1">
		<exInfo value="HarddiskVolume1\Documents and Settings\All Users\pAgIwsIY\UuYUIQAM.exe" descr="文件路径"/>
	</exInfo_list>
	</action>
 </action_list><action_list name="创建进程" level="3" descr="创建进程 C:\Documents and Settings\All Users\pAgIwsIY\UuYUIQAM.exe " times="0">
	<action field="start_boot" type="Process" name="CreateProcess" call_pid="2036" call_name="1.exe" call_time="14:24:09.069">
	<exInfo_list count="1">
		<exInfo value="C:\Documents and Settings\All Users\pAgIwsIY\UuYUIQAM.exe " descr="进程名"/>
	</exInfo_list>
	</action>
 </action_list><action_list name="设置自启动" level="3" descr="将 UuYUIQAM.exe 设置为开机自启动" times="0">
	<action field="start_boot" type="Reg" name="SetKeyValue" call_pid="2036" call_name="1.exe" call_time="14:24:09.145">
	<exInfo_list count="2">
		<exInfo value="\REGISTRY\MACHINE\SOFTWARE\MICROSOFT\WINDOWS\CURRENTVERSION\RUN" descr="键名"/>
		<exInfo value="UuYUIQAM.exe" descr="键值"/>
	</exInfo_list>
	</action>
 </action_list><action_list name="检测虚拟机" level="3" descr="通过 PerfEvaluate 技术检测虚拟机或调试器，逃避分析与查杀" times="0">
	<action field="start_boot" type="System" name="DetectDebugger" call_pid="2036" call_name="1.exe" call_time="14:24:09.147">
	<exInfo_list count="1">
		<exInfo value="PerfEvaluate" descr="技术手段"/>
	</exInfo_list>
	</action>
 </action_list><action_list name="修改文件属性" level="3" descr="将文件 HarddiskVolume1\Documents and Settings\All Users\RsYAgYQc 的属性更改为隐藏或只读" times="0">
	<action field="start_boot" type="File" name="SetFileHiddenOrReadOnly" call_pid="2036" call_name="1.exe" call_time="14:24:09.152">
	<exInfo_list count="2">
		<exInfo value="HarddiskVolume1\Documents and Settings\All Users\RsYAgYQc" descr="文件路径"/>
		<exInfo value="00000086" descr="属性"/>
	</exInfo_list>
	</action>
 </action_list><action_list name="检测虚拟机" level="3" descr="通过 PerfEvaluate 技术检测虚拟机或调试器，逃避分析与查杀" times="0">
	<action field="start_boot" type="System" name="DetectDebugger" call_pid="2036" call_name="1.exe" call_time="14:24:09.154">
	<exInfo_list count="1">
		<exInfo value="PerfEvaluate" descr="技术手段"/>
	</exInfo_list>
	</action>
 </action_list><action_list name="进程开始执行" level="1" descr="被 1.exe（2036）创建的进程开始执行" times="0">
	<action field="start_boot" type="Process" name="BeCreated" call_pid="788" call_name="UuYUIQAM.exe" call_time="14:24:09.155">
	<exInfo_list count="2">
		<exInfo value="1.exe" descr="父进程名"/>
		<exInfo value="2036" descr="父进程ID"/>
	</exInfo_list>
	</action>
 </action_list><action_list name="进程开始执行" level="1" descr="被 1.exe（2036）通过参数 &quot;C:\Documents and Settings\All Users\pAgIwsIY\UuYUIQAM.exe&quot; 以 direct 方式创建的进程开始执行" times="0">
	<action field="start_boot" type="Process" name="BeCreatedEx" call_pid="788" call_name="UuYUIQAM.exe" call_time="14:24:09.156">
	<exInfo_list count="4">
		<exInfo value="1.exe" descr="父进程名"/>
		<exInfo value="2036" descr="父进程ID"/>
		<exInfo value="&quot;C:\Documents and Settings\All Users\pAgIwsIY\UuYUIQAM.exe&quot;" descr="启动参数"/>
		<exInfo value="direct" descr="创建方式"/>
	</exInfo_list>
	</action>
 </action_list><action_list name="检测虚拟机" level="3" descr="通过 PerfEvaluate 技术检测虚拟机或调试器，逃避分析与查杀" times="0">
	<action field="start_boot" type="System" name="DetectDebugger" call_pid="2036" call_name="1.exe" call_time="14:24:10.265">
	<exInfo_list count="1">
		<exInfo value="PerfEvaluate" descr="技术手段"/>
	</exInfo_list>
	</action>
 </action_list><action_list name="创建可执行程序" level="3" descr="创建可执行程序 HarddiskVolume1\Documents and Settings\All Users\RsYAgYQc\SwckEEwQ.exe" times="0">
	<action field="start_boot" type="File" name="WritePEFile" call_pid="2036" call_name="1.exe" call_time="14:24:10.208">
	<exInfo_list count="1">
		<exInfo value="HarddiskVolume1\Documents and Settings\All Users\RsYAgYQc\SwckEEwQ.exe" descr="PE文件路径"/>
	</exInfo_list>
	</action>
 </action_list><action_list name="检测虚拟机" level="3" descr="通过 PerfEvaluate 技术检测虚拟机或调试器，逃避分析与查杀" times="0">
	<action field="start_boot" type="System" name="DetectDebugger" call_pid="2036" call_name="1.exe" call_time="14:24:10.526">
	<exInfo_list count="1">
		<exInfo value="PerfEvaluate" descr="技术手段"/>
	</exInfo_list>
	</action>
 </action_list><action_list name="修改文件属性" level="3" descr="将文件 HarddiskVolume1\Documents and Settings\All Users\RsYAgYQc\SwckEEwQ.exe 的属性更改为隐藏或只读" times="0">
	<action field="start_boot" type="File" name="SetFileHiddenOrReadOnly" call_pid="2036" call_name="1.exe" call_time="14:24:10.535">
	<exInfo_list count="2">
		<exInfo value="HarddiskVolume1\Documents and Settings\All Users\RsYAgYQc\SwckEEwQ.exe" descr="文件路径"/>
		<exInfo value="00000086" descr="属性"/>
	</exInfo_list>
	</action>
 </action_list><action_list name="检测分析环境" level="1" descr="通过 sleep(180s) 技术检测虚拟机或调试器，逃避分析与查杀" times="0">
	<action field="start_boot" type="System" name="DetectDebugger" call_pid="2036" call_name="1.exe" call_time="14:24:10.539">
	<exInfo_list count="1">
		<exInfo value="sleep(180s)" descr="技术手段"/>
	</exInfo_list>
	</action>
 </action_list><action_list name="检测分析环境" level="1" descr="通过 MemoryOperation 技术检测虚拟机或调试器，逃避分析与查杀" times="0">
	<action field="start_boot" type="System" name="DetectDebugger" call_pid="2036" call_name="1.exe" call_time="14:24:10.558">
	<exInfo_list count="1">
		<exInfo value="MemoryOperation" descr="技术手段"/>
	</exInfo_list>
	</action>
 </action_list><action_list name="查询系统服务" level="3" descr="查询系统服务" times="0">
	<action field="start_boot" type="System" name="AccessServices" call_pid="2036" call_name="1.exe" call_time="14:24:10.538">
	<exInfo_list count="0">
	</exInfo_list>
	</action>
 </action_list><action_list name="控制系统服务" level="3" descr="控制 BsMsgMbF 服务，执行恶意操作" times="0">
	<action field="start_boot" type="System" name="OpenService" call_pid="2036" call_name="1.exe" call_time="14:24:10.576">
	<exInfo_list count="1">
		<exInfo value="BsMsgMbF" descr="服务名"/>
	</exInfo_list>
	</action>
 </action_list><action_list name="创建系统服务" level="3" descr="为 C:\Documents and Settings\All Users\RsYAgYQc\SwckEEwQ.exe 创建系统服务 BsMsgMbF（ BsMsgMbF ）" times="0">
	<action field="start_boot" type="System" name="CreateService" call_pid="2036" call_name="1.exe" call_time="14:24:10.580">
	<exInfo_list count="3">
		<exInfo value="BsMsgMbF" descr="服务名"/>
		<exInfo value="BsMsgMbF" descr="服务显示名"/>
		<exInfo value="C:\Documents and Settings\All Users\RsYAgYQc\SwckEEwQ.exe" descr="服务文件名"/>
	</exInfo_list>
	</action>
 </action_list><action_list name="控制系统服务" level="3" descr="控制 BsMsgMbF 服务，执行恶意操作" times="0">
	<action field="start_boot" type="System" name="OpenService" call_pid="2036" call_name="1.exe" call_time="14:24:10.598">
	<exInfo_list count="1">
		<exInfo value="BsMsgMbF" descr="服务名"/>
	</exInfo_list>
	</action>
 </action_list><action_list name="进程开始执行" level="1" descr="被 1.exe（2036）间接创建的进程开始执行" times="0">
	<action field="start_boot" type="Process" name="BeCreatedIndirectly" call_pid="216" call_name="SwckEEwQ.exe" call_time="14:24:10.617">
	<exInfo_list count="2">
		<exInfo value="1.exe" descr="父进程名"/>
		<exInfo value="2036" descr="父进程ID"/>
	</exInfo_list>
	</action>
 </action_list><action_list name="进程开始执行" level="1" descr="被 1.exe（2036）通过参数 &quot;C:\Documents and Settings\All Users\RsYAgYQc\SwckEEwQ.exe&quot; 以 indirect 方式创建的进程开始执行" times="0">
	<action field="start_boot" type="Process" name="BeCreatedEx" call_pid="216" call_name="SwckEEwQ.exe" call_time="14:24:10.618">
	<exInfo_list count="4">
		<exInfo value="1.exe" descr="父进程名"/>
		<exInfo value="2036" descr="父进程ID"/>
		<exInfo value="&quot;C:\Documents and Settings\All Users\RsYAgYQc\SwckEEwQ.exe&quot;" descr="启动参数"/>
		<exInfo value="indirect" descr="创建方式"/>
	</exInfo_list>
	</action>
 </action_list><action_list name="检测虚拟机" level="3" descr="通过 PerfEvaluate 技术检测虚拟机或调试器，逃避分析与查杀" times="0">
	<action field="start_boot" type="System" name="DetectDebugger" call_pid="1928" call_name="eqgkYooU.exe" call_time="14:24:10.622">
	<exInfo_list count="1">
		<exInfo value="PerfEvaluate" descr="技术手段"/>
	</exInfo_list>
	</action>
 </action_list><action_list name="加载模块" level="1" descr="加载模块 HarddiskVolume1\WINDOWS\system32\advapi32.dll" times="0">
	<action field="start_boot" type="Memory" name="LoadLibrary" call_pid="1928" call_name="eqgkYooU.exe" call_time="14:24:11.225">
	<exInfo_list count="1">
		<exInfo value="HarddiskVolume1\WINDOWS\system32\advapi32.dll" descr="动态链接库"/>
	</exInfo_list>
	</action>
 </action_list><action_list name="加载模块" level="1" descr="加载模块 HarddiskVolume1\WINDOWS\system32\rpcrt4.dll" times="0">
	<action field="start_boot" type="Memory" name="LoadLibrary" call_pid="1928" call_name="eqgkYooU.exe" call_time="14:24:11.230">
	<exInfo_list count="1">
		<exInfo value="HarddiskVolume1\WINDOWS\system32\rpcrt4.dll" descr="动态链接库"/>
	</exInfo_list>
	</action>
 </action_list><action_list name="加载模块" level="1" descr="加载模块 HarddiskVolume1\WINDOWS\system32\secur32.dll" times="0">
	<action field="start_boot" type="Memory" name="LoadLibrary" call_pid="1928" call_name="eqgkYooU.exe" call_time="14:24:11.234">
	<exInfo_list count="1">
		<exInfo value="HarddiskVolume1\WINDOWS\system32\secur32.dll" descr="动态链接库"/>
	</exInfo_list>
	</action>
 </action_list><action_list name="检测虚拟机" level="3" descr="通过 PerfEvaluate 技术检测虚拟机或调试器，逃避分析与查杀" times="0">
	<action field="start_boot" type="System" name="DetectDebugger" call_pid="1928" call_name="eqgkYooU.exe" call_time="14:24:11.266">
	<exInfo_list count="1">
		<exInfo value="PerfEvaluate" descr="技术手段"/>
	</exInfo_list>
	</action>
 </action_list><action_list name="加载模块" level="1" descr="加载模块 HarddiskVolume1\WINDOWS\system32\user32.dll" times="0">
	<action field="start_boot" type="Memory" name="LoadLibrary" call_pid="1928" call_name="eqgkYooU.exe" call_time="14:24:11.273">
	<exInfo_list count="1">
		<exInfo value="HarddiskVolume1\WINDOWS\system32\user32.dll" descr="动态链接库"/>
	</exInfo_list>
	</action>
 </action_list><action_list name="加载模块" level="1" descr="加载模块 HarddiskVolume1\WINDOWS\system32\gdi32.dll" times="0">
	<action field="start_boot" type="Memory" name="LoadLibrary" call_pid="1928" call_name="eqgkYooU.exe" call_time="14:24:11.277">
	<exInfo_list count="1">
		<exInfo value="HarddiskVolume1\WINDOWS\system32\gdi32.dll" descr="动态链接库"/>
	</exInfo_list>
	</action>
 </action_list><action_list name="加载模块" level="1" descr="加载模块 HarddiskVolume1\WINDOWS\system32\imm32.dll" times="0">
	<action field="start_boot" type="Memory" name="LoadLibrary" call_pid="1928" call_name="eqgkYooU.exe" call_time="14:24:11.311">
	<exInfo_list count="1">
		<exInfo value="HarddiskVolume1\WINDOWS\system32\imm32.dll" descr="动态链接库"/>
	</exInfo_list>
	</action>
 </action_list><action_list name="加载模块" level="1" descr="加载模块 HarddiskVolume1\WINDOWS\system32\lpk.dll" times="0">
	<action field="start_boot" type="Memory" name="LoadLibrary" call_pid="1928" call_name="eqgkYooU.exe" call_time="14:24:11.335">
	<exInfo_list count="1">
		<exInfo value="HarddiskVolume1\WINDOWS\system32\lpk.dll" descr="动态链接库"/>
	</exInfo_list>
	</action>
 </action_list><action_list name="加载模块" level="1" descr="加载模块 HarddiskVolume1\WINDOWS\system32\usp10.dll" times="0">
	<action field="start_boot" type="Memory" name="LoadLibrary" call_pid="1928" call_name="eqgkYooU.exe" call_time="14:24:11.340">
	<exInfo_list count="1">
		<exInfo value="HarddiskVolume1\WINDOWS\system32\usp10.dll" descr="动态链接库"/>
	</exInfo_list>
	</action>
 </action_list><action_list name="检测虚拟机" level="3" descr="通过 PerfEvaluate 技术检测虚拟机或调试器，逃避分析与查杀" times="0">
	<action field="start_boot" type="System" name="DetectDebugger" call_pid="1928" call_name="eqgkYooU.exe" call_time="14:24:11.377">
	<exInfo_list count="1">
		<exInfo value="PerfEvaluate" descr="技术手段"/>
	</exInfo_list>
	</action>
 </action_list><action_list name="加载模块" level="1" descr="加载模块 HarddiskVolume1\WINDOWS\system32\ws2_32.dll" times="0">
	<action field="start_boot" type="Memory" name="LoadLibrary" call_pid="1928" call_name="eqgkYooU.exe" call_time="14:24:11.386">
	<exInfo_list count="1">
		<exInfo value="HarddiskVolume1\WINDOWS\system32\ws2_32.dll" descr="动态链接库"/>
	</exInfo_list>
	</action>
 </action_list><action_list name="加载模块" level="1" descr="加载模块 HarddiskVolume1\WINDOWS\system32\msvcrt.dll" times="0">
	<action field="start_boot" type="Memory" name="LoadLibrary" call_pid="1928" call_name="eqgkYooU.exe" call_time="14:24:11.390">
	<exInfo_list count="1">
		<exInfo value="HarddiskVolume1\WINDOWS\system32\msvcrt.dll" descr="动态链接库"/>
	</exInfo_list>
	</action>
 </action_list><action_list name="加载模块" level="1" descr="加载模块 HarddiskVolume1\WINDOWS\system32\ws2help.dll" times="0">
	<action field="start_boot" type="Memory" name="LoadLibrary" call_pid="1928" call_name="eqgkYooU.exe" call_time="14:24:11.406">
	<exInfo_list count="1">
		<exInfo value="HarddiskVolume1\WINDOWS\system32\ws2help.dll" descr="动态链接库"/>
	</exInfo_list>
	</action>
 </action_list><action_list name="检测虚拟机" level="3" descr="通过 PerfEvaluate 技术检测虚拟机或调试器，逃避分析与查杀" times="0">
	<action field="start_boot" type="System" name="DetectDebugger" call_pid="1928" call_name="eqgkYooU.exe" call_time="14:24:11.463">
	<exInfo_list count="1">
		<exInfo value="PerfEvaluate" descr="技术手段"/>
	</exInfo_list>
	</action>
 </action_list><action_list name="加载模块" level="1" descr="加载模块 HarddiskVolume1\WINDOWS\system32\mpr.dll" times="0">
	<action field="start_boot" type="Memory" name="LoadLibrary" call_pid="1928" call_name="eqgkYooU.exe" call_time="14:24:11.485">
	<exInfo_list count="1">
		<exInfo value="HarddiskVolume1\WINDOWS\system32\mpr.dll" descr="动态链接库"/>
	</exInfo_list>
	</action>
 </action_list><action_list name="检测虚拟机" level="3" descr="通过 PerfEvaluate 技术检测虚拟机或调试器，逃避分析与查杀" times="0">
	<action field="start_boot" type="System" name="DetectDebugger" call_pid="1928" call_name="eqgkYooU.exe" call_time="14:24:11.512">
	<exInfo_list count="1">
		<exInfo value="PerfEvaluate" descr="技术手段"/>
	</exInfo_list>
	</action>
 </action_list><action_list name="加载模块" level="1" descr="加载模块 HarddiskVolume1\WINDOWS\system32\shell32.dll" times="0">
	<action field="start_boot" type="Memory" name="LoadLibrary" call_pid="1928" call_name="eqgkYooU.exe" call_time="14:24:11.542">
	<exInfo_list count="1">
		<exInfo value="HarddiskVolume1\WINDOWS\system32\shell32.dll" descr="动态链接库"/>
	</exInfo_list>
	</action>
 </action_list><action_list name="加载模块" level="1" descr="加载模块 HarddiskVolume1\WINDOWS\system32\shlwapi.dll" times="0">
	<action field="start_boot" type="Memory" name="LoadLibrary" call_pid="1928" call_name="eqgkYooU.exe" call_time="14:24:11.554">
	<exInfo_list count="1">
		<exInfo value="HarddiskVolume1\WINDOWS\system32\shlwapi.dll" descr="动态链接库"/>
	</exInfo_list>
	</action>
 </action_list><action_list name="加载模块" level="1" descr="加载模块 HarddiskVolume1\WINDOWS\WinSxS\x86_Microsoft.Windows.Common-Controls_6595b64144ccf1df_6.0.2600.5512_x-ww_35d4ce83\comctl32.dll" times="0">
	<action field="start_boot" type="Memory" name="LoadLibrary" call_pid="1928" call_name="eqgkYooU.exe" call_time="14:24:11.617">
	<exInfo_list count="1">
		<exInfo value="HarddiskVolume1\WINDOWS\WinSxS\x86_Microsoft.Windows.Common-Controls_6595b64144ccf1df_6.0.2600.5512_x-ww_35d4ce83\comctl32.dll" descr="动态链接库"/>
	</exInfo_list>
	</action>
 </action_list><action_list name="加载模块" level="1" descr="加载模块 HarddiskVolume1\WINDOWS\system32\comctl32.dll" times="0">
	<action field="start_boot" type="Memory" name="LoadLibrary" call_pid="1928" call_name="eqgkYooU.exe" call_time="14:24:11.721">
	<exInfo_list count="1">
		<exInfo value="HarddiskVolume1\WINDOWS\system32\comctl32.dll" descr="动态链接库"/>
	</exInfo_list>
	</action>
 </action_list><action_list name="检测虚拟机" level="3" descr="通过 PerfEvaluate 技术检测虚拟机或调试器，逃避分析与查杀" times="0">
	<action field="start_boot" type="System" name="DetectDebugger" call_pid="1928" call_name="eqgkYooU.exe" call_time="14:24:11.773">
	<exInfo_list count="1">
		<exInfo value="PerfEvaluate" descr="技术手段"/>
	</exInfo_list>
	</action>
 </action_list><action_list name="创建互斥量" level="2" descr="创建互斥量 MugosQkY 防止重复感染" times="0">
	<action field="start_boot" type="System" name="CreateMutex" call_pid="1928" call_name="eqgkYooU.exe" call_time="14:24:11.621">
	<exInfo_list count="1">
		<exInfo value="MugosQkY" descr="互斥量名"/>
	</exInfo_list>
	</action>
 </action_list><action_list name="创建互斥量" level="2" descr="创建互斥量 NucIsMQg 防止重复感染" times="0">
	<action field="start_boot" type="System" name="CreateMutex" call_pid="1928" call_name="eqgkYooU.exe" call_time="14:24:11.622">
	<exInfo_list count="1">
		<exInfo value="NucIsMQg" descr="互斥量名"/>
	</exInfo_list>
	</action>
 </action_list><action_list name="检测虚拟机" level="3" descr="通过 PerfEvaluate 技术检测虚拟机或调试器，逃避分析与查杀" times="0">
	<action field="start_boot" type="System" name="DetectDebugger" call_pid="1928" call_name="eqgkYooU.exe" call_time="14:24:11.635">
	<exInfo_list count="1">
		<exInfo value="PerfEvaluate" descr="技术手段"/>
	</exInfo_list>
	</action>
 </action_list><action_list name="修改文件属性" level="3" descr="将文件 HarddiskVolume1\Documents and Settings\xpuser\sIgwwcok 的属性更改为隐藏或只读" times="0">
	<action field="start_boot" type="File" name="SetFileHiddenOrReadOnly" call_pid="1928" call_name="eqgkYooU.exe" call_time="14:24:11.639">
	<exInfo_list count="2">
		<exInfo value="HarddiskVolume1\Documents and Settings\xpuser\sIgwwcok" descr="文件路径"/>
		<exInfo value="00000086" descr="属性"/>
	</exInfo_list>
	</action>
 </action_list><action_list name="检测虚拟机" level="3" descr="通过 PerfEvaluate 技术检测虚拟机或调试器，逃避分析与查杀" times="0">
	<action field="start_boot" type="System" name="DetectDebugger" call_pid="1928" call_name="eqgkYooU.exe" call_time="14:24:11.642">
	<exInfo_list count="1">
		<exInfo value="PerfEvaluate" descr="技术手段"/>
	</exInfo_list>
	</action>
 </action_list><action_list name="修改文件属性" level="3" descr="将文件 HarddiskVolume1\Documents and Settings\All Users\pAgIwsIY 的属性更改为隐藏或只读" times="0">
	<action field="start_boot" type="File" name="SetFileHiddenOrReadOnly" call_pid="1928" call_name="eqgkYooU.exe" call_time="14:24:11.651">
	<exInfo_list count="2">
		<exInfo value="HarddiskVolume1\Documents and Settings\All Users\pAgIwsIY" descr="文件路径"/>
		<exInfo value="00000086" descr="属性"/>
	</exInfo_list>
	</action>
 </action_list><action_list name="检测虚拟机" level="3" descr="通过 PerfEvaluate 技术检测虚拟机或调试器，逃避分析与查杀" times="0">
	<action field="start_boot" type="System" name="DetectDebugger" call_pid="1928" call_name="eqgkYooU.exe" call_time="14:24:11.670">
	<exInfo_list count="1">
		<exInfo value="PerfEvaluate" descr="技术手段"/>
	</exInfo_list>
	</action>
 </action_list><action_list name="检测虚拟机" level="3" descr="通过 PerfEvaluate 技术检测虚拟机或调试器，逃避分析与查杀" times="0">
	<action field="start_boot" type="System" name="DetectDebugger" call_pid="788" call_name="UuYUIQAM.exe" call_time="14:24:11.968">
	<exInfo_list count="1">
		<exInfo value="PerfEvaluate" descr="技术手段"/>
	</exInfo_list>
	</action>
 </action_list><action_list name="加载模块" level="1" descr="加载模块 HarddiskVolume1\WINDOWS\system32\ws2_32.dll" times="0">
	<action field="start_boot" type="Memory" name="LoadLibrary" call_pid="788" call_name="UuYUIQAM.exe" call_time="14:24:11.518">
	<exInfo_list count="1">
		<exInfo value="HarddiskVolume1\WINDOWS\system32\ws2_32.dll" descr="动态链接库"/>
	</exInfo_list>
	</action>
 </action_list><action_list name="加载模块" level="1" descr="加载模块 HarddiskVolume1\WINDOWS\system32\advapi32.dll" times="0">
	<action field="start_boot" type="Memory" name="LoadLibrary" call_pid="788" call_name="UuYUIQAM.exe" call_time="14:24:11.522">
	<exInfo_list count="1">
		<exInfo value="HarddiskVolume1\WINDOWS\system32\advapi32.dll" descr="动态链接库"/>
	</exInfo_list>
	</action>
 </action_list><action_list name="加载模块" level="1" descr="加载模块 HarddiskVolume1\WINDOWS\system32\rpcrt4.dll" times="0">
	<action field="start_boot" type="Memory" name="LoadLibrary" call_pid="788" call_name="UuYUIQAM.exe" call_time="14:24:11.527">
	<exInfo_list count="1">
		<exInfo value="HarddiskVolume1\WINDOWS\system32\rpcrt4.dll" descr="动态链接库"/>
	</exInfo_list>
	</action>
 </action_list><action_list name="加载模块" level="1" descr="加载模块 HarddiskVolume1\WINDOWS\system32\secur32.dll" times="0">
	<action field="start_boot" type="Memory" name="LoadLibrary" call_pid="788" call_name="UuYUIQAM.exe" call_time="14:24:11.531">
	<exInfo_list count="1">
		<exInfo value="HarddiskVolume1\WINDOWS\system32\secur32.dll" descr="动态链接库"/>
	</exInfo_list>
	</action>
 </action_list><action_list name="加载模块" level="1" descr="加载模块 HarddiskVolume1\WINDOWS\system32\msvcrt.dll" times="0">
	<action field="start_boot" type="Memory" name="LoadLibrary" call_pid="788" call_name="UuYUIQAM.exe" call_time="14:24:11.535">
	<exInfo_list count="1">
		<exInfo value="HarddiskVolume1\WINDOWS\system32\msvcrt.dll" descr="动态链接库"/>
	</exInfo_list>
	</action>
 </action_list><action_list name="加载模块" level="1" descr="加载模块 HarddiskVolume1\WINDOWS\system32\ws2help.dll" times="0">
	<action field="start_boot" type="Memory" name="LoadLibrary" call_pid="788" call_name="UuYUIQAM.exe" call_time="14:24:11.551">
	<exInfo_list count="1">
		<exInfo value="HarddiskVolume1\WINDOWS\system32\ws2help.dll" descr="动态链接库"/>
	</exInfo_list>
	</action>
 </action_list><action_list name="检测虚拟机" level="3" descr="通过 PerfEvaluate 技术检测虚拟机或调试器，逃避分析与查杀" times="0">
	<action field="start_boot" type="System" name="DetectDebugger" call_pid="788" call_name="UuYUIQAM.exe" call_time="14:24:11.638">
	<exInfo_list count="1">
		<exInfo value="PerfEvaluate" descr="技术手段"/>
	</exInfo_list>
	</action>
 </action_list><action_list name="加载模块" level="1" descr="加载模块 HarddiskVolume1\WINDOWS\system32\gdi32.dll" times="0">
	<action field="start_boot" type="Memory" name="LoadLibrary" call_pid="788" call_name="UuYUIQAM.exe" call_time="14:24:11.655">
	<exInfo_list count="1">
		<exInfo value="HarddiskVolume1\WINDOWS\system32\gdi32.dll" descr="动态链接库"/>
	</exInfo_list>
	</action>
 </action_list><action_list name="加载模块" level="1" descr="加载模块 HarddiskVolume1\WINDOWS\system32\user32.dll" times="0">
	<action field="start_boot" type="Memory" name="LoadLibrary" call_pid="788" call_name="UuYUIQAM.exe" call_time="14:24:11.659">
	<exInfo_list count="1">
		<exInfo value="HarddiskVolume1\WINDOWS\system32\user32.dll" descr="动态链接库"/>
	</exInfo_list>
	</action>
 </action_list><action_list name="加载模块" level="1" descr="加载模块 HarddiskVolume1\WINDOWS\system32\imm32.dll" times="0">
	<action field="start_boot" type="Memory" name="LoadLibrary" call_pid="788" call_name="UuYUIQAM.exe" call_time="14:24:11.686">
	<exInfo_list count="1">
		<exInfo value="HarddiskVolume1\WINDOWS\system32\imm32.dll" descr="动态链接库"/>
	</exInfo_list>
	</action>
 </action_list><action_list name="加载模块" level="1" descr="加载模块 HarddiskVolume1\WINDOWS\system32\lpk.dll" times="0">
	<action field="start_boot" type="Memory" name="LoadLibrary" call_pid="788" call_name="UuYUIQAM.exe" call_time="14:24:11.712">
	<exInfo_list count="1">
		<exInfo value="HarddiskVolume1\WINDOWS\system32\lpk.dll" descr="动态链接库"/>
	</exInfo_list>
	</action>
 </action_list><action_list name="加载模块" level="1" descr="加载模块 HarddiskVolume1\WINDOWS\system32\usp10.dll" times="0">
	<action field="start_boot" type="Memory" name="LoadLibrary" call_pid="788" call_name="UuYUIQAM.exe" call_time="14:24:11.717">
	<exInfo_list count="1">
		<exInfo value="HarddiskVolume1\WINDOWS\system32\usp10.dll" descr="动态链接库"/>
	</exInfo_list>
	</action>
 </action_list><action_list name="检测虚拟机" level="3" descr="通过 PerfEvaluate 技术检测虚拟机或调试器，逃避分析与查杀" times="0">
	<action field="start_boot" type="System" name="DetectDebugger" call_pid="788" call_name="UuYUIQAM.exe" call_time="14:24:11.754">
	<exInfo_list count="1">
		<exInfo value="PerfEvaluate" descr="技术手段"/>
	</exInfo_list>
	</action>
 </action_list><action_list name="加载模块" level="1" descr="加载模块 HarddiskVolume1\WINDOWS\system32\shell32.dll" times="0">
	<action field="start_boot" type="Memory" name="LoadLibrary" call_pid="788" call_name="UuYUIQAM.exe" call_time="14:24:11.807">
	<exInfo_list count="1">
		<exInfo value="HarddiskVolume1\WINDOWS\system32\shell32.dll" descr="动态链接库"/>
	</exInfo_list>
	</action>
 </action_list><action_list name="加载模块" level="1" descr="加载模块 HarddiskVolume1\WINDOWS\system32\shlwapi.dll" times="0">
	<action field="start_boot" type="Memory" name="LoadLibrary" call_pid="788" call_name="UuYUIQAM.exe" call_time="14:24:11.819">
	<exInfo_list count="1">
		<exInfo value="HarddiskVolume1\WINDOWS\system32\shlwapi.dll" descr="动态链接库"/>
	</exInfo_list>
	</action>
 </action_list><action_list name="加载模块" level="1" descr="加载模块 HarddiskVolume1\WINDOWS\WinSxS\x86_Microsoft.Windows.Common-Controls_6595b64144ccf1df_6.0.2600.5512_x-ww_35d4ce83\comctl32.dll" times="0">
	<action field="start_boot" type="Memory" name="LoadLibrary" call_pid="788" call_name="UuYUIQAM.exe" call_time="14:24:11.882">
	<exInfo_list count="1">
		<exInfo value="HarddiskVolume1\WINDOWS\WinSxS\x86_Microsoft.Windows.Common-Controls_6595b64144ccf1df_6.0.2600.5512_x-ww_35d4ce83\comctl32.dll" descr="动态链接库"/>
	</exInfo_list>
	</action>
 </action_list><action_list name="加载模块" level="1" descr="加载模块 HarddiskVolume1\WINDOWS\system32\comctl32.dll" times="0">
	<action field="start_boot" type="Memory" name="LoadLibrary" call_pid="788" call_name="UuYUIQAM.exe" call_time="14:24:11.971">
	<exInfo_list count="1">
		<exInfo value="HarddiskVolume1\WINDOWS\system32\comctl32.dll" descr="动态链接库"/>
	</exInfo_list>
	</action>
 </action_list><action_list name="检测虚拟机" level="3" descr="通过 PerfEvaluate 技术检测虚拟机或调试器，逃避分析与查杀" times="0">
	<action field="start_boot" type="System" name="DetectDebugger" call_pid="1928" call_name="eqgkYooU.exe" call_time="14:24:11.005">
	<exInfo_list count="1">
		<exInfo value="PerfEvaluate" descr="技术手段"/>
	</exInfo_list>
	</action>
 </action_list><action_list name="设置自启动" level="3" descr="将 eqgkYooU.exe 设置为开机自启动" times="0">
	<action field="start_boot" type="Reg" name="SetKeyValue" call_pid="1928" call_name="eqgkYooU.exe" call_time="14:24:11.009">
	<exInfo_list count="2">
		<exInfo value="\REGISTRY\USER\S-1-5-21-117609710-838170752-515967899-1003\SOFTWARE\MICROSOFT\WINDOWS\CURRENTVERSION\RUN" descr="键名"/>
		<exInfo value="eqgkYooU.exe" descr="键值"/>
	</exInfo_list>
	</action>
 </action_list><action_list name="检测虚拟机" level="3" descr="通过 PerfEvaluate 技术检测虚拟机或调试器，逃避分析与查杀" times="0">
	<action field="start_boot" type="System" name="DetectDebugger" call_pid="1928" call_name="eqgkYooU.exe" call_time="14:24:11.011">
	<exInfo_list count="1">
		<exInfo value="PerfEvaluate" descr="技术手段"/>
	</exInfo_list>
	</action>
 </action_list><action_list name="创建互斥量" level="2" descr="创建互斥量 ?@ 防止重复感染" times="0">
	<action field="start_boot" type="System" name="CreateMutex" call_pid="1928" call_name="eqgkYooU.exe" call_time="14:24:11.017">
	<exInfo_list count="1">
		<exInfo value="?@" descr="互斥量名"/>
	</exInfo_list>
	</action>
 </action_list><action_list name="创建互斥量" level="2" descr="创建互斥量  *@ 防止重复感染" times="0">
	<action field="start_boot" type="System" name="CreateMutex" call_pid="1928" call_name="eqgkYooU.exe" call_time="14:24:11.020">
	<exInfo_list count="1">
		<exInfo value=" *@" descr="互斥量名"/>
	</exInfo_list>
	</action>
 </action_list><action_list name="创建互斥量" level="2" descr="创建互斥量 *@ 防止重复感染" times="0">
	<action field="start_boot" type="System" name="CreateMutex" call_pid="1928" call_name="eqgkYooU.exe" call_time="14:24:11.021">
	<exInfo_list count="1">
		<exInfo value="*@" descr="互斥量名"/>
	</exInfo_list>
	</action>
 </action_list><action_list name="创建互斥量" level="2" descr="创建互斥量  *@ 防止重复感染" times="0">
	<action field="start_boot" type="System" name="CreateMutex" call_pid="1928" call_name="eqgkYooU.exe" call_time="14:24:11.022">
	<exInfo_list count="1">
		<exInfo value=" *@" descr="互斥量名"/>
	</exInfo_list>
	</action>
 </action_list><action_list name="检测虚拟机" level="3" descr="通过 PerfEvaluate 技术检测虚拟机或调试器，逃避分析与查杀" times="0">
	<action field="start_boot" type="System" name="DetectDebugger" call_pid="1928" call_name="eqgkYooU.exe" call_time="14:24:11.023">
	<exInfo_list count="1">
		<exInfo value="PerfEvaluate" descr="技术手段"/>
	</exInfo_list>
	</action>
 </action_list><action_list name="检测虚拟机" level="3" descr="通过 PerfEvaluate 技术检测虚拟机或调试器，逃避分析与查杀" times="0">
	<action field="start_boot" type="System" name="DetectDebugger" call_pid="788" call_name="UuYUIQAM.exe" call_time="14:24:11.064">
	<exInfo_list count="1">
		<exInfo value="PerfEvaluate" descr="技术手段"/>
	</exInfo_list>
	</action>
 </action_list><action_list name="加载模块" level="1" descr="加载模块 HarddiskVolume1\WINDOWS\system32\mpr.dll" times="0">
	<action field="start_boot" type="Memory" name="LoadLibrary" call_pid="788" call_name="UuYUIQAM.exe" call_time="14:24:11.174">
	<exInfo_list count="1">
		<exInfo value="HarddiskVolume1\WINDOWS\system32\mpr.dll" descr="动态链接库"/>
	</exInfo_list>
	</action>
 </action_list><action_list name="检测虚拟机" level="3" descr="通过 PerfEvaluate 技术检测虚拟机或调试器，逃避分析与查杀" times="0">
	<action field="start_boot" type="System" name="DetectDebugger" call_pid="788" call_name="UuYUIQAM.exe" call_time="14:24:11.185">
	<exInfo_list count="1">
		<exInfo value="PerfEvaluate" descr="技术手段"/>
	</exInfo_list>
	</action>
 </action_list><action_list name="修改文件属性" level="3" descr="将文件 HarddiskVolume1\Documents and Settings\xpuser\sIgwwcok\eqgkYooU.inf 的属性更改为隐藏或只读" times="0">
	<action field="start_boot" type="File" name="SetFileHiddenOrReadOnly" call_pid="1928" call_name="eqgkYooU.exe" call_time="14:24:11.559">
	<exInfo_list count="2">
		<exInfo value="HarddiskVolume1\Documents and Settings\xpuser\sIgwwcok\eqgkYooU.inf" descr="文件路径"/>
		<exInfo value="00000086" descr="属性"/>
	</exInfo_list>
	</action>
 </action_list><action_list name="写入文件" level="3" descr="写入文件 HarddiskVolume1\Documents and Settings\xpuser\sIgwwcok\eqgkYooU.inf" times="0">
	<action field="start_boot" type="File" name="WriteFile" call_pid="1928" call_name="eqgkYooU.exe" call_time="14:24:11.561">
	<exInfo_list count="1">
		<exInfo value="HarddiskVolume1\Documents and Settings\xpuser\sIgwwcok\eqgkYooU.inf" descr="文件路径"/>
	</exInfo_list>
	</action>
 </action_list><action_list name="检测虚拟机" level="3" descr="通过 PerfEvaluate 技术检测虚拟机或调试器，逃避分析与查杀" times="0">
	<action field="start_boot" type="System" name="DetectDebugger" call_pid="1928" call_name="eqgkYooU.exe" call_time="14:24:11.565">
	<exInfo_list count="1">
		<exInfo value="PerfEvaluate" descr="技术手段"/>
	</exInfo_list>
	</action>
 </action_list><action_list name="加载模块" level="1" descr="加载模块 HarddiskVolume1\WINDOWS\system32\mswsock.dll" times="0">
	<action field="start_boot" type="Memory" name="LoadLibrary" call_pid="1928" call_name="eqgkYooU.exe" call_time="14:24:11.371">
	<exInfo_list count="1">
		<exInfo value="HarddiskVolume1\WINDOWS\system32\mswsock.dll" descr="动态链接库"/>
	</exInfo_list>
	</action>
 </action_list><action_list name="加载模块" level="1" descr="加载模块 HarddiskVolume1\WINDOWS\system32\dnsapi.dll" times="0">
	<action field="start_boot" type="Memory" name="LoadLibrary" call_pid="1928" call_name="eqgkYooU.exe" call_time="14:24:11.391">
	<exInfo_list count="1">
		<exInfo value="HarddiskVolume1\WINDOWS\system32\dnsapi.dll" descr="动态链接库"/>
	</exInfo_list>
	</action>
 </action_list><action_list name="检测分析环境" level="1" descr="通过 MemoryOperation 技术检测虚拟机或调试器，逃避分析与查杀" times="0">
	<action field="start_boot" type="System" name="DetectDebugger" call_pid="1928" call_name="eqgkYooU.exe" call_time="14:24:11.432">
	<exInfo_list count="1">
		<exInfo value="MemoryOperation" descr="技术手段"/>
	</exInfo_list>
	</action>
 </action_list><action_list name="检测虚拟机" level="3" descr="通过 PerfEvaluate 技术检测虚拟机或调试器，逃避分析与查杀" times="0">
	<action field="start_boot" type="System" name="DetectDebugger" call_pid="1928" call_name="eqgkYooU.exe" call_time="14:24:11.449">
	<exInfo_list count="1">
		<exInfo value="PerfEvaluate" descr="技术手段"/>
	</exInfo_list>
	</action>
 </action_list><action_list name="加载模块" level="1" descr="加载模块 HarddiskVolume1\WINDOWS\system32\hnetcfg.dll" times="0">
	<action field="start_boot" type="Memory" name="LoadLibrary" call_pid="1928" call_name="eqgkYooU.exe" call_time="14:24:11.456">
	<exInfo_list count="1">
		<exInfo value="HarddiskVolume1\WINDOWS\system32\hnetcfg.dll" descr="动态链接库"/>
	</exInfo_list>
	</action>
 </action_list><action_list name="加载模块" level="1" descr="加载模块 HarddiskVolume1\WINDOWS\system32\wshtcpip.dll" times="0">
	<action field="start_boot" type="Memory" name="LoadLibrary" call_pid="1928" call_name="eqgkYooU.exe" call_time="14:24:11.496">
	<exInfo_list count="1">
		<exInfo value="HarddiskVolume1\WINDOWS\system32\wshtcpip.dll" descr="动态链接库"/>
	</exInfo_list>
	</action>
 </action_list><action_list name="检测虚拟机" level="3" descr="通过 PerfEvaluate 技术检测虚拟机或调试器，逃避分析与查杀" times="0">
	<action field="start_boot" type="System" name="DetectDebugger" call_pid="788" call_name="UuYUIQAM.exe" call_time="14:24:11.879">
	<exInfo_list count="1">
		<exInfo value="PerfEvaluate" descr="技术手段"/>
	</exInfo_list>
	</action>
 </action_list><action_list name="检测虚拟机" level="3" descr="通过 PerfEvaluate 技术检测虚拟机或调试器，逃避分析与查杀" times="0">
	<action field="start_boot" type="System" name="DetectDebugger" call_pid="1928" call_name="eqgkYooU.exe" call_time="14:24:11.912">
	<exInfo_list count="1">
		<exInfo value="PerfEvaluate" descr="技术手段"/>
	</exInfo_list>
	</action>
 </action_list><action_list name="访问网络服务" level="3" descr="获取系统提供的socket服务" times="0">
	<action field="start_boot" type="Network" name="AccessSocketService" call_pid="1928" call_name="eqgkYooU.exe" call_time="14:24:11.451">
	<exInfo_list count="0">
	</exInfo_list>
	</action>
 </action_list><action_list name="创建互斥量" level="2" descr="创建互斥量 MugosQkY 防止重复感染" times="0">
	<action field="start_boot" type="System" name="CreateMutex" call_pid="788" call_name="UuYUIQAM.exe" call_time="14:24:19.998">
	<exInfo_list count="1">
		<exInfo value="MugosQkY" descr="互斥量名"/>
	</exInfo_list>
	</action>
 </action_list><action_list name="创建互斥量" level="2" descr="创建互斥量 NucIsMQg 防止重复感染" times="0">
	<action field="start_boot" type="System" name="CreateMutex" call_pid="788" call_name="UuYUIQAM.exe" call_time="14:24:19.999">
	<exInfo_list count="1">
		<exInfo value="NucIsMQg" descr="互斥量名"/>
	</exInfo_list>
	</action>
 </action_list><action_list name="检测虚拟机" level="3" descr="通过 PerfEvaluate 技术检测虚拟机或调试器，逃避分析与查杀" times="0">
	<action field="start_boot" type="System" name="DetectDebugger" call_pid="788" call_name="UuYUIQAM.exe" call_time="14:24:20.012">
	<exInfo_list count="1">
		<exInfo value="PerfEvaluate" descr="技术手段"/>
	</exInfo_list>
	</action>
 </action_list><action_list name="修改文件属性" level="3" descr="将文件 HarddiskVolume1\Documents and Settings\xpuser\sIgwwcok 的属性更改为隐藏或只读" times="0">
	<action field="start_boot" type="File" name="SetFileHiddenOrReadOnly" call_pid="788" call_name="UuYUIQAM.exe" call_time="14:24:20.016">
	<exInfo_list count="2">
		<exInfo value="HarddiskVolume1\Documents and Settings\xpuser\sIgwwcok" descr="文件路径"/>
		<exInfo value="00000086" descr="属性"/>
	</exInfo_list>
	</action>
 </action_list><action_list name="检测虚拟机" level="3" descr="通过 PerfEvaluate 技术检测虚拟机或调试器，逃避分析与查杀" times="0">
	<action field="start_boot" type="System" name="DetectDebugger" call_pid="1928" call_name="eqgkYooU.exe" call_time="14:24:20.027">
	<exInfo_list count="1">
		<exInfo value="PerfEvaluate" descr="技术手段"/>
	</exInfo_list>
	</action>
 </action_list><action_list name="加载模块" level="1" descr="加载模块 HarddiskVolume1\WINDOWS\system32\winrnr.dll" times="0">
	<action field="start_boot" type="Memory" name="LoadLibrary" call_pid="1928" call_name="eqgkYooU.exe" call_time="14:24:20.048">
	<exInfo_list count="1">
		<exInfo value="HarddiskVolume1\WINDOWS\system32\winrnr.dll" descr="动态链接库"/>
	</exInfo_list>
	</action>
 </action_list><action_list name="加载模块" level="1" descr="加载模块 HarddiskVolume1\WINDOWS\system32\wldap32.dll" times="0">
	<action field="start_boot" type="Memory" name="LoadLibrary" call_pid="1928" call_name="eqgkYooU.exe" call_time="14:24:20.059">
	<exInfo_list count="1">
		<exInfo value="HarddiskVolume1\WINDOWS\system32\wldap32.dll" descr="动态链接库"/>
	</exInfo_list>
	</action>
 </action_list><action_list name="检测虚拟机" level="3" descr="通过 PerfEvaluate 技术检测虚拟机或调试器，逃避分析与查杀" times="0">
	<action field="start_boot" type="System" name="DetectDebugger" call_pid="1928" call_name="eqgkYooU.exe" call_time="14:24:20.090">
	<exInfo_list count="1">
		<exInfo value="PerfEvaluate" descr="技术手段"/>
	</exInfo_list>
	</action>
 </action_list><action_list name="检测虚拟机" level="3" descr="通过 PerfEvaluate 技术检测虚拟机或调试器，逃避分析与查杀" times="0">
	<action field="start_boot" type="System" name="DetectDebugger" call_pid="788" call_name="UuYUIQAM.exe" call_time="14:24:20.093">
	<exInfo_list count="1">
		<exInfo value="PerfEvaluate" descr="技术手段"/>
	</exInfo_list>
	</action>
 </action_list><action_list name="修改文件属性" level="3" descr="将文件 HarddiskVolume1\Documents and Settings\All Users\pAgIwsIY 的属性更改为隐藏或只读" times="0">
	<action field="start_boot" type="File" name="SetFileHiddenOrReadOnly" call_pid="788" call_name="UuYUIQAM.exe" call_time="14:24:20.102">
	<exInfo_list count="2">
		<exInfo value="HarddiskVolume1\Documents and Settings\All Users\pAgIwsIY" descr="文件路径"/>
		<exInfo value="00000086" descr="属性"/>
	</exInfo_list>
	</action>
 </action_list><action_list name="检测虚拟机" level="3" descr="通过 PerfEvaluate 技术检测虚拟机或调试器，逃避分析与查杀" times="0">
	<action field="start_boot" type="System" name="DetectDebugger" call_pid="788" call_name="UuYUIQAM.exe" call_time="14:24:20.105">
	<exInfo_list count="1">
		<exInfo value="PerfEvaluate" descr="技术手段"/>
	</exInfo_list>
	</action>
 </action_list><action_list name="检测虚拟机" level="3" descr="通过 PerfEvaluate 技术检测虚拟机或调试器，逃避分析与查杀" times="0">
	<action field="start_boot" type="System" name="DetectDebugger" call_pid="1928" call_name="eqgkYooU.exe" call_time="14:24:20.124">
	<exInfo_list count="1">
		<exInfo value="PerfEvaluate" descr="技术手段"/>
	</exInfo_list>
	</action>
 </action_list><action_list name="检测虚拟机" level="3" descr="通过 PerfEvaluate 技术检测虚拟机或调试器，逃避分析与查杀" times="0">
	<action field="start_boot" type="System" name="DetectDebugger" call_pid="788" call_name="UuYUIQAM.exe" call_time="14:24:20.136">
	<exInfo_list count="1">
		<exInfo value="PerfEvaluate" descr="技术手段"/>
	</exInfo_list>
	</action>
 </action_list><action_list name="设置自启动" level="3" descr="将 UuYUIQAM.exe 设置为开机自启动" times="0">
	<action field="start_boot" type="Reg" name="SetKeyValue" call_pid="788" call_name="UuYUIQAM.exe" call_time="14:24:20.239">
	<exInfo_list count="2">
		<exInfo value="\REGISTRY\MACHINE\SOFTWARE\MICROSOFT\WINDOWS\CURRENTVERSION\RUN" descr="键名"/>
		<exInfo value="UuYUIQAM.exe" descr="键值"/>
	</exInfo_list>
	</action>
 </action_list><action_list name="检测虚拟机" level="3" descr="通过 PerfEvaluate 技术检测虚拟机或调试器，逃避分析与查杀" times="0">
	<action field="start_boot" type="System" name="DetectDebugger" call_pid="788" call_name="UuYUIQAM.exe" call_time="14:24:20.241">
	<exInfo_list count="1">
		<exInfo value="PerfEvaluate" descr="技术手段"/>
	</exInfo_list>
	</action>
 </action_list><action_list name="创建互斥量" level="2" descr="创建互斥量 ?@ 防止重复感染" times="0">
	<action field="start_boot" type="System" name="CreateMutex" call_pid="788" call_name="UuYUIQAM.exe" call_time="14:24:20.247">
	<exInfo_list count="1">
		<exInfo value="?@" descr="互斥量名"/>
	</exInfo_list>
	</action>
 </action_list><action_list name="创建互斥量" level="2" descr="创建互斥量  *@ 防止重复感染" times="0">
	<action field="start_boot" type="System" name="CreateMutex" call_pid="788" call_name="UuYUIQAM.exe" call_time="14:24:20.250">
	<exInfo_list count="1">
		<exInfo value=" *@" descr="互斥量名"/>
	</exInfo_list>
	</action>
 </action_list><action_list name="创建互斥量" level="2" descr="创建互斥量 *@ 防止重复感染" times="0">
	<action field="start_boot" type="System" name="CreateMutex" call_pid="788" call_name="UuYUIQAM.exe" call_time="14:24:20.251">
	<exInfo_list count="1">
		<exInfo value="*@" descr="互斥量名"/>
	</exInfo_list>
	</action>
 </action_list><action_list name="创建互斥量" level="2" descr="创建互斥量  *@ 防止重复感染" times="0">
	<action field="start_boot" type="System" name="CreateMutex" call_pid="788" call_name="UuYUIQAM.exe" call_time="14:24:20.252">
	<exInfo_list count="1">
		<exInfo value=" *@" descr="互斥量名"/>
	</exInfo_list>
	</action>
 </action_list><action_list name="检测虚拟机" level="3" descr="通过 PerfEvaluate 技术检测虚拟机或调试器，逃避分析与查杀" times="0">
	<action field="start_boot" type="System" name="DetectDebugger" call_pid="788" call_name="UuYUIQAM.exe" call_time="14:24:20.253">
	<exInfo_list count="1">
		<exInfo value="PerfEvaluate" descr="技术手段"/>
	</exInfo_list>
	</action>
 </action_list><action_list name="修改文件属性" level="3" descr="将文件 HarddiskVolume1\Documents and Settings\All Users\pAgIwsIY\UuYUIQAM.inf 的属性更改为隐藏或只读" times="0">
	<action field="start_boot" type="File" name="SetFileHiddenOrReadOnly" call_pid="788" call_name="UuYUIQAM.exe" call_time="14:24:20.283">
	<exInfo_list count="2">
		<exInfo value="HarddiskVolume1\Documents and Settings\All Users\pAgIwsIY\UuYUIQAM.inf" descr="文件路径"/>
		<exInfo value="00000086" descr="属性"/>
	</exInfo_list>
	</action>
 </action_list><action_list name="写入文件" level="3" descr="写入文件 HarddiskVolume1\Documents and Settings\All Users\pAgIwsIY\UuYUIQAM.inf" times="0">
	<action field="start_boot" type="File" name="WriteFile" call_pid="788" call_name="UuYUIQAM.exe" call_time="14:24:20.285">
	<exInfo_list count="1">
		<exInfo value="HarddiskVolume1\Documents and Settings\All Users\pAgIwsIY\UuYUIQAM.inf" descr="文件路径"/>
	</exInfo_list>
	</action>
 </action_list><action_list name="检测虚拟机" level="3" descr="通过 PerfEvaluate 技术检测虚拟机或调试器，逃避分析与查杀" times="0">
	<action field="start_boot" type="System" name="DetectDebugger" call_pid="788" call_name="UuYUIQAM.exe" call_time="14:24:20.289">
	<exInfo_list count="1">
		<exInfo value="PerfEvaluate" descr="技术手段"/>
	</exInfo_list>
	</action>
 </action_list><action_list name="加载模块" level="1" descr="加载模块 HarddiskVolume1\WINDOWS\system32\mswsock.dll" times="0">
	<action field="start_boot" type="Memory" name="LoadLibrary" call_pid="788" call_name="UuYUIQAM.exe" call_time="14:24:28.142">
	<exInfo_list count="1">
		<exInfo value="HarddiskVolume1\WINDOWS\system32\mswsock.dll" descr="动态链接库"/>
	</exInfo_list>
	</action>
 </action_list><action_list name="加载模块" level="1" descr="加载模块 HarddiskVolume1\WINDOWS\system32\dnsapi.dll" times="0">
	<action field="start_boot" type="Memory" name="LoadLibrary" call_pid="788" call_name="UuYUIQAM.exe" call_time="14:24:28.162">
	<exInfo_list count="1">
		<exInfo value="HarddiskVolume1\WINDOWS\system32\dnsapi.dll" descr="动态链接库"/>
	</exInfo_list>
	</action>
 </action_list><action_list name="检测分析环境" level="1" descr="通过 MemoryOperation 技术检测虚拟机或调试器，逃避分析与查杀" times="0">
	<action field="start_boot" type="System" name="DetectDebugger" call_pid="788" call_name="UuYUIQAM.exe" call_time="14:24:28.204">
	<exInfo_list count="1">
		<exInfo value="MemoryOperation" descr="技术手段"/>
	</exInfo_list>
	</action>
 </action_list><action_list name="检测虚拟机" level="3" descr="通过 PerfEvaluate 技术检测虚拟机或调试器，逃避分析与查杀" times="0">
	<action field="start_boot" type="System" name="DetectDebugger" call_pid="788" call_name="UuYUIQAM.exe" call_time="14:24:28.218">
	<exInfo_list count="1">
		<exInfo value="PerfEvaluate" descr="技术手段"/>
	</exInfo_list>
	</action>
 </action_list><action_list name="加载模块" level="1" descr="加载模块 HarddiskVolume1\WINDOWS\system32\hnetcfg.dll" times="0">
	<action field="start_boot" type="Memory" name="LoadLibrary" call_pid="788" call_name="UuYUIQAM.exe" call_time="14:24:28.224">
	<exInfo_list count="1">
		<exInfo value="HarddiskVolume1\WINDOWS\system32\hnetcfg.dll" descr="动态链接库"/>
	</exInfo_list>
	</action>
 </action_list><action_list name="加载模块" level="1" descr="加载模块 HarddiskVolume1\WINDOWS\system32\wshtcpip.dll" times="0">
	<action field="start_boot" type="Memory" name="LoadLibrary" call_pid="788" call_name="UuYUIQAM.exe" call_time="14:24:28.263">
	<exInfo_list count="1">
		<exInfo value="HarddiskVolume1\WINDOWS\system32\wshtcpip.dll" descr="动态链接库"/>
	</exInfo_list>
	</action>
 </action_list><action_list name="检测虚拟机" level="3" descr="通过 PerfEvaluate 技术检测虚拟机或调试器，逃避分析与查杀" times="0">
	<action field="start_boot" type="System" name="DetectDebugger" call_pid="788" call_name="UuYUIQAM.exe" call_time="14:24:36.292">
	<exInfo_list count="1">
		<exInfo value="PerfEvaluate" descr="技术手段"/>
	</exInfo_list>
	</action>
 </action_list><action_list name="写入文件" level="3" descr="写入文件 HarddiskVolume1\Documents and Settings\xpuser\sIgwwcok\eqgkYooU.inf" times="0">
	<action field="start_boot" type="File" name="WriteFile" call_pid="1928" call_name="eqgkYooU.exe" call_time="14:24:36.372">
	<exInfo_list count="1">
		<exInfo value="HarddiskVolume1\Documents and Settings\xpuser\sIgwwcok\eqgkYooU.inf" descr="文件路径"/>
	</exInfo_list>
	</action>
 </action_list><action_list name="加载模块" level="1" descr="加载模块 HarddiskVolume1\WINDOWS\system32\winrnr.dll" times="0">
	<action field="start_boot" type="Memory" name="LoadLibrary" call_pid="788" call_name="UuYUIQAM.exe" call_time="14:24:36.387">
	<exInfo_list count="1">
		<exInfo value="HarddiskVolume1\WINDOWS\system32\winrnr.dll" descr="动态链接库"/>
	</exInfo_list>
	</action>
 </action_list><action_list name="加载模块" level="1" descr="加载模块 HarddiskVolume1\WINDOWS\system32\wldap32.dll" times="0">
	<action field="start_boot" type="Memory" name="LoadLibrary" call_pid="788" call_name="UuYUIQAM.exe" call_time="14:24:36.398">
	<exInfo_list count="1">
		<exInfo value="HarddiskVolume1\WINDOWS\system32\wldap32.dll" descr="动态链接库"/>
	</exInfo_list>
	</action>
 </action_list><action_list name="检测分析环境" level="1" descr="通过 sleep(180s) 技术检测虚拟机或调试器，逃避分析与查杀" times="0">
	<action field="start_boot" type="System" name="DetectDebugger" call_pid="1928" call_name="eqgkYooU.exe" call_time="14:24:36.423">
	<exInfo_list count="1">
		<exInfo value="sleep(180s)" descr="技术手段"/>
	</exInfo_list>
	</action>
 </action_list><action_list name="查询系统服务" level="3" descr="查询系统服务" times="0">
	<action field="start_boot" type="System" name="AccessServices" call_pid="1928" call_name="eqgkYooU.exe" call_time="14:24:36.422">
	<exInfo_list count="0">
	</exInfo_list>
	</action>
 </action_list><action_list name="控制系统服务" level="3" descr="控制 BsMsgMbF 服务，执行恶意操作" times="0">
	<action field="start_boot" type="System" name="OpenService" call_pid="1928" call_name="eqgkYooU.exe" call_time="14:24:36.429">
	<exInfo_list count="1">
		<exInfo value="BsMsgMbF" descr="服务名"/>
	</exInfo_list>
	</action>
 </action_list><action_list name="创建网络连接" level="3" descr="连接到远程主机 200.87.164.69: 9999" times="0">
	<action field="start_boot" type="Network" name="connect" call_pid="1928" call_name="eqgkYooU.exe" call_time="14:24:11.947">
	<exInfo_list count="1">
		<exInfo value="200.87.164.69: 9999" descr="远程服务器Host"/>
	</exInfo_list>
	</action>
 </action_list><action_list name="检测虚拟机" level="3" descr="通过 PerfEvaluate 技术检测虚拟机或调试器，逃避分析与查杀" times="0">
	<action field="start_boot" type="System" name="DetectDebugger" call_pid="1928" call_name="eqgkYooU.exe" call_time="14:25:01.542">
	<exInfo_list count="1">
		<exInfo value="PerfEvaluate" descr="技术手段"/>
	</exInfo_list>
	</action>
 </action_list><action_list name="写入文件" level="3" descr="写入文件 HarddiskVolume1\Documents and Settings\All Users\pAgIwsIY\UuYUIQAM.inf" times="0">
	<action field="start_boot" type="File" name="WriteFile" call_pid="788" call_name="UuYUIQAM.exe" call_time="14:25:01.604">
	<exInfo_list count="1">
		<exInfo value="HarddiskVolume1\Documents and Settings\All Users\pAgIwsIY\UuYUIQAM.inf" descr="文件路径"/>
	</exInfo_list>
	</action>
 </action_list><action_list name="分析结束" level="-1" descr="动态分析结束" times="0">
	<action field="start_boot" type="System" name="AnalyzeStop" call_pid="0" call_name="" call_time="14:25:03.439">
	<exInfo_list count="0">
	</exInfo_list>
	</action>
 </action_list></file>