<?xml version="1.0" encoding="UTF-8"?> 

<file name="1.exe" 文件扩展名信息="  描述：Directly executable program   使用信息: DOS, OpenVMS, Microsoft Windows, Symbian or OS/2" sha1="b90bd39425cdef34d25ea8ec3db448259d224980" md5="b80ef95ab8a9499fefd6784991f05c7e" CRC32="d60d1118" SSDEEP="6144:CDCwftqv1dEcl57Iv1dE2Y3Ol57Iv1dEcl57Iv1dE2Y3x3YYhLrgXY:C7sn/EVj/En/EVmjLryY" ImportHash="6d5d84d2f024a2d1307b9d8c6b474103" size="502910" type="exe" error="0" virusresult="Trojan.Win32.Lunam.a," vp_name="klo07" reportType="final" exiftool="File Name                       : 1.exe--list--File Size                       : 491 kB--list--File Modification Date/Time     : 2020:01:17 16:47:46+08:00--list--File Access Date/Time           : 2020:01:17 16:47:46+08:00--list--File Inode Change Date/Time     : 2020:01:17 16:47:46+08:00--list--File Type                       : Win32 EXE--list--File Type Extension             : exe--list--MIME Type                       : application/octet-stream--list--Machine Type                    : Intel 386 or later, and compatibles--list--Time Stamp                      : 2008:11:16 11:29:47+08:00--list--PE Type                         : PE32--list--Linker Version                  : 6.0--list--Code Size                       : 106496--list--Initialized Data Size           : 32768--list--Uninitialized Data Size         : 0--list--Entry Point                     : 0x1e60--list--OS Version                      : 4.0--list--Image Version                   : 1.0--list--Subsystem Version               : 4.0--list--Subsystem                       : Windows GUI--list--File Version Number             : 1.0.0.0--list--Product Version Number          : 1.0.0.0--list--File Flags Mask                 : 0x003f--list--File Flags                      : (none)--list--File OS                         : Win32--list--Object File Type                : Executable application--list--File Subtype                    : 0--list--Language Code                   : English (U.S.)--list--Character Set                   : Unicode--list--File Description                : --list--File Version                    : 1, 0, 0, 0--list--Compiled Script                 :  *E_P_E_N KA* Sorong_papua 17-08-2008 By PinkCell,MentariCell,SimpatiCell,CakcraCell,and LunaMaya Ilove you Script: 1, 0, 0, 0--list--" icon="Windows7文件夹" system="winxp" peinfo="加壳信息 :  Microsoft Visual Basic v5.0/v6.0--list--文件熵 :  6.952652 (正常)--list--fpu反调试 :  未检测到--list--载入地址 :  正常的载入点--list--代码入口信息 :  正常的入口--list--DOS stub : :  正常--list--TLS表信息 :  未发现--list--段信息 :  2 (太少)--list--代码段 :  可能存在自修改代码--list--资源段 :  可能存在自修改代码--list--时间戳 :  未见异常--list--ASLR ：  未开启--list--DEP/NX ：  未开启--list--SEH ：  开启" AI_Scan="1" filetype="PE32 executable (GUI) Intel 80386 (stripped to external PDB), for MS Windows, PECompact2 compressed"><action_list name="分析开始" level="-1" descr="动态分析开始" times="0">
	<action field="start_boot" type="System" name="AnalyzeStart" call_pid="0" call_name="" call_time="16:48:05.000">
	<exInfo_list count="0">
	</exInfo_list>
	</action>
 </action_list><action_list name="分析引擎信息" level="-1" descr="12.6, 40, 2020-01-17_16:48:01==2020-01-17_16:48:05" times="0">
	<action field="start_boot" type="System" name="VasInfo" call_pid="0" call_name="" call_time="16:48:05.001">
	<exInfo_list count="3">
		<exInfo value="12.6" descr="分析引擎版本"/>
		<exInfo value="40" descr="最大并发数量"/>
		<exInfo value="2020-01-17_16:48:01==2020-01-17_16:48:05" descr="镜像加载耗时"/>
	</exInfo_list>
	</action>
 </action_list><action_list name="进程开始执行" level="1" descr="被 vasstarter.exe（1676）创建的进程开始执行" times="0">
	<action field="start_boot" type="Process" name="BeCreated" call_pid="208" call_name="vaslauncher.exe" call_time="16:48:05.002">
	<exInfo_list count="2">
		<exInfo value="vasstarter.exe" descr="父进程名"/>
		<exInfo value="1676" descr="父进程ID"/>
	</exInfo_list>
	</action>
 </action_list><action_list name="进程开始执行" level="1" descr="被 vasstarter.exe（1676）通过参数 D:\vaslauncher.exe 以 direct 方式创建的进程开始执行" times="0">
	<action field="start_boot" type="Process" name="BeCreatedEx" call_pid="208" call_name="vaslauncher.exe" call_time="16:48:05.003">
	<exInfo_list count="4">
		<exInfo value="vasstarter.exe" descr="父进程名"/>
		<exInfo value="1676" descr="父进程ID"/>
		<exInfo value="D:\vaslauncher.exe" descr="启动参数"/>
		<exInfo value="direct" descr="创建方式"/>
	</exInfo_list>
	</action>
 </action_list><action_list name="进程开始执行" level="1" descr="被 vaslauncher.exe（208）创建的进程开始执行" times="0">
	<action field="start_boot" type="Process" name="BeCreated" call_pid="2036" call_name="1.exe" call_time="16:48:08.004">
	<exInfo_list count="2">
		<exInfo value="vaslauncher.exe" descr="父进程名"/>
		<exInfo value="208" descr="父进程ID"/>
	</exInfo_list>
	</action>
 </action_list><action_list name="进程开始执行" level="1" descr="被 vaslauncher.exe（208）通过参数 &quot;C:\vastest\1.exe&quot;  以 direct 方式创建的进程开始执行" times="0">
	<action field="start_boot" type="Process" name="BeCreatedEx" call_pid="2036" call_name="1.exe" call_time="16:48:08.005">
	<exInfo_list count="4">
		<exInfo value="vaslauncher.exe" descr="父进程名"/>
		<exInfo value="208" descr="父进程ID"/>
		<exInfo value="&quot;C:\vastest\1.exe&quot; " descr="启动参数"/>
		<exInfo value="direct" descr="创建方式"/>
	</exInfo_list>
	</action>
 </action_list><action_list name="加载模块" level="1" descr="加载模块 HarddiskVolume1\WINDOWS\system32\msvbvm60.dll" times="0">
	<action field="start_boot" type="Memory" name="LoadLibrary" call_pid="2036" call_name="1.exe" call_time="16:48:08.082">
	<exInfo_list count="1">
		<exInfo value="HarddiskVolume1\WINDOWS\system32\msvbvm60.dll" descr="动态链接库"/>
	</exInfo_list>
	</action>
 </action_list><action_list name="加载模块" level="1" descr="加载模块 HarddiskVolume1\WINDOWS\system32\user32.dll" times="0">
	<action field="start_boot" type="Memory" name="LoadLibrary" call_pid="2036" call_name="1.exe" call_time="16:48:08.087">
	<exInfo_list count="1">
		<exInfo value="HarddiskVolume1\WINDOWS\system32\user32.dll" descr="动态链接库"/>
	</exInfo_list>
	</action>
 </action_list><action_list name="加载模块" level="1" descr="加载模块 HarddiskVolume1\WINDOWS\system32\gdi32.dll" times="0">
	<action field="start_boot" type="Memory" name="LoadLibrary" call_pid="2036" call_name="1.exe" call_time="16:48:08.091">
	<exInfo_list count="1">
		<exInfo value="HarddiskVolume1\WINDOWS\system32\gdi32.dll" descr="动态链接库"/>
	</exInfo_list>
	</action>
 </action_list><action_list name="加载模块" level="1" descr="加载模块 HarddiskVolume1\WINDOWS\system32\advapi32.dll" times="0">
	<action field="start_boot" type="Memory" name="LoadLibrary" call_pid="2036" call_name="1.exe" call_time="16:48:08.095">
	<exInfo_list count="1">
		<exInfo value="HarddiskVolume1\WINDOWS\system32\advapi32.dll" descr="动态链接库"/>
	</exInfo_list>
	</action>
 </action_list><action_list name="加载模块" level="1" descr="加载模块 HarddiskVolume1\WINDOWS\system32\rpcrt4.dll" times="0">
	<action field="start_boot" type="Memory" name="LoadLibrary" call_pid="2036" call_name="1.exe" call_time="16:48:08.099">
	<exInfo_list count="1">
		<exInfo value="HarddiskVolume1\WINDOWS\system32\rpcrt4.dll" descr="动态链接库"/>
	</exInfo_list>
	</action>
 </action_list><action_list name="加载模块" level="1" descr="加载模块 HarddiskVolume1\WINDOWS\system32\secur32.dll" times="0">
	<action field="start_boot" type="Memory" name="LoadLibrary" call_pid="2036" call_name="1.exe" call_time="16:48:08.103">
	<exInfo_list count="1">
		<exInfo value="HarddiskVolume1\WINDOWS\system32\secur32.dll" descr="动态链接库"/>
	</exInfo_list>
	</action>
 </action_list><action_list name="加载模块" level="1" descr="加载模块 HarddiskVolume1\WINDOWS\system32\ole32.dll" times="0">
	<action field="start_boot" type="Memory" name="LoadLibrary" call_pid="2036" call_name="1.exe" call_time="16:48:08.107">
	<exInfo_list count="1">
		<exInfo value="HarddiskVolume1\WINDOWS\system32\ole32.dll" descr="动态链接库"/>
	</exInfo_list>
	</action>
 </action_list><action_list name="加载模块" level="1" descr="加载模块 HarddiskVolume1\WINDOWS\system32\msvcrt.dll" times="0">
	<action field="start_boot" type="Memory" name="LoadLibrary" call_pid="2036" call_name="1.exe" call_time="16:48:08.111">
	<exInfo_list count="1">
		<exInfo value="HarddiskVolume1\WINDOWS\system32\msvcrt.dll" descr="动态链接库"/>
	</exInfo_list>
	</action>
 </action_list><action_list name="加载模块" level="1" descr="加载模块 HarddiskVolume1\WINDOWS\system32\oleaut32.dll" times="0">
	<action field="start_boot" type="Memory" name="LoadLibrary" call_pid="2036" call_name="1.exe" call_time="16:48:08.127">
	<exInfo_list count="1">
		<exInfo value="HarddiskVolume1\WINDOWS\system32\oleaut32.dll" descr="动态链接库"/>
	</exInfo_list>
	</action>
 </action_list><action_list name="自我读取" level="1" descr="读取文件 HarddiskVolume1\vastest\1.exe" times="0">
	<action field="start_boot" type="File" name="ReadFile" call_pid="2036" call_name="1.exe" call_time="16:48:08.155">
	<exInfo_list count="1">
		<exInfo value="HarddiskVolume1\vastest\1.exe" descr="文件路径"/>
	</exInfo_list>
	</action>
 </action_list><action_list name="加载模块" level="1" descr="加载模块 HarddiskVolume1\WINDOWS\system32\imm32.dll" times="0">
	<action field="start_boot" type="Memory" name="LoadLibrary" call_pid="2036" call_name="1.exe" call_time="16:48:08.209">
	<exInfo_list count="1">
		<exInfo value="HarddiskVolume1\WINDOWS\system32\imm32.dll" descr="动态链接库"/>
	</exInfo_list>
	</action>
 </action_list><action_list name="加载模块" level="1" descr="加载模块 HarddiskVolume1\WINDOWS\system32\lpk.dll" times="0">
	<action field="start_boot" type="Memory" name="LoadLibrary" call_pid="2036" call_name="1.exe" call_time="16:48:08.241">
	<exInfo_list count="1">
		<exInfo value="HarddiskVolume1\WINDOWS\system32\lpk.dll" descr="动态链接库"/>
	</exInfo_list>
	</action>
 </action_list><action_list name="加载模块" level="1" descr="加载模块 HarddiskVolume1\WINDOWS\system32\usp10.dll" times="0">
	<action field="start_boot" type="Memory" name="LoadLibrary" call_pid="2036" call_name="1.exe" call_time="16:48:08.246">
	<exInfo_list count="1">
		<exInfo value="HarddiskVolume1\WINDOWS\system32\usp10.dll" descr="动态链接库"/>
	</exInfo_list>
	</action>
 </action_list><action_list name="加载模块" level="1" descr="加载模块 HarddiskVolume1\WINDOWS\system32\msctf.dll" times="0">
	<action field="start_boot" type="Memory" name="LoadLibrary" call_pid="2036" call_name="1.exe" call_time="16:48:08.530">
	<exInfo_list count="1">
		<exInfo value="HarddiskVolume1\WINDOWS\system32\msctf.dll" descr="动态链接库"/>
	</exInfo_list>
	</action>
 </action_list><action_list name="加载模块" level="1" descr="加载模块 HarddiskVolume1\WINDOWS\system32\sxs.dll" times="0">
	<action field="start_boot" type="Memory" name="LoadLibrary" call_pid="2036" call_name="1.exe" call_time="16:48:08.625">
	<exInfo_list count="1">
		<exInfo value="HarddiskVolume1\WINDOWS\system32\sxs.dll" descr="动态链接库"/>
	</exInfo_list>
	</action>
 </action_list><action_list name="加载模块" level="1" descr="加载模块 HarddiskVolume1\WINDOWS\system32\version.dll" times="0">
	<action field="start_boot" type="Memory" name="LoadLibrary" call_pid="2036" call_name="1.exe" call_time="16:48:08.672">
	<exInfo_list count="1">
		<exInfo value="HarddiskVolume1\WINDOWS\system32\version.dll" descr="动态链接库"/>
	</exInfo_list>
	</action>
 </action_list><action_list name="加载模块" level="1" descr="加载模块 HarddiskVolume1\WINDOWS\system32\msctfime.ime" times="0">
	<action field="start_boot" type="Memory" name="LoadLibrary" call_pid="2036" call_name="1.exe" call_time="16:48:08.719">
	<exInfo_list count="1">
		<exInfo value="HarddiskVolume1\WINDOWS\system32\msctfime.ime" descr="动态链接库"/>
	</exInfo_list>
	</action>
 </action_list><action_list name="检测分析环境" level="1" descr="通过 sleep(30s) 技术检测虚拟机或调试器，逃避分析与查杀" times="0">
	<action field="start_boot" type="System" name="DetectDebugger" call_pid="2036" call_name="1.exe" call_time="16:48:08.915">
	<exInfo_list count="1">
		<exInfo value="sleep(30s)" descr="技术手段"/>
	</exInfo_list>
	</action>
 </action_list><action_list name="加载模块" level="1" descr="加载模块 HarddiskVolume1\WINDOWS\system32\clbcatq.dll" times="0">
	<action field="start_boot" type="Memory" name="LoadLibrary" call_pid="2036" call_name="1.exe" call_time="16:48:08.963">
	<exInfo_list count="1">
		<exInfo value="HarddiskVolume1\WINDOWS\system32\clbcatq.dll" descr="动态链接库"/>
	</exInfo_list>
	</action>
 </action_list><action_list name="加载模块" level="1" descr="加载模块 HarddiskVolume1\WINDOWS\system32\comres.dll" times="0">
	<action field="start_boot" type="Memory" name="LoadLibrary" call_pid="2036" call_name="1.exe" call_time="16:48:08.968">
	<exInfo_list count="1">
		<exInfo value="HarddiskVolume1\WINDOWS\system32\comres.dll" descr="动态链接库"/>
	</exInfo_list>
	</action>
 </action_list><action_list name="加载模块" level="1" descr="加载模块 HarddiskVolume1\WINDOWS\system32\version.dll" times="0">
	<action field="start_boot" type="Memory" name="LoadLibrary" call_pid="2036" call_name="1.exe" call_time="16:48:08.980">
	<exInfo_list count="1">
		<exInfo value="HarddiskVolume1\WINDOWS\system32\version.dll" descr="动态链接库"/>
	</exInfo_list>
	</action>
 </action_list><action_list name="读取系统文件" level="2" descr="读取文件 HarddiskVolume1\WINDOWS\Registration\R000000000007.clb" times="0">
	<action field="start_boot" type="File" name="ReadFile" call_pid="2036" call_name="1.exe" call_time="16:48:08.038">
	<exInfo_list count="1">
		<exInfo value="HarddiskVolume1\WINDOWS\Registration\R000000000007.clb" descr="文件路径"/>
	</exInfo_list>
	</action>
 </action_list><action_list name="加载模块" level="1" descr="加载模块 HarddiskVolume1\WINDOWS\system32\scrrun.dll" times="0">
	<action field="start_boot" type="Memory" name="LoadLibrary" call_pid="2036" call_name="1.exe" call_time="16:48:08.108">
	<exInfo_list count="1">
		<exInfo value="HarddiskVolume1\WINDOWS\system32\scrrun.dll" descr="动态链接库"/>
	</exInfo_list>
	</action>
 </action_list><action_list name="读取系统文件" level="2" descr="读取文件 HarddiskVolume1\WINDOWS\system32\scrrun.dll" times="0">
	<action field="start_boot" type="File" name="ReadFile" call_pid="2036" call_name="1.exe" call_time="16:48:08.145">
	<exInfo_list count="1">
		<exInfo value="HarddiskVolume1\WINDOWS\system32\scrrun.dll" descr="文件路径"/>
	</exInfo_list>
	</action>
 </action_list><action_list name="加载模块" level="1" descr="加载模块 HarddiskVolume1\WINDOWS\system32\wshom.ocx" times="0">
	<action field="start_boot" type="Memory" name="LoadLibrary" call_pid="2036" call_name="1.exe" call_time="16:48:08.318">
	<exInfo_list count="1">
		<exInfo value="HarddiskVolume1\WINDOWS\system32\wshom.ocx" descr="动态链接库"/>
	</exInfo_list>
	</action>
 </action_list><action_list name="加载模块" level="1" descr="加载模块 HarddiskVolume1\WINDOWS\system32\mpr.dll" times="0">
	<action field="start_boot" type="Memory" name="LoadLibrary" call_pid="2036" call_name="1.exe" call_time="16:48:08.345">
	<exInfo_list count="1">
		<exInfo value="HarddiskVolume1\WINDOWS\system32\mpr.dll" descr="动态链接库"/>
	</exInfo_list>
	</action>
 </action_list><action_list name="加载模块" level="1" descr="加载模块 HarddiskVolume1\WINDOWS\system32\shell32.dll" times="0">
	<action field="start_boot" type="Memory" name="LoadLibrary" call_pid="2036" call_name="1.exe" call_time="16:48:08.353">
	<exInfo_list count="1">
		<exInfo value="HarddiskVolume1\WINDOWS\system32\shell32.dll" descr="动态链接库"/>
	</exInfo_list>
	</action>
 </action_list><action_list name="加载模块" level="1" descr="加载模块 HarddiskVolume1\WINDOWS\system32\shlwapi.dll" times="0">
	<action field="start_boot" type="Memory" name="LoadLibrary" call_pid="2036" call_name="1.exe" call_time="16:48:08.365">
	<exInfo_list count="1">
		<exInfo value="HarddiskVolume1\WINDOWS\system32\shlwapi.dll" descr="动态链接库"/>
	</exInfo_list>
	</action>
 </action_list><action_list name="加载模块" level="1" descr="加载模块 HarddiskVolume1\WINDOWS\WinSxS\x86_Microsoft.Windows.Common-Controls_6595b64144ccf1df_6.0.2600.5512_x-ww_35d4ce83\comctl32.dll" times="0">
	<action field="start_boot" type="Memory" name="LoadLibrary" call_pid="2036" call_name="1.exe" call_time="16:48:08.444">
	<exInfo_list count="1">
		<exInfo value="HarddiskVolume1\WINDOWS\WinSxS\x86_Microsoft.Windows.Common-Controls_6595b64144ccf1df_6.0.2600.5512_x-ww_35d4ce83\comctl32.dll" descr="动态链接库"/>
	</exInfo_list>
	</action>
 </action_list><action_list name="加载模块" level="1" descr="加载模块 HarddiskVolume1\WINDOWS\system32\comctl32.dll" times="0">
	<action field="start_boot" type="Memory" name="LoadLibrary" call_pid="2036" call_name="1.exe" call_time="16:48:09.532">
	<exInfo_list count="1">
		<exInfo value="HarddiskVolume1\WINDOWS\system32\comctl32.dll" descr="动态链接库"/>
	</exInfo_list>
	</action>
 </action_list><action_list name="读取系统文件" level="2" descr="读取文件 HarddiskVolume1\WINDOWS\system32\zh-cn\wshom.ocx.mui" times="0">
	<action field="start_boot" type="File" name="ReadFile" call_pid="2036" call_name="1.exe" call_time="16:48:09.597">
	<exInfo_list count="1">
		<exInfo value="HarddiskVolume1\WINDOWS\system32\zh-cn\wshom.ocx.mui" descr="文件路径"/>
	</exInfo_list>
	</action>
 </action_list><action_list name="读取系统文件" level="2" descr="读取文件 HarddiskVolume1\WINDOWS\system32\wshom.ocx" times="0">
	<action field="start_boot" type="File" name="ReadFile" call_pid="2036" call_name="1.exe" call_time="16:48:09.626">
	<exInfo_list count="1">
		<exInfo value="HarddiskVolume1\WINDOWS\system32\wshom.ocx" descr="文件路径"/>
	</exInfo_list>
	</action>
 </action_list><action_list name="设置注册表中键值" level="2" descr="设置注册表中键 \REGISTRY\MACHINE\SOFTWARE\MICROSOF2\WINDO2S\C2RREN2VERSION\R2N 的值 a2scan" times="0">
	<action field="start_boot" type="Reg" name="SetKeyValue" call_pid="2036" call_name="1.exe" call_time="16:48:09.685">
	<exInfo_list count="2">
		<exInfo value="\REGISTRY\MACHINE\SOFTWARE\MICROSOF2\WINDO2S\C2RREN2VERSION\R2N" descr="键名"/>
		<exInfo value="a2scan" descr="键值"/>
	</exInfo_list>
	</action>
 </action_list><action_list name="设置注册表中键值" level="2" descr="设置注册表中键 \REGISTRY\USER\S-1-5-21-117609710-838170752-515967899-1003\SOF22ARE\MICROSOF2\WINDO2S\C2RREN2VERSION\E 的值 HideFileE2" times="0">
	<action field="start_boot" type="Reg" name="SetKeyValue" call_pid="2036" call_name="1.exe" call_time="16:48:09.697">
	<exInfo_list count="2">
		<exInfo value="\REGISTRY\USER\S-1-5-21-117609710-838170752-515967899-1003\SOF22ARE\MICROSOF2\WINDO2S\C2RREN2VERSION\E" descr="键名"/>
		<exInfo value="HideFileE2" descr="键值"/>
	</exInfo_list>
	</action>
 </action_list><action_list name="设置注册表中键值" level="2" descr="设置注册表中键 \REGISTRY\USER\S-1-5-21-117609710-838170752-515967899-1003\SOF22ARE\MICROSOF2\WINDO2S\C2RREN2VERSION\E 的值 S2perHidden" times="0">
	<action field="start_boot" type="Reg" name="SetKeyValue" call_pid="2036" call_name="1.exe" call_time="16:48:09.699">
	<exInfo_list count="2">
		<exInfo value="\REGISTRY\USER\S-1-5-21-117609710-838170752-515967899-1003\SOF22ARE\MICROSOF2\WINDO2S\C2RREN2VERSION\E" descr="键名"/>
		<exInfo value="S2perHidden" descr="键值"/>
	</exInfo_list>
	</action>
 </action_list><action_list name="设置注册表中键值" level="2" descr="设置注册表中键 \REGISTRY\USER\S-1-5-21-117609710-838170752-515967899-1003\SOF22ARE\MICROSOF2\WINDO2S\C2RREN2VERSION\E 的值 Sho2S2perHidden" times="0">
	<action field="start_boot" type="Reg" name="SetKeyValue" call_pid="2036" call_name="1.exe" call_time="16:48:09.701">
	<exInfo_list count="2">
		<exInfo value="\REGISTRY\USER\S-1-5-21-117609710-838170752-515967899-1003\SOF22ARE\MICROSOF2\WINDO2S\C2RREN2VERSION\E" descr="键名"/>
		<exInfo value="Sho2S2perHidden" descr="键值"/>
	</exInfo_list>
	</action>
 </action_list><action_list name="设置注册表中键值" level="2" descr="设置注册表中键 \REGISTRY\MACHINE\SOFTWARE\MICROSOF2\WINDO2S\C2RREN2VERSION\E 的值 Defa2l2Val2e" times="0">
	<action field="start_boot" type="Reg" name="SetKeyValue" call_pid="2036" call_name="1.exe" call_time="16:48:09.710">
	<exInfo_list count="2">
		<exInfo value="\REGISTRY\MACHINE\SOFTWARE\MICROSOF2\WINDO2S\C2RREN2VERSION\E" descr="键名"/>
		<exInfo value="Defa2l2Val2e" descr="键值"/>
	</exInfo_list>
	</action>
 </action_list><action_list name="设置注册表中键值" level="2" descr="设置注册表中键 \REGISTRY\MACHINE\SOFTWARE\MICROSOF2\WINDO2S\C2RREN2VERSION\E 的值 UncheckedVal2e" times="0">
	<action field="start_boot" type="Reg" name="SetKeyValue" call_pid="2036" call_name="1.exe" call_time="16:48:09.712">
	<exInfo_list count="2">
		<exInfo value="\REGISTRY\MACHINE\SOFTWARE\MICROSOF2\WINDO2S\C2RREN2VERSION\E" descr="键名"/>
		<exInfo value="UncheckedVal2e" descr="键值"/>
	</exInfo_list>
	</action>
 </action_list><action_list name="加载模块" level="1" descr="加载模块 HarddiskVolume1\WINDOWS\system32\apphelp.dll" times="0">
	<action field="start_boot" type="Memory" name="LoadLibrary" call_pid="2036" call_name="1.exe" call_time="16:48:09.733">
	<exInfo_list count="1">
		<exInfo value="HarddiskVolume1\WINDOWS\system32\apphelp.dll" descr="动态链接库"/>
	</exInfo_list>
	</action>
 </action_list><action_list name="映射文件" level="1" descr="映射文件 HarddiskVolume1\WINDOWS\system32\reg.exe" times="0">
	<action field="start_boot" type="File" name="ReadFileToCreate" call_pid="2036" call_name="1.exe" call_time="16:48:09.779">
	<exInfo_list count="1">
		<exInfo value="HarddiskVolume1\WINDOWS\system32\reg.exe" descr="文件路径"/>
	</exInfo_list>
	</action>
 </action_list><action_list name="创建进程" level="3" descr="创建进程  REG DELETE HKLM\SYSTEM\C2rren2Con2rolSe2\Con2rol\SafeBoo2 /f" times="0">
	<action field="start_boot" type="Process" name="CreateProcess" call_pid="2036" call_name="1.exe" call_time="16:48:09.715">
	<exInfo_list count="1">
		<exInfo value=" REG DELETE HKLM\SYSTEM\C2rren2Con2rolSe2\Con2rol\SafeBoo2 /f" descr="进程名"/>
	</exInfo_list>
	</action>
 </action_list><action_list name="加载模块" level="1" descr="加载模块 HarddiskVolume1\WINDOWS\system32\shdocvw.dll" times="0">
	<action field="start_boot" type="Memory" name="LoadLibrary" call_pid="2036" call_name="1.exe" call_time="16:48:09.976">
	<exInfo_list count="1">
		<exInfo value="HarddiskVolume1\WINDOWS\system32\shdocvw.dll" descr="动态链接库"/>
	</exInfo_list>
	</action>
 </action_list><action_list name="加载模块" level="1" descr="加载模块 HarddiskVolume1\WINDOWS\system32\crypt32.dll" times="0">
	<action field="start_boot" type="Memory" name="LoadLibrary" call_pid="2036" call_name="1.exe" call_time="16:48:09.980">
	<exInfo_list count="1">
		<exInfo value="HarddiskVolume1\WINDOWS\system32\crypt32.dll" descr="动态链接库"/>
	</exInfo_list>
	</action>
 </action_list><action_list name="加载模块" level="1" descr="加载模块 HarddiskVolume1\WINDOWS\system32\msasn1.dll" times="0">
	<action field="start_boot" type="Memory" name="LoadLibrary" call_pid="2036" call_name="1.exe" call_time="16:48:09.984">
	<exInfo_list count="1">
		<exInfo value="HarddiskVolume1\WINDOWS\system32\msasn1.dll" descr="动态链接库"/>
	</exInfo_list>
	</action>
 </action_list><action_list name="加载模块" level="1" descr="加载模块 HarddiskVolume1\WINDOWS\system32\cryptui.dll" times="0">
	<action field="start_boot" type="Memory" name="LoadLibrary" call_pid="2036" call_name="1.exe" call_time="16:48:09.002">
	<exInfo_list count="1">
		<exInfo value="HarddiskVolume1\WINDOWS\system32\cryptui.dll" descr="动态链接库"/>
	</exInfo_list>
	</action>
 </action_list><action_list name="加载模块" level="1" descr="加载模块 HarddiskVolume1\WINDOWS\system32\netapi32.dll" times="0">
	<action field="start_boot" type="Memory" name="LoadLibrary" call_pid="2036" call_name="1.exe" call_time="16:48:09.018">
	<exInfo_list count="1">
		<exInfo value="HarddiskVolume1\WINDOWS\system32\netapi32.dll" descr="动态链接库"/>
	</exInfo_list>
	</action>
 </action_list><action_list name="加载模块" level="1" descr="加载模块 HarddiskVolume1\WINDOWS\system32\wininet.dll" times="0">
	<action field="start_boot" type="Memory" name="LoadLibrary" call_pid="2036" call_name="1.exe" call_time="16:48:09.030">
	<exInfo_list count="1">
		<exInfo value="HarddiskVolume1\WINDOWS\system32\wininet.dll" descr="动态链接库"/>
	</exInfo_list>
	</action>
 </action_list><action_list name="加载模块" level="1" descr="加载模块 HarddiskVolume1\WINDOWS\system32\wintrust.dll" times="0">
	<action field="start_boot" type="Memory" name="LoadLibrary" call_pid="2036" call_name="1.exe" call_time="16:48:09.041">
	<exInfo_list count="1">
		<exInfo value="HarddiskVolume1\WINDOWS\system32\wintrust.dll" descr="动态链接库"/>
	</exInfo_list>
	</action>
 </action_list><action_list name="加载模块" level="1" descr="加载模块 HarddiskVolume1\WINDOWS\system32\imagehlp.dll" times="0">
	<action field="start_boot" type="Memory" name="LoadLibrary" call_pid="2036" call_name="1.exe" call_time="16:48:09.045">
	<exInfo_list count="1">
		<exInfo value="HarddiskVolume1\WINDOWS\system32\imagehlp.dll" descr="动态链接库"/>
	</exInfo_list>
	</action>
 </action_list><action_list name="加载模块" level="1" descr="加载模块 HarddiskVolume1\WINDOWS\system32\wldap32.dll" times="0">
	<action field="start_boot" type="Memory" name="LoadLibrary" call_pid="2036" call_name="1.exe" call_time="16:48:09.063">
	<exInfo_list count="1">
		<exInfo value="HarddiskVolume1\WINDOWS\system32\wldap32.dll" descr="动态链接库"/>
	</exInfo_list>
	</action>
 </action_list><action_list name="进程开始执行" level="1" descr="被 1.exe（2036）创建的进程开始执行" times="0">
	<action field="start_boot" type="Process" name="BeCreated" call_pid="1928" call_name="reg.exe" call_time="16:48:09.116">
	<exInfo_list count="2">
		<exInfo value="1.exe" descr="父进程名"/>
		<exInfo value="2036" descr="父进程ID"/>
	</exInfo_list>
	</action>
 </action_list><action_list name="进程开始执行" level="1" descr="被 1.exe（2036）通过参数 REG DELETE HKLM\SYSTEM\C2rren2Con2rolSe2\Con2rol\SafeBoo2 /f 以 direct 方式创建的进程开始执行" times="0">
	<action field="start_boot" type="Process" name="BeCreatedEx" call_pid="1928" call_name="reg.exe" call_time="16:48:09.117">
	<exInfo_list count="4">
		<exInfo value="1.exe" descr="父进程名"/>
		<exInfo value="2036" descr="父进程ID"/>
		<exInfo value="REG DELETE HKLM\SYSTEM\C2rren2Con2rolSe2\Con2rol\SafeBoo2 /f" descr="启动参数"/>
		<exInfo value="direct" descr="创建方式"/>
	</exInfo_list>
	</action>
 </action_list><action_list name="加载模块" level="1" descr="加载模块 HarddiskVolume1\WINDOWS\system32\msvcrt.dll" times="0">
	<action field="start_boot" type="Memory" name="LoadLibrary" call_pid="1928" call_name="reg.exe" call_time="16:48:09.195">
	<exInfo_list count="1">
		<exInfo value="HarddiskVolume1\WINDOWS\system32\msvcrt.dll" descr="动态链接库"/>
	</exInfo_list>
	</action>
 </action_list><action_list name="加载模块" level="1" descr="加载模块 HarddiskVolume1\WINDOWS\system32\advapi32.dll" times="0">
	<action field="start_boot" type="Memory" name="LoadLibrary" call_pid="1928" call_name="reg.exe" call_time="16:48:09.210">
	<exInfo_list count="1">
		<exInfo value="HarddiskVolume1\WINDOWS\system32\advapi32.dll" descr="动态链接库"/>
	</exInfo_list>
	</action>
 </action_list><action_list name="加载模块" level="1" descr="加载模块 HarddiskVolume1\WINDOWS\system32\rpcrt4.dll" times="0">
	<action field="start_boot" type="Memory" name="LoadLibrary" call_pid="1928" call_name="reg.exe" call_time="16:48:09.214">
	<exInfo_list count="1">
		<exInfo value="HarddiskVolume1\WINDOWS\system32\rpcrt4.dll" descr="动态链接库"/>
	</exInfo_list>
	</action>
 </action_list><action_list name="加载模块" level="1" descr="加载模块 HarddiskVolume1\WINDOWS\system32\secur32.dll" times="0">
	<action field="start_boot" type="Memory" name="LoadLibrary" call_pid="1928" call_name="reg.exe" call_time="16:48:09.218">
	<exInfo_list count="1">
		<exInfo value="HarddiskVolume1\WINDOWS\system32\secur32.dll" descr="动态链接库"/>
	</exInfo_list>
	</action>
 </action_list><action_list name="加载模块" level="1" descr="加载模块 HarddiskVolume1\WINDOWS\system32\user32.dll" times="0">
	<action field="start_boot" type="Memory" name="LoadLibrary" call_pid="1928" call_name="reg.exe" call_time="16:48:09.222">
	<exInfo_list count="1">
		<exInfo value="HarddiskVolume1\WINDOWS\system32\user32.dll" descr="动态链接库"/>
	</exInfo_list>
	</action>
 </action_list><action_list name="加载模块" level="1" descr="加载模块 HarddiskVolume1\WINDOWS\system32\gdi32.dll" times="0">
	<action field="start_boot" type="Memory" name="LoadLibrary" call_pid="1928" call_name="reg.exe" call_time="16:48:09.260">
	<exInfo_list count="1">
		<exInfo value="HarddiskVolume1\WINDOWS\system32\gdi32.dll" descr="动态链接库"/>
	</exInfo_list>
	</action>
 </action_list><action_list name="加载模块" level="1" descr="加载模块 HarddiskVolume1\WINDOWS\system32\shimeng.dll" times="0">
	<action field="start_boot" type="Memory" name="LoadLibrary" call_pid="1928" call_name="reg.exe" call_time="16:48:09.272">
	<exInfo_list count="1">
		<exInfo value="HarddiskVolume1\WINDOWS\system32\shimeng.dll" descr="动态链接库"/>
	</exInfo_list>
	</action>
 </action_list><action_list name="加载模块" level="1" descr="加载模块 HarddiskVolume1\WINDOWS\AppPatch\acgenral.dll" times="0">
	<action field="start_boot" type="Memory" name="LoadLibrary" call_pid="1928" call_name="reg.exe" call_time="16:48:09.333">
	<exInfo_list count="1">
		<exInfo value="HarddiskVolume1\WINDOWS\AppPatch\acgenral.dll" descr="动态链接库"/>
	</exInfo_list>
	</action>
 </action_list><action_list name="加载模块" level="1" descr="加载模块 HarddiskVolume1\WINDOWS\system32\winmm.dll" times="0">
	<action field="start_boot" type="Memory" name="LoadLibrary" call_pid="1928" call_name="reg.exe" call_time="16:48:09.338">
	<exInfo_list count="1">
		<exInfo value="HarddiskVolume1\WINDOWS\system32\winmm.dll" descr="动态链接库"/>
	</exInfo_list>
	</action>
 </action_list><action_list name="加载模块" level="1" descr="加载模块 HarddiskVolume1\WINDOWS\system32\ole32.dll" times="0">
	<action field="start_boot" type="Memory" name="LoadLibrary" call_pid="1928" call_name="reg.exe" call_time="16:48:09.342">
	<exInfo_list count="1">
		<exInfo value="HarddiskVolume1\WINDOWS\system32\ole32.dll" descr="动态链接库"/>
	</exInfo_list>
	</action>
 </action_list><action_list name="加载模块" level="1" descr="加载模块 HarddiskVolume1\WINDOWS\system32\oleaut32.dll" times="0">
	<action field="start_boot" type="Memory" name="LoadLibrary" call_pid="1928" call_name="reg.exe" call_time="16:48:09.353">
	<exInfo_list count="1">
		<exInfo value="HarddiskVolume1\WINDOWS\system32\oleaut32.dll" descr="动态链接库"/>
	</exInfo_list>
	</action>
 </action_list><action_list name="加载模块" level="1" descr="加载模块 HarddiskVolume1\WINDOWS\system32\msacm32.dll" times="0">
	<action field="start_boot" type="Memory" name="LoadLibrary" call_pid="1928" call_name="reg.exe" call_time="16:48:09.366">
	<exInfo_list count="1">
		<exInfo value="HarddiskVolume1\WINDOWS\system32\msacm32.dll" descr="动态链接库"/>
	</exInfo_list>
	</action>
 </action_list><action_list name="加载模块" level="1" descr="加载模块 HarddiskVolume1\WINDOWS\system32\version.dll" times="0">
	<action field="start_boot" type="Memory" name="LoadLibrary" call_pid="1928" call_name="reg.exe" call_time="16:48:09.376">
	<exInfo_list count="1">
		<exInfo value="HarddiskVolume1\WINDOWS\system32\version.dll" descr="动态链接库"/>
	</exInfo_list>
	</action>
 </action_list><action_list name="加载模块" level="1" descr="加载模块 HarddiskVolume1\WINDOWS\system32\shell32.dll" times="0">
	<action field="start_boot" type="Memory" name="LoadLibrary" call_pid="1928" call_name="reg.exe" call_time="16:48:09.380">
	<exInfo_list count="1">
		<exInfo value="HarddiskVolume1\WINDOWS\system32\shell32.dll" descr="动态链接库"/>
	</exInfo_list>
	</action>
 </action_list><action_list name="加载模块" level="1" descr="加载模块 HarddiskVolume1\WINDOWS\system32\shlwapi.dll" times="0">
	<action field="start_boot" type="Memory" name="LoadLibrary" call_pid="1928" call_name="reg.exe" call_time="16:48:09.392">
	<exInfo_list count="1">
		<exInfo value="HarddiskVolume1\WINDOWS\system32\shlwapi.dll" descr="动态链接库"/>
	</exInfo_list>
	</action>
 </action_list><action_list name="加载模块" level="1" descr="加载模块 HarddiskVolume1\WINDOWS\system32\userenv.dll" times="0">
	<action field="start_boot" type="Memory" name="LoadLibrary" call_pid="1928" call_name="reg.exe" call_time="16:48:09.406">
	<exInfo_list count="1">
		<exInfo value="HarddiskVolume1\WINDOWS\system32\userenv.dll" descr="动态链接库"/>
	</exInfo_list>
	</action>
 </action_list><action_list name="加载模块" level="1" descr="加载模块 HarddiskVolume1\WINDOWS\system32\uxtheme.dll" times="0">
	<action field="start_boot" type="Memory" name="LoadLibrary" call_pid="1928" call_name="reg.exe" call_time="16:48:09.418">
	<exInfo_list count="1">
		<exInfo value="HarddiskVolume1\WINDOWS\system32\uxtheme.dll" descr="动态链接库"/>
	</exInfo_list>
	</action>
 </action_list><action_list name="加载模块" level="1" descr="加载模块 HarddiskVolume1\WINDOWS\system32\riched20.dll" times="0">
	<action field="start_boot" type="Memory" name="LoadLibrary" call_pid="2036" call_name="1.exe" call_time="16:48:09.450">
	<exInfo_list count="1">
		<exInfo value="HarddiskVolume1\WINDOWS\system32\riched20.dll" descr="动态链接库"/>
	</exInfo_list>
	</action>
 </action_list><action_list name="加载模块" level="1" descr="加载模块 HarddiskVolume1\WINDOWS\system32\imm32.dll" times="0">
	<action field="start_boot" type="Memory" name="LoadLibrary" call_pid="1928" call_name="reg.exe" call_time="16:48:09.693">
	<exInfo_list count="1">
		<exInfo value="HarddiskVolume1\WINDOWS\system32\imm32.dll" descr="动态链接库"/>
	</exInfo_list>
	</action>
 </action_list><action_list name="加载模块" level="1" descr="加载模块 HarddiskVolume1\WINDOWS\system32\lpk.dll" times="0">
	<action field="start_boot" type="Memory" name="LoadLibrary" call_pid="1928" call_name="reg.exe" call_time="16:48:09.715">
	<exInfo_list count="1">
		<exInfo value="HarddiskVolume1\WINDOWS\system32\lpk.dll" descr="动态链接库"/>
	</exInfo_list>
	</action>
 </action_list><action_list name="加载模块" level="1" descr="加载模块 HarddiskVolume1\WINDOWS\system32\usp10.dll" times="0">
	<action field="start_boot" type="Memory" name="LoadLibrary" call_pid="1928" call_name="reg.exe" call_time="16:48:09.720">
	<exInfo_list count="1">
		<exInfo value="HarddiskVolume1\WINDOWS\system32\usp10.dll" descr="动态链接库"/>
	</exInfo_list>
	</action>
 </action_list><action_list name="加载模块" level="1" descr="加载模块 HarddiskVolume1\WINDOWS\system32\setupapi.dll" times="0">
	<action field="start_boot" type="Memory" name="LoadLibrary" call_pid="2036" call_name="1.exe" call_time="16:48:09.834">
	<exInfo_list count="1">
		<exInfo value="HarddiskVolume1\WINDOWS\system32\setupapi.dll" descr="动态链接库"/>
	</exInfo_list>
	</action>
 </action_list><action_list name="检测分析环境" level="1" descr="通过 MemoryOperation 技术检测虚拟机或调试器，逃避分析与查杀" times="0">
	<action field="start_boot" type="System" name="DetectDebugger" call_pid="2036" call_name="1.exe" call_time="16:48:09.898">
	<exInfo_list count="1">
		<exInfo value="MemoryOperation" descr="技术手段"/>
	</exInfo_list>
	</action>
 </action_list><action_list name="变更权限" level="3" descr="改变进程的权限" times="0">
	<action field="start_boot" type="Process" name="AdjustPrivilege" call_pid="2036" call_name="1.exe" call_time="16:48:09.942">
	<exInfo_list count="0">
	</exInfo_list>
	</action>
 </action_list><action_list name="加载模块" level="1" descr="加载模块 HarddiskVolume1\WINDOWS\WinSxS\x86_Microsoft.Windows.Common-Controls_6595b64144ccf1df_6.0.2600.5512_x-ww_35d4ce83\comctl32.dll" times="0">
	<action field="start_boot" type="Memory" name="LoadLibrary" call_pid="1928" call_name="reg.exe" call_time="16:48:09.017">
	<exInfo_list count="1">
		<exInfo value="HarddiskVolume1\WINDOWS\WinSxS\x86_Microsoft.Windows.Common-Controls_6595b64144ccf1df_6.0.2600.5512_x-ww_35d4ce83\comctl32.dll" descr="动态链接库"/>
	</exInfo_list>
	</action>
 </action_list><action_list name="加载模块" level="1" descr="加载模块 HarddiskVolume1\WINDOWS\system32\comctl32.dll" times="0">
	<action field="start_boot" type="Memory" name="LoadLibrary" call_pid="1928" call_name="reg.exe" call_time="16:48:09.122">
	<exInfo_list count="1">
		<exInfo value="HarddiskVolume1\WINDOWS\system32\comctl32.dll" descr="动态链接库"/>
	</exInfo_list>
	</action>
 </action_list><action_list name="加载模块" level="1" descr="加载模块 HarddiskVolume1\WINDOWS\system32\apphelp.dll" times="0">
	<action field="start_boot" type="Memory" name="LoadLibrary" call_pid="1928" call_name="reg.exe" call_time="16:48:09.250">
	<exInfo_list count="1">
		<exInfo value="HarddiskVolume1\WINDOWS\system32\apphelp.dll" descr="动态链接库"/>
	</exInfo_list>
	</action>
 </action_list><action_list name="映射文件" level="1" descr="映射文件 HarddiskVolume1\WINDOWS\system32\conime.exe" times="0">
	<action field="start_boot" type="File" name="ReadFileToCreate" call_pid="1928" call_name="reg.exe" call_time="16:48:09.297">
	<exInfo_list count="1">
		<exInfo value="HarddiskVolume1\WINDOWS\system32\conime.exe" descr="文件路径"/>
	</exInfo_list>
	</action>
 </action_list><action_list name="启动CUI程序" level="2" descr="通过黑框命令行执行系统命令或恶意脚本" times="0">
	<action field="start_boot" type="Process" name="CreateProcess" call_pid="1928" call_name="reg.exe" call_time="16:48:09.226">
	<exInfo_list count="1">
		<exInfo value=" C:\WINDOWS\system32\conime.exe" descr="进程名"/>
	</exInfo_list>
	</action>
 </action_list><action_list name="程序退出" level="-1" descr="reg.exe 退出" times="0">
	<action field="start_boot" type="Process" name="TerminateProcess" call_pid="1928" call_name="reg.exe" call_time="16:48:09.441">
	<exInfo_list count="1">
		<exInfo value="reg.exe" descr="结束进程名"/>
	</exInfo_list>
	</action>
 </action_list><action_list name="设置注册表中键值" level="2" descr="设置注册表中键 \REGISTRY\USER\S-1-5-21-117609710-838170752-515967899-1003\SOFTWARE\MICROSOFT\WINDOWS\CURRENTVERSION\EXPLORER\MOUNTPOINTS2\{05CFC942-435A-11E6-BABC-806D6172696F} 的值 BaseClass" times="0">
	<action field="start_boot" type="Reg" name="SetKeyValue" call_pid="2036" call_name="1.exe" call_time="16:48:10.490">
	<exInfo_list count="2">
		<exInfo value="\REGISTRY\USER\S-1-5-21-117609710-838170752-515967899-1003\SOFTWARE\MICROSOFT\WINDOWS\CURRENTVERSION\EXPLORER\MOUNTPOINTS2\{05CFC942-435A-11E6-BABC-806D6172696F}" descr="键名"/>
		<exInfo value="BaseClass" descr="键值"/>
	</exInfo_list>
	</action>
 </action_list><action_list name="设置注册表中键值" level="2" descr="设置注册表中键 \REGISTRY\USER\S-1-5-21-117609710-838170752-515967899-1003\SOFTWARE\MICROSOFT\WINDOWS\CURRENTVERSION\EXPLORER\MOUNTPOINTS2\{05CFC940-435A-11E6-BABC-806D6172696F} 的值 BaseClass" times="0">
	<action field="start_boot" type="Reg" name="SetKeyValue" call_pid="2036" call_name="1.exe" call_time="16:48:10.500">
	<exInfo_list count="2">
		<exInfo value="\REGISTRY\USER\S-1-5-21-117609710-838170752-515967899-1003\SOFTWARE\MICROSOFT\WINDOWS\CURRENTVERSION\EXPLORER\MOUNTPOINTS2\{05CFC940-435A-11E6-BABC-806D6172696F}" descr="键名"/>
		<exInfo value="BaseClass" descr="键值"/>
	</exInfo_list>
	</action>
 </action_list><action_list name="进程开始执行" level="1" descr="被 reg.exe（1928）创建的进程开始执行" times="0">
	<action field="start_boot" type="Process" name="BeCreated" call_pid="792" call_name="conime.exe" call_time="16:48:10.577">
	<exInfo_list count="2">
		<exInfo value="reg.exe" descr="父进程名"/>
		<exInfo value="1928" descr="父进程ID"/>
	</exInfo_list>
	</action>
 </action_list><action_list name="进程开始执行" level="1" descr="被 reg.exe（1928）通过参数 C:\WINDOWS\system32\conime.exe 以 direct 方式创建的进程开始执行" times="0">
	<action field="start_boot" type="Process" name="BeCreatedEx" call_pid="792" call_name="conime.exe" call_time="16:48:10.578">
	<exInfo_list count="4">
		<exInfo value="reg.exe" descr="父进程名"/>
		<exInfo value="1928" descr="父进程ID"/>
		<exInfo value="C:\WINDOWS\system32\conime.exe" descr="启动参数"/>
		<exInfo value="direct" descr="创建方式"/>
	</exInfo_list>
	</action>
 </action_list><action_list name="加载模块" level="1" descr="加载模块 HarddiskVolume1\WINDOWS\system32\user32.dll" times="0">
	<action field="start_boot" type="Memory" name="LoadLibrary" call_pid="792" call_name="conime.exe" call_time="16:48:10.645">
	<exInfo_list count="1">
		<exInfo value="HarddiskVolume1\WINDOWS\system32\user32.dll" descr="动态链接库"/>
	</exInfo_list>
	</action>
 </action_list><action_list name="加载模块" level="1" descr="加载模块 HarddiskVolume1\WINDOWS\system32\gdi32.dll" times="0">
	<action field="start_boot" type="Memory" name="LoadLibrary" call_pid="792" call_name="conime.exe" call_time="16:48:10.649">
	<exInfo_list count="1">
		<exInfo value="HarddiskVolume1\WINDOWS\system32\gdi32.dll" descr="动态链接库"/>
	</exInfo_list>
	</action>
 </action_list><action_list name="加载模块" level="1" descr="加载模块 HarddiskVolume1\WINDOWS\system32\imm32.dll" times="0">
	<action field="start_boot" type="Memory" name="LoadLibrary" call_pid="792" call_name="conime.exe" call_time="16:48:10.660">
	<exInfo_list count="1">
		<exInfo value="HarddiskVolume1\WINDOWS\system32\imm32.dll" descr="动态链接库"/>
	</exInfo_list>
	</action>
 </action_list><action_list name="加载模块" level="1" descr="加载模块 HarddiskVolume1\WINDOWS\system32\advapi32.dll" times="0">
	<action field="start_boot" type="Memory" name="LoadLibrary" call_pid="792" call_name="conime.exe" call_time="16:48:10.664">
	<exInfo_list count="1">
		<exInfo value="HarddiskVolume1\WINDOWS\system32\advapi32.dll" descr="动态链接库"/>
	</exInfo_list>
	</action>
 </action_list><action_list name="加载模块" level="1" descr="加载模块 HarddiskVolume1\WINDOWS\system32\rpcrt4.dll" times="0">
	<action field="start_boot" type="Memory" name="LoadLibrary" call_pid="792" call_name="conime.exe" call_time="16:48:10.668">
	<exInfo_list count="1">
		<exInfo value="HarddiskVolume1\WINDOWS\system32\rpcrt4.dll" descr="动态链接库"/>
	</exInfo_list>
	</action>
 </action_list><action_list name="加载模块" level="1" descr="加载模块 HarddiskVolume1\WINDOWS\system32\secur32.dll" times="0">
	<action field="start_boot" type="Memory" name="LoadLibrary" call_pid="792" call_name="conime.exe" call_time="16:48:10.672">
	<exInfo_list count="1">
		<exInfo value="HarddiskVolume1\WINDOWS\system32\secur32.dll" descr="动态链接库"/>
	</exInfo_list>
	</action>
 </action_list><action_list name="加载模块" level="1" descr="加载模块 HarddiskVolume1\WINDOWS\system32\msvcrt.dll" times="0">
	<action field="start_boot" type="Memory" name="LoadLibrary" call_pid="792" call_name="conime.exe" call_time="16:48:10.676">
	<exInfo_list count="1">
		<exInfo value="HarddiskVolume1\WINDOWS\system32\msvcrt.dll" descr="动态链接库"/>
	</exInfo_list>
	</action>
 </action_list><action_list name="加载模块" level="1" descr="加载模块 HarddiskVolume1\WINDOWS\system32\shimeng.dll" times="0">
	<action field="start_boot" type="Memory" name="LoadLibrary" call_pid="792" call_name="conime.exe" call_time="16:48:10.756">
	<exInfo_list count="1">
		<exInfo value="HarddiskVolume1\WINDOWS\system32\shimeng.dll" descr="动态链接库"/>
	</exInfo_list>
	</action>
 </action_list><action_list name="加载模块" level="1" descr="加载模块 HarddiskVolume1\WINDOWS\AppPatch\acgenral.dll" times="0">
	<action field="start_boot" type="Memory" name="LoadLibrary" call_pid="792" call_name="conime.exe" call_time="16:48:10.817">
	<exInfo_list count="1">
		<exInfo value="HarddiskVolume1\WINDOWS\AppPatch\acgenral.dll" descr="动态链接库"/>
	</exInfo_list>
	</action>
 </action_list><action_list name="加载模块" level="1" descr="加载模块 HarddiskVolume1\WINDOWS\system32\winmm.dll" times="0">
	<action field="start_boot" type="Memory" name="LoadLibrary" call_pid="792" call_name="conime.exe" call_time="16:48:10.822">
	<exInfo_list count="1">
		<exInfo value="HarddiskVolume1\WINDOWS\system32\winmm.dll" descr="动态链接库"/>
	</exInfo_list>
	</action>
 </action_list><action_list name="加载模块" level="1" descr="加载模块 HarddiskVolume1\WINDOWS\system32\ole32.dll" times="0">
	<action field="start_boot" type="Memory" name="LoadLibrary" call_pid="792" call_name="conime.exe" call_time="16:48:10.826">
	<exInfo_list count="1">
		<exInfo value="HarddiskVolume1\WINDOWS\system32\ole32.dll" descr="动态链接库"/>
	</exInfo_list>
	</action>
 </action_list><action_list name="加载模块" level="1" descr="加载模块 HarddiskVolume1\WINDOWS\system32\oleaut32.dll" times="0">
	<action field="start_boot" type="Memory" name="LoadLibrary" call_pid="792" call_name="conime.exe" call_time="16:48:10.837">
	<exInfo_list count="1">
		<exInfo value="HarddiskVolume1\WINDOWS\system32\oleaut32.dll" descr="动态链接库"/>
	</exInfo_list>
	</action>
 </action_list><action_list name="加载模块" level="1" descr="加载模块 HarddiskVolume1\WINDOWS\system32\msacm32.dll" times="0">
	<action field="start_boot" type="Memory" name="LoadLibrary" call_pid="792" call_name="conime.exe" call_time="16:48:10.850">
	<exInfo_list count="1">
		<exInfo value="HarddiskVolume1\WINDOWS\system32\msacm32.dll" descr="动态链接库"/>
	</exInfo_list>
	</action>
 </action_list><action_list name="加载模块" level="1" descr="加载模块 HarddiskVolume1\WINDOWS\system32\version.dll" times="0">
	<action field="start_boot" type="Memory" name="LoadLibrary" call_pid="792" call_name="conime.exe" call_time="16:48:10.860">
	<exInfo_list count="1">
		<exInfo value="HarddiskVolume1\WINDOWS\system32\version.dll" descr="动态链接库"/>
	</exInfo_list>
	</action>
 </action_list><action_list name="加载模块" level="1" descr="加载模块 HarddiskVolume1\WINDOWS\system32\shell32.dll" times="0">
	<action field="start_boot" type="Memory" name="LoadLibrary" call_pid="792" call_name="conime.exe" call_time="16:48:10.864">
	<exInfo_list count="1">
		<exInfo value="HarddiskVolume1\WINDOWS\system32\shell32.dll" descr="动态链接库"/>
	</exInfo_list>
	</action>
 </action_list><action_list name="加载模块" level="1" descr="加载模块 HarddiskVolume1\WINDOWS\system32\shlwapi.dll" times="0">
	<action field="start_boot" type="Memory" name="LoadLibrary" call_pid="792" call_name="conime.exe" call_time="16:48:10.876">
	<exInfo_list count="1">
		<exInfo value="HarddiskVolume1\WINDOWS\system32\shlwapi.dll" descr="动态链接库"/>
	</exInfo_list>
	</action>
 </action_list><action_list name="加载模块" level="1" descr="加载模块 HarddiskVolume1\WINDOWS\system32\userenv.dll" times="0">
	<action field="start_boot" type="Memory" name="LoadLibrary" call_pid="792" call_name="conime.exe" call_time="16:48:10.890">
	<exInfo_list count="1">
		<exInfo value="HarddiskVolume1\WINDOWS\system32\userenv.dll" descr="动态链接库"/>
	</exInfo_list>
	</action>
 </action_list><action_list name="加载模块" level="1" descr="加载模块 HarddiskVolume1\WINDOWS\system32\uxtheme.dll" times="0">
	<action field="start_boot" type="Memory" name="LoadLibrary" call_pid="792" call_name="conime.exe" call_time="16:48:10.902">
	<exInfo_list count="1">
		<exInfo value="HarddiskVolume1\WINDOWS\system32\uxtheme.dll" descr="动态链接库"/>
	</exInfo_list>
	</action>
 </action_list><action_list name="加载模块" level="1" descr="加载模块 HarddiskVolume1\WINDOWS\system32\lpk.dll" times="0">
	<action field="start_boot" type="Memory" name="LoadLibrary" call_pid="792" call_name="conime.exe" call_time="16:48:10.099">
	<exInfo_list count="1">
		<exInfo value="HarddiskVolume1\WINDOWS\system32\lpk.dll" descr="动态链接库"/>
	</exInfo_list>
	</action>
 </action_list><action_list name="加载模块" level="1" descr="加载模块 HarddiskVolume1\WINDOWS\system32\usp10.dll" times="0">
	<action field="start_boot" type="Memory" name="LoadLibrary" call_pid="792" call_name="conime.exe" call_time="16:48:10.104">
	<exInfo_list count="1">
		<exInfo value="HarddiskVolume1\WINDOWS\system32\usp10.dll" descr="动态链接库"/>
	</exInfo_list>
	</action>
 </action_list><action_list name="加载模块" level="1" descr="加载模块 HarddiskVolume1\WINDOWS\WinSxS\x86_Microsoft.Windows.Common-Controls_6595b64144ccf1df_6.0.2600.5512_x-ww_35d4ce83\comctl32.dll" times="0">
	<action field="start_boot" type="Memory" name="LoadLibrary" call_pid="792" call_name="conime.exe" call_time="16:48:10.301">
	<exInfo_list count="1">
		<exInfo value="HarddiskVolume1\WINDOWS\WinSxS\x86_Microsoft.Windows.Common-Controls_6595b64144ccf1df_6.0.2600.5512_x-ww_35d4ce83\comctl32.dll" descr="动态链接库"/>
	</exInfo_list>
	</action>
 </action_list><action_list name="加载模块" level="1" descr="加载模块 HarddiskVolume1\WINDOWS\system32\comctl32.dll" times="0">
	<action field="start_boot" type="Memory" name="LoadLibrary" call_pid="792" call_name="conime.exe" call_time="16:48:10.402">
	<exInfo_list count="1">
		<exInfo value="HarddiskVolume1\WINDOWS\system32\comctl32.dll" descr="动态链接库"/>
	</exInfo_list>
	</action>
 </action_list><action_list name="程序退出" level="-1" descr="conime.exe 退出" times="0">
	<action field="start_boot" type="Process" name="TerminateProcess" call_pid="792" call_name="conime.exe" call_time="16:48:10.495">
	<exInfo_list count="1">
		<exInfo value="conime.exe" descr="结束进程名"/>
	</exInfo_list>
	</action>
 </action_list><action_list name="检测分析环境" level="1" descr="通过 sleep(180s) 技术检测虚拟机或调试器，逃避分析与查杀" times="0">
	<action field="start_boot" type="System" name="DetectDebugger" call_pid="2036" call_name="1.exe" call_time="16:48:10.542">
	<exInfo_list count="1">
		<exInfo value="sleep(180s)" descr="技术手段"/>
	</exInfo_list>
	</action>
 </action_list><action_list name="自我读取" level="1" descr="读取文件 HarddiskVolume1\vastest\1.exe" times="0">
	<action field="start_boot" type="File" name="ReadFile" call_pid="2036" call_name="1.exe" call_time="16:48:10.807">
	<exInfo_list count="1">
		<exInfo value="HarddiskVolume1\vastest\1.exe" descr="文件路径"/>
	</exInfo_list>
	</action>
 </action_list><action_list name="创建可执行程序" level="3" descr="创建可执行程序 HarddiskVolume1\DOCUME~1\xpuser\LOCALS~1\Temp\avscan.exe" times="0">
	<action field="start_boot" type="File" name="WritePEFile" call_pid="2036" call_name="1.exe" call_time="16:48:12.133">
	<exInfo_list count="1">
		<exInfo value="HarddiskVolume1\DOCUME~1\xpuser\LOCALS~1\Temp\avscan.exe" descr="PE文件路径"/>
	</exInfo_list>
	</action>
 </action_list><action_list name="自我读取" level="1" descr="读取文件 HarddiskVolume1\vastest\1.exe" times="0">
	<action field="start_boot" type="File" name="ReadFile" call_pid="2036" call_name="1.exe" call_time="16:48:12.389">
	<exInfo_list count="1">
		<exInfo value="HarddiskVolume1\vastest\1.exe" descr="文件路径"/>
	</exInfo_list>
	</action>
 </action_list><action_list name="创建可执行程序" level="3" descr="创建可执行程序 HarddiskVolume1\WINDOWS\hosts.exe" times="0">
	<action field="start_boot" type="File" name="WritePEFile" call_pid="2036" call_name="1.exe" call_time="16:48:12.677">
	<exInfo_list count="1">
		<exInfo value="HarddiskVolume1\WINDOWS\hosts.exe" descr="PE文件路径"/>
	</exInfo_list>
	</action>
 </action_list><action_list name="修改文件属性" level="3" descr="将文件 HarddiskVolume1\DOCUME~1\xpuser\LOCALS~1\Temp\avscan.exe 的属性更改为隐藏或只读" times="0">
	<action field="start_boot" type="File" name="SetFileHiddenOrReadOnly" call_pid="2036" call_name="1.exe" call_time="16:48:13.683">
	<exInfo_list count="2">
		<exInfo value="HarddiskVolume1\DOCUME~1\xpuser\LOCALS~1\Temp\avscan.exe" descr="文件路径"/>
		<exInfo value="00000086" descr="属性"/>
	</exInfo_list>
	</action>
 </action_list><action_list name="修改文件属性" level="3" descr="将文件 HarddiskVolume1\WINDOWS 的属性更改为隐藏或只读" times="0">
	<action field="start_boot" type="File" name="SetFileHiddenOrReadOnly" call_pid="2036" call_name="1.exe" call_time="16:48:13.686">
	<exInfo_list count="2">
		<exInfo value="HarddiskVolume1\WINDOWS" descr="文件路径"/>
		<exInfo value="00000086" descr="属性"/>
	</exInfo_list>
	</action>
 </action_list><action_list name="映射文件" level="1" descr="映射文件 HarddiskVolume1\DOCUME~1\xpuser\LOCALS~1\Temp\avscan.exe" times="0">
	<action field="start_boot" type="File" name="ReadFileToCreate" call_pid="2036" call_name="1.exe" call_time="16:48:13.707">
	<exInfo_list count="1">
		<exInfo value="HarddiskVolume1\DOCUME~1\xpuser\LOCALS~1\Temp\avscan.exe" descr="文件路径"/>
	</exInfo_list>
	</action>
 </action_list><action_list name="创建进程" level="3" descr="创建进程  C:\DOCUME~1\xpuser\LOCALS~1\Temp\avscan.exe" times="0">
	<action field="start_boot" type="Process" name="CreateProcess" call_pid="2036" call_name="1.exe" call_time="16:48:13.689">
	<exInfo_list count="1">
		<exInfo value=" C:\DOCUME~1\xpuser\LOCALS~1\Temp\avscan.exe" descr="进程名"/>
	</exInfo_list>
	</action>
 </action_list><action_list name="创建进程" level="3" descr="创建进程  c:\2indo2s\W_X_C.ba2" times="0">
	<action field="start_boot" type="Process" name="CreateProcess" call_pid="2036" call_name="1.exe" call_time="16:48:13.785">
	<exInfo_list count="1">
		<exInfo value=" c:\2indo2s\W_X_C.ba2" descr="进程名"/>
	</exInfo_list>
	</action>
 </action_list><action_list name="进程开始执行" level="1" descr="被 1.exe（2036）创建的进程开始执行" times="0">
	<action field="start_boot" type="Process" name="BeCreated" call_pid="776" call_name="ntvdm.exe" call_time="16:48:13.810">
	<exInfo_list count="2">
		<exInfo value="1.exe" descr="父进程名"/>
		<exInfo value="2036" descr="父进程ID"/>
	</exInfo_list>
	</action>
 </action_list><action_list name="进程开始执行" level="1" descr="被 1.exe（2036）通过参数 &quot;C:\WINDOWS\system32\ntvdm.exe&quot; -f -i1 -o 以 direct 方式创建的进程开始执行" times="0">
	<action field="start_boot" type="Process" name="BeCreatedEx" call_pid="776" call_name="ntvdm.exe" call_time="16:48:13.811">
	<exInfo_list count="4">
		<exInfo value="1.exe" descr="父进程名"/>
		<exInfo value="2036" descr="父进程ID"/>
		<exInfo value="&quot;C:\WINDOWS\system32\ntvdm.exe&quot; -f -i1 -o" descr="启动参数"/>
		<exInfo value="direct" descr="创建方式"/>
	</exInfo_list>
	</action>
 </action_list><action_list name="不是有效的可执行程序" level="1" descr="不是有效的可执行程序" times="0">
	<action field="start_boot" type="Memory" name="LoadLibrary" call_pid="776" call_name="ntvdm.exe" call_time="16:48:13.902">
	<exInfo_list count="1">
		<exInfo value="HarddiskVolume1\WINDOWS\system32\advapi32.dll" descr="Anything"/>
	</exInfo_list>
	</action>
 </action_list><action_list name="不是有效的可执行程序" level="1" descr="不是有效的可执行程序" times="0">
	<action field="start_boot" type="Memory" name="LoadLibrary" call_pid="776" call_name="ntvdm.exe" call_time="16:48:13.906">
	<exInfo_list count="1">
		<exInfo value="HarddiskVolume1\WINDOWS\system32\rpcrt4.dll" descr="Anything"/>
	</exInfo_list>
	</action>
 </action_list><action_list name="不是有效的可执行程序" level="1" descr="不是有效的可执行程序" times="0">
	<action field="start_boot" type="Memory" name="LoadLibrary" call_pid="776" call_name="ntvdm.exe" call_time="16:48:13.910">
	<exInfo_list count="1">
		<exInfo value="HarddiskVolume1\WINDOWS\system32\secur32.dll" descr="Anything"/>
	</exInfo_list>
	</action>
 </action_list><action_list name="不是有效的可执行程序" level="1" descr="不是有效的可执行程序" times="0">
	<action field="start_boot" type="Memory" name="LoadLibrary" call_pid="776" call_name="ntvdm.exe" call_time="16:48:13.914">
	<exInfo_list count="1">
		<exInfo value="HarddiskVolume1\WINDOWS\system32\gdi32.dll" descr="Anything"/>
	</exInfo_list>
	</action>
 </action_list><action_list name="不是有效的可执行程序" level="1" descr="不是有效的可执行程序" times="0">
	<action field="start_boot" type="Memory" name="LoadLibrary" call_pid="776" call_name="ntvdm.exe" call_time="16:48:13.918">
	<exInfo_list count="1">
		<exInfo value="HarddiskVolume1\WINDOWS\system32\user32.dll" descr="Anything"/>
	</exInfo_list>
	</action>
 </action_list><action_list name="程序退出" level="-1" descr="1.exe 退出" times="0">
	<action field="start_boot" type="Process" name="TerminateProcess" call_pid="2036" call_name="1.exe" call_time="16:48:13.965">
	<exInfo_list count="1">
		<exInfo value="1.exe" descr="结束进程名"/>
	</exInfo_list>
	</action>
 </action_list><action_list name="不是有效的可执行程序" level="1" descr="不是有效的可执行程序" times="0">
	<action field="start_boot" type="Memory" name="LoadLibrary" call_pid="776" call_name="ntvdm.exe" call_time="16:48:13.091">
	<exInfo_list count="1">
		<exInfo value="HarddiskVolume1\WINDOWS\system32\imm32.dll" descr="Anything"/>
	</exInfo_list>
	</action>
 </action_list><action_list name="不是有效的可执行程序" level="1" descr="不是有效的可执行程序" times="0">
	<action field="start_boot" type="Memory" name="LoadLibrary" call_pid="776" call_name="ntvdm.exe" call_time="16:48:13.117">
	<exInfo_list count="1">
		<exInfo value="HarddiskVolume1\WINDOWS\system32\lpk.dll" descr="Anything"/>
	</exInfo_list>
	</action>
 </action_list><action_list name="不是有效的可执行程序" level="1" descr="不是有效的可执行程序" times="0">
	<action field="start_boot" type="Memory" name="LoadLibrary" call_pid="776" call_name="ntvdm.exe" call_time="16:48:13.122">
	<exInfo_list count="1">
		<exInfo value="HarddiskVolume1\WINDOWS\system32\usp10.dll" descr="Anything"/>
	</exInfo_list>
	</action>
 </action_list><action_list name="不是有效的可执行程序" level="1" descr="不是有效的可执行程序" times="0">
	<action field="start_boot" type="Memory" name="LoadLibrary" call_pid="776" call_name="ntvdm.exe" call_time="16:48:13.189">
	<exInfo_list count="1">
		<exInfo value="HarddiskVolume1\WINDOWS\system32\apphelp.dll" descr="Anything"/>
	</exInfo_list>
	</action>
 </action_list><action_list name="不是有效的可执行程序" level="1" descr="不是有效的可执行程序" times="0">
	<action field="start_boot" type="Memory" name="LoadLibrary" call_pid="776" call_name="ntvdm.exe" call_time="16:48:13.231">
	<exInfo_list count="1">
		<exInfo value="HarddiskVolume1\WINDOWS\system32\version.dll" descr="Anything"/>
	</exInfo_list>
	</action>
 </action_list><action_list name="不是有效的可执行程序" level="1" descr="不是有效的可执行程序" times="0">
	<action field="start_boot" type="File" name="ReadFileToCreate" call_pid="776" call_name="ntvdm.exe" call_time="16:48:13.245">
	<exInfo_list count="1">
		<exInfo value="HarddiskVolume1\WINDOWS\system32\conime.exe" descr="Anything"/>
	</exInfo_list>
	</action>
 </action_list><action_list name="不是有效的可执行程序" level="1" descr="不是有效的可执行程序" times="0">
	<action field="start_boot" type="Process" name="CreateProcess" call_pid="776" call_name="ntvdm.exe" call_time="16:48:13.165">
	<exInfo_list count="1">
		<exInfo value=" C:\WINDOWS\system32\conime.exe" descr="Anything"/>
	</exInfo_list>
	</action>
 </action_list><action_list name="程序退出" level="-1" descr="1.exe 退出" times="0">
	<action field="start_boot" type="Process" name="TerminateProcess" call_pid="2036" call_name="1.exe" call_time="16:48:13.372">
	<exInfo_list count="1">
		<exInfo value="1.exe" descr="结束进程名"/>
	</exInfo_list>
	</action>
 </action_list><action_list name="进程开始执行" level="1" descr="被 ntvdm.exe（776）创建的进程开始执行" times="0">
	<action field="start_boot" type="Process" name="BeCreated" call_pid="800" call_name="conime.exe" call_time="16:48:13.374">
	<exInfo_list count="2">
		<exInfo value="ntvdm.exe" descr="父进程名"/>
		<exInfo value="776" descr="父进程ID"/>
	</exInfo_list>
	</action>
 </action_list><action_list name="进程开始执行" level="1" descr="被 ntvdm.exe（776）通过参数 C:\WINDOWS\system32\conime.exe 以 direct 方式创建的进程开始执行" times="0">
	<action field="start_boot" type="Process" name="BeCreatedEx" call_pid="800" call_name="conime.exe" call_time="16:48:13.375">
	<exInfo_list count="4">
		<exInfo value="ntvdm.exe" descr="父进程名"/>
		<exInfo value="776" descr="父进程ID"/>
		<exInfo value="C:\WINDOWS\system32\conime.exe" descr="启动参数"/>
		<exInfo value="direct" descr="创建方式"/>
	</exInfo_list>
	</action>
 </action_list><action_list name="加载模块" level="1" descr="加载模块 HarddiskVolume1\WINDOWS\system32\user32.dll" times="0">
	<action field="start_boot" type="Memory" name="LoadLibrary" call_pid="800" call_name="conime.exe" call_time="16:48:13.444">
	<exInfo_list count="1">
		<exInfo value="HarddiskVolume1\WINDOWS\system32\user32.dll" descr="动态链接库"/>
	</exInfo_list>
	</action>
 </action_list><action_list name="加载模块" level="1" descr="加载模块 HarddiskVolume1\WINDOWS\system32\gdi32.dll" times="0">
	<action field="start_boot" type="Memory" name="LoadLibrary" call_pid="800" call_name="conime.exe" call_time="16:48:13.448">
	<exInfo_list count="1">
		<exInfo value="HarddiskVolume1\WINDOWS\system32\gdi32.dll" descr="动态链接库"/>
	</exInfo_list>
	</action>
 </action_list><action_list name="加载模块" level="1" descr="加载模块 HarddiskVolume1\WINDOWS\system32\imm32.dll" times="0">
	<action field="start_boot" type="Memory" name="LoadLibrary" call_pid="800" call_name="conime.exe" call_time="16:48:13.459">
	<exInfo_list count="1">
		<exInfo value="HarddiskVolume1\WINDOWS\system32\imm32.dll" descr="动态链接库"/>
	</exInfo_list>
	</action>
 </action_list><action_list name="加载模块" level="1" descr="加载模块 HarddiskVolume1\WINDOWS\system32\advapi32.dll" times="0">
	<action field="start_boot" type="Memory" name="LoadLibrary" call_pid="800" call_name="conime.exe" call_time="16:48:13.463">
	<exInfo_list count="1">
		<exInfo value="HarddiskVolume1\WINDOWS\system32\advapi32.dll" descr="动态链接库"/>
	</exInfo_list>
	</action>
 </action_list><action_list name="加载模块" level="1" descr="加载模块 HarddiskVolume1\WINDOWS\system32\rpcrt4.dll" times="0">
	<action field="start_boot" type="Memory" name="LoadLibrary" call_pid="800" call_name="conime.exe" call_time="16:48:13.467">
	<exInfo_list count="1">
		<exInfo value="HarddiskVolume1\WINDOWS\system32\rpcrt4.dll" descr="动态链接库"/>
	</exInfo_list>
	</action>
 </action_list><action_list name="加载模块" level="1" descr="加载模块 HarddiskVolume1\WINDOWS\system32\secur32.dll" times="0">
	<action field="start_boot" type="Memory" name="LoadLibrary" call_pid="800" call_name="conime.exe" call_time="16:48:13.471">
	<exInfo_list count="1">
		<exInfo value="HarddiskVolume1\WINDOWS\system32\secur32.dll" descr="动态链接库"/>
	</exInfo_list>
	</action>
 </action_list><action_list name="加载模块" level="1" descr="加载模块 HarddiskVolume1\WINDOWS\system32\msvcrt.dll" times="0">
	<action field="start_boot" type="Memory" name="LoadLibrary" call_pid="800" call_name="conime.exe" call_time="16:48:13.475">
	<exInfo_list count="1">
		<exInfo value="HarddiskVolume1\WINDOWS\system32\msvcrt.dll" descr="动态链接库"/>
	</exInfo_list>
	</action>
 </action_list><action_list name="加载模块" level="1" descr="加载模块 HarddiskVolume1\WINDOWS\system32\shimeng.dll" times="0">
	<action field="start_boot" type="Memory" name="LoadLibrary" call_pid="800" call_name="conime.exe" call_time="16:48:13.494">
	<exInfo_list count="1">
		<exInfo value="HarddiskVolume1\WINDOWS\system32\shimeng.dll" descr="动态链接库"/>
	</exInfo_list>
	</action>
 </action_list><action_list name="加载模块" level="1" descr="加载模块 HarddiskVolume1\WINDOWS\AppPatch\acgenral.dll" times="0">
	<action field="start_boot" type="Memory" name="LoadLibrary" call_pid="800" call_name="conime.exe" call_time="16:48:13.555">
	<exInfo_list count="1">
		<exInfo value="HarddiskVolume1\WINDOWS\AppPatch\acgenral.dll" descr="动态链接库"/>
	</exInfo_list>
	</action>
 </action_list><action_list name="加载模块" level="1" descr="加载模块 HarddiskVolume1\WINDOWS\system32\winmm.dll" times="0">
	<action field="start_boot" type="Memory" name="LoadLibrary" call_pid="800" call_name="conime.exe" call_time="16:48:13.560">
	<exInfo_list count="1">
		<exInfo value="HarddiskVolume1\WINDOWS\system32\winmm.dll" descr="动态链接库"/>
	</exInfo_list>
	</action>
 </action_list><action_list name="加载模块" level="1" descr="加载模块 HarddiskVolume1\WINDOWS\system32\ole32.dll" times="0">
	<action field="start_boot" type="Memory" name="LoadLibrary" call_pid="800" call_name="conime.exe" call_time="16:48:13.564">
	<exInfo_list count="1">
		<exInfo value="HarddiskVolume1\WINDOWS\system32\ole32.dll" descr="动态链接库"/>
	</exInfo_list>
	</action>
 </action_list><action_list name="加载模块" level="1" descr="加载模块 HarddiskVolume1\WINDOWS\system32\oleaut32.dll" times="0">
	<action field="start_boot" type="Memory" name="LoadLibrary" call_pid="800" call_name="conime.exe" call_time="16:48:13.575">
	<exInfo_list count="1">
		<exInfo value="HarddiskVolume1\WINDOWS\system32\oleaut32.dll" descr="动态链接库"/>
	</exInfo_list>
	</action>
 </action_list><action_list name="加载模块" level="1" descr="加载模块 HarddiskVolume1\WINDOWS\system32\msacm32.dll" times="0">
	<action field="start_boot" type="Memory" name="LoadLibrary" call_pid="800" call_name="conime.exe" call_time="16:48:13.588">
	<exInfo_list count="1">
		<exInfo value="HarddiskVolume1\WINDOWS\system32\msacm32.dll" descr="动态链接库"/>
	</exInfo_list>
	</action>
 </action_list><action_list name="加载模块" level="1" descr="加载模块 HarddiskVolume1\WINDOWS\system32\version.dll" times="0">
	<action field="start_boot" type="Memory" name="LoadLibrary" call_pid="800" call_name="conime.exe" call_time="16:48:13.598">
	<exInfo_list count="1">
		<exInfo value="HarddiskVolume1\WINDOWS\system32\version.dll" descr="动态链接库"/>
	</exInfo_list>
	</action>
 </action_list><action_list name="加载模块" level="1" descr="加载模块 HarddiskVolume1\WINDOWS\system32\shell32.dll" times="0">
	<action field="start_boot" type="Memory" name="LoadLibrary" call_pid="800" call_name="conime.exe" call_time="16:48:13.602">
	<exInfo_list count="1">
		<exInfo value="HarddiskVolume1\WINDOWS\system32\shell32.dll" descr="动态链接库"/>
	</exInfo_list>
	</action>
 </action_list><action_list name="加载模块" level="1" descr="加载模块 HarddiskVolume1\WINDOWS\system32\shlwapi.dll" times="0">
	<action field="start_boot" type="Memory" name="LoadLibrary" call_pid="800" call_name="conime.exe" call_time="16:48:13.614">
	<exInfo_list count="1">
		<exInfo value="HarddiskVolume1\WINDOWS\system32\shlwapi.dll" descr="动态链接库"/>
	</exInfo_list>
	</action>
 </action_list><action_list name="加载模块" level="1" descr="加载模块 HarddiskVolume1\WINDOWS\system32\userenv.dll" times="0">
	<action field="start_boot" type="Memory" name="LoadLibrary" call_pid="800" call_name="conime.exe" call_time="16:48:13.628">
	<exInfo_list count="1">
		<exInfo value="HarddiskVolume1\WINDOWS\system32\userenv.dll" descr="动态链接库"/>
	</exInfo_list>
	</action>
 </action_list><action_list name="加载模块" level="1" descr="加载模块 HarddiskVolume1\WINDOWS\system32\uxtheme.dll" times="0">
	<action field="start_boot" type="Memory" name="LoadLibrary" call_pid="800" call_name="conime.exe" call_time="16:48:13.640">
	<exInfo_list count="1">
		<exInfo value="HarddiskVolume1\WINDOWS\system32\uxtheme.dll" descr="动态链接库"/>
	</exInfo_list>
	</action>
 </action_list><action_list name="加载模块" level="1" descr="加载模块 HarddiskVolume1\WINDOWS\system32\lpk.dll" times="0">
	<action field="start_boot" type="Memory" name="LoadLibrary" call_pid="800" call_name="conime.exe" call_time="16:48:13.819">
	<exInfo_list count="1">
		<exInfo value="HarddiskVolume1\WINDOWS\system32\lpk.dll" descr="动态链接库"/>
	</exInfo_list>
	</action>
 </action_list><action_list name="加载模块" level="1" descr="加载模块 HarddiskVolume1\WINDOWS\system32\usp10.dll" times="0">
	<action field="start_boot" type="Memory" name="LoadLibrary" call_pid="800" call_name="conime.exe" call_time="16:48:13.824">
	<exInfo_list count="1">
		<exInfo value="HarddiskVolume1\WINDOWS\system32\usp10.dll" descr="动态链接库"/>
	</exInfo_list>
	</action>
 </action_list><action_list name="加载模块" level="1" descr="加载模块 HarddiskVolume1\WINDOWS\WinSxS\x86_Microsoft.Windows.Common-Controls_6595b64144ccf1df_6.0.2600.5512_x-ww_35d4ce83\comctl32.dll" times="0">
	<action field="start_boot" type="Memory" name="LoadLibrary" call_pid="800" call_name="conime.exe" call_time="16:48:13.044">
	<exInfo_list count="1">
		<exInfo value="HarddiskVolume1\WINDOWS\WinSxS\x86_Microsoft.Windows.Common-Controls_6595b64144ccf1df_6.0.2600.5512_x-ww_35d4ce83\comctl32.dll" descr="动态链接库"/>
	</exInfo_list>
	</action>
 </action_list><action_list name="加载模块" level="1" descr="加载模块 HarddiskVolume1\WINDOWS\system32\comctl32.dll" times="0">
	<action field="start_boot" type="Memory" name="LoadLibrary" call_pid="800" call_name="conime.exe" call_time="16:48:14.145">
	<exInfo_list count="1">
		<exInfo value="HarddiskVolume1\WINDOWS\system32\comctl32.dll" descr="动态链接库"/>
	</exInfo_list>
	</action>
 </action_list><action_list name="加载模块" level="1" descr="加载模块 HarddiskVolume1\WINDOWS\system32\msctf.dll" times="0">
	<action field="start_boot" type="Memory" name="LoadLibrary" call_pid="800" call_name="conime.exe" call_time="16:48:14.255">
	<exInfo_list count="1">
		<exInfo value="HarddiskVolume1\WINDOWS\system32\msctf.dll" descr="动态链接库"/>
	</exInfo_list>
	</action>
 </action_list><action_list name="加载模块" level="1" descr="加载模块 HarddiskVolume1\WINDOWS\system32\msctfime.ime" times="0">
	<action field="start_boot" type="Memory" name="LoadLibrary" call_pid="800" call_name="conime.exe" call_time="16:48:14.361">
	<exInfo_list count="1">
		<exInfo value="HarddiskVolume1\WINDOWS\system32\msctfime.ime" descr="动态链接库"/>
	</exInfo_list>
	</action>
 </action_list><action_list name="不是有效的可执行程序" level="1" descr="不是有效的可执行程序" times="0">
	<action field="start_boot" type="File" name="ReadFile" call_pid="776" call_name="ntvdm.exe" call_time="16:48:14.525">
	<exInfo_list count="1">
		<exInfo value="HarddiskVolume1\WINDOWS\_default.pif" descr="Anything"/>
	</exInfo_list>
	</action>
 </action_list><action_list name="不是有效的可执行程序" level="1" descr="不是有效的可执行程序" times="0">
	<action field="start_boot" type="System" name="DetectDebugger" call_pid="776" call_name="ntvdm.exe" call_time="16:48:14.633">
	<exInfo_list count="1">
		<exInfo value="sleep(115264076863s)" descr="Anything"/>
	</exInfo_list>
	</action>
 </action_list><action_list name="不是有效的可执行程序" level="1" descr="不是有效的可执行程序" times="0">
	<action field="start_boot" type="Memory" name="LoadLibrary" call_pid="776" call_name="ntvdm.exe" call_time="16:48:14.644">
	<exInfo_list count="1">
		<exInfo value="HarddiskVolume1\WINDOWS\system32\winmm.dll" descr="Anything"/>
	</exInfo_list>
	</action>
 </action_list><action_list name="不是有效的可执行程序" level="1" descr="不是有效的可执行程序" times="0">
	<action field="start_boot" type="Memory" name="LoadLibrary" call_pid="776" call_name="ntvdm.exe" call_time="16:48:14.667">
	<exInfo_list count="1">
		<exInfo value="HarddiskVolume1\WINDOWS\system32\ntvdmd.dll" descr="Anything"/>
	</exInfo_list>
	</action>
 </action_list><action_list name="不是有效的可执行程序" level="1" descr="不是有效的可执行程序" times="0">
	<action field="start_boot" type="System" name="DetectDebugger" call_pid="776" call_name="ntvdm.exe" call_time="16:48:14.675">
	<exInfo_list count="1">
		<exInfo value="NtQueryInformationProcess(7)" descr="Anything"/>
	</exInfo_list>
	</action>
 </action_list><action_list name="不是有效的可执行程序" level="1" descr="不是有效的可执行程序" times="0">
	<action field="start_boot" type="File" name="ReadFile" call_pid="776" call_name="ntvdm.exe" call_time="16:48:14.678">
	<exInfo_list count="1">
		<exInfo value="HarddiskVolume1\WINDOWS\system32\ntio804.sys" descr="Anything"/>
	</exInfo_list>
	</action>
 </action_list><action_list name="不是有效的可执行程序" level="1" descr="不是有效的可执行程序" times="0">
	<action field="start_boot" type="File" name="ReadFile" call_pid="776" call_name="ntvdm.exe" call_time="16:48:14.694">
	<exInfo_list count="1">
		<exInfo value="HarddiskVolume1\WINDOWS\system32\ntdos804.sys" descr="Anything"/>
	</exInfo_list>
	</action>
 </action_list><action_list name="不是有效的可执行程序" level="1" descr="不是有效的可执行程序" times="0">
	<action field="start_boot" type="Memory" name="LoadLibrary" call_pid="776" call_name="ntvdm.exe" call_time="16:48:14.744">
	<exInfo_list count="1">
		<exInfo value="HarddiskVolume1\WINDOWS\system32\userenv.dll" descr="Anything"/>
	</exInfo_list>
	</action>
 </action_list><action_list name="不是有效的可执行程序" level="1" descr="不是有效的可执行程序" times="0">
	<action field="start_boot" type="Memory" name="LoadLibrary" call_pid="776" call_name="ntvdm.exe" call_time="16:48:14.748">
	<exInfo_list count="1">
		<exInfo value="HarddiskVolume1\WINDOWS\system32\msvcrt.dll" descr="Anything"/>
	</exInfo_list>
	</action>
 </action_list><action_list name="不是有效的可执行程序" level="1" descr="不是有效的可执行程序" times="0">
	<action field="start_boot" type="File" name="ReadFile" call_pid="776" call_name="ntvdm.exe" call_time="16:48:14.846">
	<exInfo_list count="1">
		<exInfo value="HarddiskVolume1\WINDOWS\system32\CONFIG.NT" descr="Anything"/>
	</exInfo_list>
	</action>
 </action_list><action_list name="不是有效的可执行程序" level="1" descr="不是有效的可执行程序" times="0">
	<action field="start_boot" type="File" name="WriteFile" call_pid="776" call_name="ntvdm.exe" call_time="16:48:14.852">
	<exInfo_list count="1">
		<exInfo value="HarddiskVolume1\WINDOWS\Temp\scs7.tmp" descr="Anything"/>
	</exInfo_list>
	</action>
 </action_list><action_list name="不是有效的可执行程序" level="1" descr="不是有效的可执行程序" times="0">
	<action field="start_boot" type="File" name="ReadFile" call_pid="776" call_name="ntvdm.exe" call_time="16:48:14.978">
	<exInfo_list count="1">
		<exInfo value="HarddiskVolume1\WINDOWS\Temp\scs7.tmp" descr="Anything"/>
	</exInfo_list>
	</action>
 </action_list><action_list name="不是有效的可执行程序" level="1" descr="不是有效的可执行程序" times="0">
	<action field="start_boot" type="File" name="ReadFile" call_pid="776" call_name="ntvdm.exe" call_time="16:48:14.986">
	<exInfo_list count="1">
		<exInfo value="HarddiskVolume1\WINDOWS\system32\himem.sys" descr="Anything"/>
	</exInfo_list>
	</action>
 </action_list><action_list name="不是有效的可执行程序" level="1" descr="不是有效的可执行程序" times="0">
	<action field="start_boot" type="File" name="ReadFile" call_pid="776" call_name="ntvdm.exe" call_time="16:48:14.002">
	<exInfo_list count="1">
		<exInfo value="HarddiskVolume1\WINDOWS\system32\country.sys" descr="Anything"/>
	</exInfo_list>
	</action>
 </action_list><action_list name="不是有效的可执行程序" level="1" descr="不是有效的可执行程序" times="0">
	<action field="start_boot" type="File" name="ReadFile" call_pid="776" call_name="ntvdm.exe" call_time="16:48:15.336">
	<exInfo_list count="1">
		<exInfo value="HarddiskVolume1\WINDOWS\system32\command.com" descr="Anything"/>
	</exInfo_list>
	</action>
 </action_list><action_list name="不是有效的可执行程序" level="1" descr="不是有效的可执行程序" times="0">
	<action field="start_boot" type="Memory" name="LoadLibrary" call_pid="776" call_name="ntvdm.exe" call_time="16:48:15.360">
	<exInfo_list count="1">
		<exInfo value="HarddiskVolume1\WINDOWS\system32\userenv.dll" descr="Anything"/>
	</exInfo_list>
	</action>
 </action_list><action_list name="不是有效的可执行程序" level="1" descr="不是有效的可执行程序" times="0">
	<action field="start_boot" type="Memory" name="LoadLibrary" call_pid="776" call_name="ntvdm.exe" call_time="16:48:15.364">
	<exInfo_list count="1">
		<exInfo value="HarddiskVolume1\WINDOWS\system32\msvcrt.dll" descr="Anything"/>
	</exInfo_list>
	</action>
 </action_list><action_list name="不是有效的可执行程序" level="1" descr="不是有效的可执行程序" times="0">
	<action field="start_boot" type="System" name="DetectDebugger" call_pid="776" call_name="ntvdm.exe" call_time="16:48:15.412">
	<exInfo_list count="1">
		<exInfo value="CpuCheck" descr="Anything"/>
	</exInfo_list>
	</action>
 </action_list><action_list name="不是有效的可执行程序" level="1" descr="不是有效的可执行程序" times="0">
	<action field="start_boot" type="File" name="ReadFile" call_pid="776" call_name="ntvdm.exe" call_time="16:48:15.457">
	<exInfo_list count="1">
		<exInfo value="HarddiskVolume1\WINDOWS\system32\AUTOEXEC.NT" descr="Anything"/>
	</exInfo_list>
	</action>
 </action_list><action_list name="不是有效的可执行程序" level="1" descr="不是有效的可执行程序" times="0">
	<action field="start_boot" type="File" name="WriteFile" call_pid="776" call_name="ntvdm.exe" call_time="16:48:15.463">
	<exInfo_list count="1">
		<exInfo value="HarddiskVolume1\WINDOWS\Temp\scs8.tmp" descr="Anything"/>
	</exInfo_list>
	</action>
 </action_list><action_list name="不是有效的可执行程序" level="1" descr="不是有效的可执行程序" times="0">
	<action field="start_boot" type="Memory" name="LoadLibrary" call_pid="776" call_name="ntvdm.exe" call_time="16:48:15.574">
	<exInfo_list count="1">
		<exInfo value="HarddiskVolume1\WINDOWS\system32\userenv.dll" descr="Anything"/>
	</exInfo_list>
	</action>
 </action_list><action_list name="不是有效的可执行程序" level="1" descr="不是有效的可执行程序" times="0">
	<action field="start_boot" type="Memory" name="LoadLibrary" call_pid="776" call_name="ntvdm.exe" call_time="16:48:15.578">
	<exInfo_list count="1">
		<exInfo value="HarddiskVolume1\WINDOWS\system32\msvcrt.dll" descr="Anything"/>
	</exInfo_list>
	</action>
 </action_list><action_list name="不是有效的可执行程序" level="1" descr="不是有效的可执行程序" times="0">
	<action field="start_boot" type="System" name="DetectDebugger" call_pid="776" call_name="ntvdm.exe" call_time="16:48:15.626">
	<exInfo_list count="1">
		<exInfo value="CpuCheck" descr="Anything"/>
	</exInfo_list>
	</action>
 </action_list><action_list name="不是有效的可执行程序" level="1" descr="不是有效的可执行程序" times="0">
	<action field="start_boot" type="Memory" name="LoadLibrary" call_pid="776" call_name="ntvdm.exe" call_time="16:48:15.668">
	<exInfo_list count="1">
		<exInfo value="HarddiskVolume1\WINDOWS\system32\userenv.dll" descr="Anything"/>
	</exInfo_list>
	</action>
 </action_list><action_list name="不是有效的可执行程序" level="1" descr="不是有效的可执行程序" times="0">
	<action field="start_boot" type="Memory" name="LoadLibrary" call_pid="776" call_name="ntvdm.exe" call_time="16:48:15.672">
	<exInfo_list count="1">
		<exInfo value="HarddiskVolume1\WINDOWS\system32\msvcrt.dll" descr="Anything"/>
	</exInfo_list>
	</action>
 </action_list><action_list name="不是有效的可执行程序" level="1" descr="不是有效的可执行程序" times="0">
	<action field="start_boot" type="System" name="DetectDebugger" call_pid="776" call_name="ntvdm.exe" call_time="16:48:15.720">
	<exInfo_list count="1">
		<exInfo value="CpuCheck" descr="Anything"/>
	</exInfo_list>
	</action>
 </action_list><action_list name="不是有效的可执行程序" level="1" descr="不是有效的可执行程序" times="0">
	<action field="start_boot" type="File" name="ReadFile" call_pid="776" call_name="ntvdm.exe" call_time="16:48:15.770">
	<exInfo_list count="1">
		<exInfo value="HarddiskVolume1\WINDOWS\Temp\scs8.tmp" descr="Anything"/>
	</exInfo_list>
	</action>
 </action_list><action_list name="不是有效的可执行程序" level="1" descr="不是有效的可执行程序" times="0">
	<action field="start_boot" type="File" name="ReadFile" call_pid="776" call_name="ntvdm.exe" call_time="16:48:15.817">
	<exInfo_list count="1">
		<exInfo value="HarddiskVolume1\WINDOWS\system32\mscdexnt.exe" descr="Anything"/>
	</exInfo_list>
	</action>
 </action_list><action_list name="不是有效的可执行程序" level="1" descr="不是有效的可执行程序" times="0">
	<action field="start_boot" type="File" name="ReadFile" call_pid="776" call_name="ntvdm.exe" call_time="16:48:15.839">
	<exInfo_list count="1">
		<exInfo value="HarddiskVolume1\WINDOWS\Temp\scs8.tmp" descr="Anything"/>
	</exInfo_list>
	</action>
 </action_list><action_list name="不是有效的可执行程序" level="1" descr="不是有效的可执行程序" times="0">
	<action field="start_boot" type="File" name="ReadFile" call_pid="776" call_name="ntvdm.exe" call_time="16:48:15.854">
	<exInfo_list count="1">
		<exInfo value="HarddiskVolume1\WINDOWS\system32\redir.exe" descr="Anything"/>
	</exInfo_list>
	</action>
 </action_list><action_list name="不是有效的可执行程序" level="1" descr="不是有效的可执行程序" times="0">
	<action field="start_boot" type="File" name="ReadFile" call_pid="776" call_name="ntvdm.exe" call_time="16:48:15.874">
	<exInfo_list count="1">
		<exInfo value="HarddiskVolume1\WINDOWS\Temp\scs8.tmp" descr="Anything"/>
	</exInfo_list>
	</action>
 </action_list><action_list name="不是有效的可执行程序" level="1" descr="不是有效的可执行程序" times="0">
	<action field="start_boot" type="File" name="ReadFile" call_pid="776" call_name="ntvdm.exe" call_time="16:48:15.888">
	<exInfo_list count="1">
		<exInfo value="HarddiskVolume1\WINDOWS\system32\dosx.exe" descr="Anything"/>
	</exInfo_list>
	</action>
 </action_list><action_list name="不是有效的可执行程序" level="1" descr="不是有效的可执行程序" times="0">
	<action field="start_boot" type="File" name="ReadFile" call_pid="776" call_name="ntvdm.exe" call_time="16:48:15.923">
	<exInfo_list count="1">
		<exInfo value="HarddiskVolume1\WINDOWS\system.ini" descr="Anything"/>
	</exInfo_list>
	</action>
 </action_list><action_list name="不是有效的可执行程序" level="1" descr="不是有效的可执行程序" times="0">
	<action field="start_boot" type="File" name="ReadFile" call_pid="776" call_name="ntvdm.exe" call_time="16:48:15.945">
	<exInfo_list count="1">
		<exInfo value="HarddiskVolume1\WINDOWS\Temp\scs8.tmp" descr="Anything"/>
	</exInfo_list>
	</action>
 </action_list><action_list name="不是有效的可执行程序" level="1" descr="不是有效的可执行程序" times="0">
	<action field="start_boot" type="File" name="DeleteFile" call_pid="776" call_name="ntvdm.exe" call_time="16:48:15.118">
	<exInfo_list count="1">
		<exInfo value="C:\WINDOWS\TEMP\scs7.tmp" descr="Anything"/>
	</exInfo_list>
	</action>
 </action_list><action_list name="不是有效的可执行程序" level="1" descr="不是有效的可执行程序" times="0">
	<action field="start_boot" type="File" name="ReadFile" call_pid="776" call_name="ntvdm.exe" call_time="16:48:15.141">
	<exInfo_list count="1">
		<exInfo value="HarddiskVolume1\WINDOWS\system32\kb16.com" descr="Anything"/>
	</exInfo_list>
	</action>
 </action_list><action_list name="不是有效的可执行程序" level="1" descr="不是有效的可执行程序" times="0">
	<action field="start_boot" type="File" name="ReadFile" call_pid="776" call_name="ntvdm.exe" call_time="16:48:15.154">
	<exInfo_list count="1">
		<exInfo value="HarddiskVolume1\WINDOWS\system32\keyboard.sys" descr="Anything"/>
	</exInfo_list>
	</action>
 </action_list><action_list name="不是有效的可执行程序" level="1" descr="不是有效的可执行程序" times="0">
	<action field="start_boot" type="File" name="ReadFile" call_pid="776" call_name="ntvdm.exe" call_time="16:48:15.167">
	<exInfo_list count="1">
		<exInfo value="HarddiskVolume1\DOCUME~1\xpuser\LOCALS~1\Temp\avscan.exe" descr="Anything"/>
	</exInfo_list>
	</action>
 </action_list><action_list name="不是有效的可执行程序" level="1" descr="不是有效的可执行程序" times="0">
	<action field="start_boot" type="File" name="ReadFile" call_pid="776" call_name="ntvdm.exe" call_time="16:48:15.173">
	<exInfo_list count="1">
		<exInfo value="HarddiskVolume1\WINDOWS\system32\command.com" descr="Anything"/>
	</exInfo_list>
	</action>
 </action_list><action_list name="不是有效的可执行程序" level="1" descr="不是有效的可执行程序" times="0">
	<action field="start_boot" type="System" name="DetectDebugger" call_pid="776" call_name="ntvdm.exe" call_time="16:48:15.201">
	<exInfo_list count="1">
		<exInfo value="sleep(360s)" descr="Anything"/>
	</exInfo_list>
	</action>
 </action_list><action_list name="不是有效的可执行程序" level="1" descr="不是有效的可执行程序" times="0">
	<action field="start_boot" type="System" name="DetectDebugger" call_pid="776" call_name="ntvdm.exe" call_time="16:48:15.203">
	<exInfo_list count="1">
		<exInfo value="NtQueryInformationProcess(7)" descr="Anything"/>
	</exInfo_list>
	</action>
 </action_list><action_list name="不是有效的可执行程序" level="1" descr="不是有效的可执行程序" times="0">
	<action field="start_boot" type="Process" name="TerminateProcess" call_pid="776" call_name="ntvdm.exe" call_time="16:48:15.224">
	<exInfo_list count="1">
		<exInfo value="ntvdm.exe" descr="Anything"/>
	</exInfo_list>
	</action>
 </action_list><action_list name="分析结束" level="-1" descr="动态分析结束" times="0">
	<action field="start_boot" type="System" name="AnalyzeStop" call_pid="0" call_name="" call_time="16:49:05.233">
	<exInfo_list count="0">
	</exInfo_list>
	</action>
 </action_list></file>