<?xml version="1.0" encoding="UTF-8"?> 

<file name="1.exe" 文件扩展名信息="  描述：Directly executable program   使用信息: DOS, OpenVMS, Microsoft Windows, Symbian or OS/2" sha1="f95b4a3703c3526556334aef051e66539d119f11" md5="0620c96f7ab0e632ceae314eed89d2f5" CRC32="97d238f0" SSDEEP="3072:6nj9jtfU+INndIc0JD5o87hTCLyYDTMwCBUDFwhrMprPSne+1Gi39cuewsk6JVan:6jbei25DTDxrprPSe+oO9cuewsRM" ImportHash="0ebb3c09b06b1666d307952e824c8697" size="177771" type="exe" error="0" virusresult="Backdoor.Win32.Turkojan.zwh," vp_name="klo07" reportType="final" exiftool="File Name                       : 1.exe--list--File Size                       : 174 kB--list--File Modification Date/Time     : 2020:01:17 18:07:54+08:00--list--File Access Date/Time           : 2020:01:17 18:07:54+08:00--list--File Inode Change Date/Time     : 2020:01:17 18:07:54+08:00--list--File Type                       : Win32 EXE--list--File Type Extension             : exe--list--MIME Type                       : application/octet-stream--list--Machine Type                    : Intel 386 or later, and compatibles--list--Time Stamp                      : 2004:08:04 14:01:37+08:00--list--PE Type                         : PE32--list--Linker Version                  : 7.10--list--Code Size                       : 39424--list--Initialized Data Size           : 137216--list--Uninitialized Data Size         : 0--list--Entry Point                     : 0x645c--list--OS Version                      : 5.1--list--Image Version                   : 5.1--list--Subsystem Version               : 4.0--list--Subsystem                       : Windows GUI--list--File Version Number             : 6.0.2900.2180--list--Product Version Number          : 6.0.2900.2180--list--File Flags Mask                 : 0x003f--list--File Flags                      : (none)--list--File OS                         : Windows NT 32-bit--list--Object File Type                : Executable application--list--File Subtype                    : 0--list--Language Code                   : Spanish (Modern)--list--Character Set                   : Unicode--list--Company Name                    : Microsoft Corporation--list--File Description                : Win32 Cabinet Self-Extractor--list--File Version                    : 6.00.2900.2180 (xpsp_sp2_rtm.040803-2158)--list--Internal Name                   : Wextract--list--Legal Copyright                 : © Microsoft Corporation. Reservados todos los derechos.--list--Original File Name              : WEXTRACT.EXE--list--Product Name                    : Sistema operativo Microsoft® Windows®--list--Product Version                 : 6.00.2900.2180--list--Warning                         : Possibly corrupt Version resource--list--" system="winxp" peinfo="加壳信息 :  Microsoft CAB SFX--list--文件熵 :  7.511932 (可能存在加壳)--list--fpu反调试 :  未检测到--list--载入地址 :  正常的载入点--list--代码入口信息 :  正常的入口--list--DOS stub : :  正常--list--TLS表信息 :  未发现--list--段信息 :  3--list--代码段 :  未见异常--list--数据段 :  未见异常--list--资源段 :  未见异常--list--时间戳 :  未见异常--list--ASLR ：  未开启--list--DEP/NX ：  未开启--list--SEH ：  未开启" AI_Scan="1" filetype="PE32 executable (GUI) Intel 80386, for MS Windows"><action_list name="分析开始" level="-1" descr="动态分析开始" times="0">
	<action field="start_boot" type="System" name="AnalyzeStart" call_pid="0" call_name="" call_time="18:08:12.000">
	<exInfo_list count="0">
	</exInfo_list>
	</action>
 </action_list><action_list name="分析引擎信息" level="-1" descr="12.6, 40, 2020-01-17_18:08:08==2020-01-17_18:08:12" times="0">
	<action field="start_boot" type="System" name="VasInfo" call_pid="0" call_name="" call_time="18:08:12.001">
	<exInfo_list count="3">
		<exInfo value="12.6" descr="分析引擎版本"/>
		<exInfo value="40" descr="最大并发数量"/>
		<exInfo value="2020-01-17_18:08:08==2020-01-17_18:08:12" descr="镜像加载耗时"/>
	</exInfo_list>
	</action>
 </action_list><action_list name="进程开始执行" level="1" descr="被 vasstarter.exe（1676）创建的进程开始执行" times="0">
	<action field="start_boot" type="Process" name="BeCreated" call_pid="208" call_name="vaslauncher.exe" call_time="18:08:12.002">
	<exInfo_list count="2">
		<exInfo value="vasstarter.exe" descr="父进程名"/>
		<exInfo value="1676" descr="父进程ID"/>
	</exInfo_list>
	</action>
 </action_list><action_list name="进程开始执行" level="1" descr="被 vasstarter.exe（1676）通过参数 D:\vaslauncher.exe 以 direct 方式创建的进程开始执行" times="0">
	<action field="start_boot" type="Process" name="BeCreatedEx" call_pid="208" call_name="vaslauncher.exe" call_time="18:08:12.003">
	<exInfo_list count="4">
		<exInfo value="vasstarter.exe" descr="父进程名"/>
		<exInfo value="1676" descr="父进程ID"/>
		<exInfo value="D:\vaslauncher.exe" descr="启动参数"/>
		<exInfo value="direct" descr="创建方式"/>
	</exInfo_list>
	</action>
 </action_list><action_list name="进程开始执行" level="1" descr="被 vaslauncher.exe（208）创建的进程开始执行" times="0">
	<action field="start_boot" type="Process" name="BeCreated" call_pid="2036" call_name="1.exe" call_time="18:08:15.004">
	<exInfo_list count="2">
		<exInfo value="vaslauncher.exe" descr="父进程名"/>
		<exInfo value="208" descr="父进程ID"/>
	</exInfo_list>
	</action>
 </action_list><action_list name="进程开始执行" level="1" descr="被 vaslauncher.exe（208）通过参数 &quot;C:\vastest\1.exe&quot;  以 direct 方式创建的进程开始执行" times="0">
	<action field="start_boot" type="Process" name="BeCreatedEx" call_pid="2036" call_name="1.exe" call_time="18:08:15.005">
	<exInfo_list count="4">
		<exInfo value="vaslauncher.exe" descr="父进程名"/>
		<exInfo value="208" descr="父进程ID"/>
		<exInfo value="&quot;C:\vastest\1.exe&quot; " descr="启动参数"/>
		<exInfo value="direct" descr="创建方式"/>
	</exInfo_list>
	</action>
 </action_list><action_list name="加载模块" level="1" descr="加载模块 HarddiskVolume1\WINDOWS\system32\advapi32.dll" times="0">
	<action field="start_boot" type="Memory" name="LoadLibrary" call_pid="2036" call_name="1.exe" call_time="18:08:15.075">
	<exInfo_list count="1">
		<exInfo value="HarddiskVolume1\WINDOWS\system32\advapi32.dll" descr="动态链接库"/>
	</exInfo_list>
	</action>
 </action_list><action_list name="加载模块" level="1" descr="加载模块 HarddiskVolume1\WINDOWS\system32\rpcrt4.dll" times="0">
	<action field="start_boot" type="Memory" name="LoadLibrary" call_pid="2036" call_name="1.exe" call_time="18:08:15.080">
	<exInfo_list count="1">
		<exInfo value="HarddiskVolume1\WINDOWS\system32\rpcrt4.dll" descr="动态链接库"/>
	</exInfo_list>
	</action>
 </action_list><action_list name="加载模块" level="1" descr="加载模块 HarddiskVolume1\WINDOWS\system32\secur32.dll" times="0">
	<action field="start_boot" type="Memory" name="LoadLibrary" call_pid="2036" call_name="1.exe" call_time="18:08:15.084">
	<exInfo_list count="1">
		<exInfo value="HarddiskVolume1\WINDOWS\system32\secur32.dll" descr="动态链接库"/>
	</exInfo_list>
	</action>
 </action_list><action_list name="加载模块" level="1" descr="加载模块 HarddiskVolume1\WINDOWS\system32\gdi32.dll" times="0">
	<action field="start_boot" type="Memory" name="LoadLibrary" call_pid="2036" call_name="1.exe" call_time="18:08:15.107">
	<exInfo_list count="1">
		<exInfo value="HarddiskVolume1\WINDOWS\system32\gdi32.dll" descr="动态链接库"/>
	</exInfo_list>
	</action>
 </action_list><action_list name="加载模块" level="1" descr="加载模块 HarddiskVolume1\WINDOWS\system32\user32.dll" times="0">
	<action field="start_boot" type="Memory" name="LoadLibrary" call_pid="2036" call_name="1.exe" call_time="18:08:15.111">
	<exInfo_list count="1">
		<exInfo value="HarddiskVolume1\WINDOWS\system32\user32.dll" descr="动态链接库"/>
	</exInfo_list>
	</action>
 </action_list><action_list name="加载模块" level="1" descr="加载模块 HarddiskVolume1\WINDOWS\system32\comctl32.dll" times="0">
	<action field="start_boot" type="Memory" name="LoadLibrary" call_pid="2036" call_name="1.exe" call_time="18:08:15.132">
	<exInfo_list count="1">
		<exInfo value="HarddiskVolume1\WINDOWS\system32\comctl32.dll" descr="动态链接库"/>
	</exInfo_list>
	</action>
 </action_list><action_list name="加载模块" level="1" descr="加载模块 HarddiskVolume1\WINDOWS\system32\version.dll" times="0">
	<action field="start_boot" type="Memory" name="LoadLibrary" call_pid="2036" call_name="1.exe" call_time="18:08:15.140">
	<exInfo_list count="1">
		<exInfo value="HarddiskVolume1\WINDOWS\system32\version.dll" descr="动态链接库"/>
	</exInfo_list>
	</action>
 </action_list><action_list name="加载模块" level="1" descr="加载模块 HarddiskVolume1\WINDOWS\system32\imm32.dll" times="0">
	<action field="start_boot" type="Memory" name="LoadLibrary" call_pid="2036" call_name="1.exe" call_time="18:08:15.210">
	<exInfo_list count="1">
		<exInfo value="HarddiskVolume1\WINDOWS\system32\imm32.dll" descr="动态链接库"/>
	</exInfo_list>
	</action>
 </action_list><action_list name="加载模块" level="1" descr="加载模块 HarddiskVolume1\WINDOWS\system32\lpk.dll" times="0">
	<action field="start_boot" type="Memory" name="LoadLibrary" call_pid="2036" call_name="1.exe" call_time="18:08:15.234">
	<exInfo_list count="1">
		<exInfo value="HarddiskVolume1\WINDOWS\system32\lpk.dll" descr="动态链接库"/>
	</exInfo_list>
	</action>
 </action_list><action_list name="加载模块" level="1" descr="加载模块 HarddiskVolume1\WINDOWS\system32\usp10.dll" times="0">
	<action field="start_boot" type="Memory" name="LoadLibrary" call_pid="2036" call_name="1.exe" call_time="18:08:15.239">
	<exInfo_list count="1">
		<exInfo value="HarddiskVolume1\WINDOWS\system32\usp10.dll" descr="动态链接库"/>
	</exInfo_list>
	</action>
 </action_list><action_list name="加载模块" level="1" descr="加载模块 HarddiskVolume1\WINDOWS\system32\feclient.dll" times="0">
	<action field="start_boot" type="Memory" name="LoadLibrary" call_pid="2036" call_name="1.exe" call_time="18:08:15.376">
	<exInfo_list count="1">
		<exInfo value="HarddiskVolume1\WINDOWS\system32\feclient.dll" descr="动态链接库"/>
	</exInfo_list>
	</action>
 </action_list><action_list name="加载模块" level="1" descr="加载模块 HarddiskVolume1\WINDOWS\system32\mpr.dll" times="0">
	<action field="start_boot" type="Memory" name="LoadLibrary" call_pid="2036" call_name="1.exe" call_time="18:08:15.380">
	<exInfo_list count="1">
		<exInfo value="HarddiskVolume1\WINDOWS\system32\mpr.dll" descr="动态链接库"/>
	</exInfo_list>
	</action>
 </action_list><action_list name="加载模块" level="1" descr="加载模块 HarddiskVolume1\WINDOWS\system32\userenv.dll" times="0">
	<action field="start_boot" type="Memory" name="LoadLibrary" call_pid="2036" call_name="1.exe" call_time="18:08:15.384">
	<exInfo_list count="1">
		<exInfo value="HarddiskVolume1\WINDOWS\system32\userenv.dll" descr="动态链接库"/>
	</exInfo_list>
	</action>
 </action_list><action_list name="加载模块" level="1" descr="加载模块 HarddiskVolume1\WINDOWS\system32\msvcrt.dll" times="0">
	<action field="start_boot" type="Memory" name="LoadLibrary" call_pid="2036" call_name="1.exe" call_time="18:08:15.388">
	<exInfo_list count="1">
		<exInfo value="HarddiskVolume1\WINDOWS\system32\msvcrt.dll" descr="动态链接库"/>
	</exInfo_list>
	</action>
 </action_list><action_list name="加载模块" level="1" descr="加载模块 HarddiskVolume1\WINDOWS\system32\crypt32.dll" times="0">
	<action field="start_boot" type="Memory" name="LoadLibrary" call_pid="2036" call_name="1.exe" call_time="18:08:15.404">
	<exInfo_list count="1">
		<exInfo value="HarddiskVolume1\WINDOWS\system32\crypt32.dll" descr="动态链接库"/>
	</exInfo_list>
	</action>
 </action_list><action_list name="加载模块" level="1" descr="加载模块 HarddiskVolume1\WINDOWS\system32\msasn1.dll" times="0">
	<action field="start_boot" type="Memory" name="LoadLibrary" call_pid="2036" call_name="1.exe" call_time="18:08:15.408">
	<exInfo_list count="1">
		<exInfo value="HarddiskVolume1\WINDOWS\system32\msasn1.dll" descr="动态链接库"/>
	</exInfo_list>
	</action>
 </action_list><action_list name="检测分析环境" level="1" descr="通过 MemoryOperation 技术检测虚拟机或调试器，逃避分析与查杀" times="0">
	<action field="start_boot" type="System" name="DetectDebugger" call_pid="2036" call_name="1.exe" call_time="18:08:15.589">
	<exInfo_list count="1">
		<exInfo value="MemoryOperation" descr="技术手段"/>
	</exInfo_list>
	</action>
 </action_list><action_list name="创建可执行程序" level="3" descr="创建可执行程序 HarddiskVolume1\DOCUME~1\xpuser\LOCALS~1\Temp\IXP000.TMP\server.exe" times="0">
	<action field="start_boot" type="File" name="WritePEFile" call_pid="2036" call_name="1.exe" call_time="18:08:15.662">
	<exInfo_list count="1">
		<exInfo value="HarddiskVolume1\DOCUME~1\xpuser\LOCALS~1\Temp\IXP000.TMP\server.exe" descr="PE文件路径"/>
	</exInfo_list>
	</action>
 </action_list><action_list name="修改文件时间" level="3" descr="修改 HarddiskVolume1\DOCUME~1\xpuser\LOCALS~1\Temp\IXP000.TMP\server.exe 的创建时间为 2010-05-20 14_42_22" times="0">
	<action field="start_boot" type="File" name="SetFileCreationTime" call_pid="2036" call_name="1.exe" call_time="18:08:15.703">
	<exInfo_list count="2">
		<exInfo value="HarddiskVolume1\DOCUME~1\xpuser\LOCALS~1\Temp\IXP000.TMP\server.exe" descr="文件路径"/>
		<exInfo value="2010-05-20 14_42_22" descr="时间"/>
	</exInfo_list>
	</action>
 </action_list><action_list name="加载模块" level="1" descr="加载模块 HarddiskVolume1\WINDOWS\system32\advpack.dll" times="0">
	<action field="start_boot" type="Memory" name="LoadLibrary" call_pid="2036" call_name="1.exe" call_time="18:08:15.715">
	<exInfo_list count="1">
		<exInfo value="HarddiskVolume1\WINDOWS\system32\advpack.dll" descr="动态链接库"/>
	</exInfo_list>
	</action>
 </action_list><action_list name="加载模块" level="1" descr="加载模块 HarddiskVolume1\WINDOWS\system32\ole32.dll" times="0">
	<action field="start_boot" type="Memory" name="LoadLibrary" call_pid="2036" call_name="1.exe" call_time="18:08:15.725">
	<exInfo_list count="1">
		<exInfo value="HarddiskVolume1\WINDOWS\system32\ole32.dll" descr="动态链接库"/>
	</exInfo_list>
	</action>
 </action_list><action_list name="设置自启动" level="3" descr="将 wextract_cleanup0 设置为开机自启动" times="0">
	<action field="start_boot" type="Reg" name="SetKeyValue" call_pid="2036" call_name="1.exe" call_time="18:08:15.769">
	<exInfo_list count="2">
		<exInfo value="\REGISTRY\MACHINE\SOFTWARE\MICROSOFT\WINDOWS\CURRENTVERSION\RUNONCE" descr="键名"/>
		<exInfo value="wextract_cleanup0" descr="键值"/>
	</exInfo_list>
	</action>
 </action_list><action_list name="加载模块" level="1" descr="加载模块 HarddiskVolume1\WINDOWS\system32\apphelp.dll" times="0">
	<action field="start_boot" type="Memory" name="LoadLibrary" call_pid="2036" call_name="1.exe" call_time="18:08:15.782">
	<exInfo_list count="1">
		<exInfo value="HarddiskVolume1\WINDOWS\system32\apphelp.dll" descr="动态链接库"/>
	</exInfo_list>
	</action>
 </action_list><action_list name="映射文件" level="1" descr="映射文件 HarddiskVolume1\DOCUME~1\xpuser\LOCALS~1\Temp\IXP000.TMP\server.exe" times="0">
	<action field="start_boot" type="File" name="ReadFileToCreate" call_pid="2036" call_name="1.exe" call_time="18:08:15.868">
	<exInfo_list count="1">
		<exInfo value="HarddiskVolume1\DOCUME~1\xpuser\LOCALS~1\Temp\IXP000.TMP\server.exe" descr="文件路径"/>
	</exInfo_list>
	</action>
 </action_list><action_list name="创建进程" level="3" descr="创建进程  C:\DOCUME~1\xpuser\LOCALS~1\Temp\IXP000.TMP\server.exe" times="0">
	<action field="start_boot" type="Process" name="CreateProcess" call_pid="2036" call_name="1.exe" call_time="18:08:15.773">
	<exInfo_list count="1">
		<exInfo value=" C:\DOCUME~1\xpuser\LOCALS~1\Temp\IXP000.TMP\server.exe" descr="进程名"/>
	</exInfo_list>
	</action>
 </action_list><action_list name="进程开始执行" level="1" descr="被 1.exe（2036）创建的进程开始执行" times="0">
	<action field="start_boot" type="Process" name="BeCreated" call_pid="1928" call_name="server.exe" call_time="18:08:15.900">
	<exInfo_list count="2">
		<exInfo value="1.exe" descr="父进程名"/>
		<exInfo value="2036" descr="父进程ID"/>
	</exInfo_list>
	</action>
 </action_list><action_list name="进程开始执行" level="1" descr="被 1.exe（2036）通过参数 C:\DOCUME~1\xpuser\LOCALS~1\Temp\IXP000.TMP\server.exe 以 direct 方式创建的进程开始执行" times="0">
	<action field="start_boot" type="Process" name="BeCreatedEx" call_pid="1928" call_name="server.exe" call_time="18:08:15.901">
	<exInfo_list count="4">
		<exInfo value="1.exe" descr="父进程名"/>
		<exInfo value="2036" descr="父进程ID"/>
		<exInfo value="C:\DOCUME~1\xpuser\LOCALS~1\Temp\IXP000.TMP\server.exe" descr="启动参数"/>
		<exInfo value="direct" descr="创建方式"/>
	</exInfo_list>
	</action>
 </action_list><action_list name="脱壳" level="2" descr="代码自解压，逃避分析与查杀" times="0">
	<action field="start_boot" type="Memory" name="UnpackSelf" call_pid="1928" call_name="server.exe" call_time="18:08:15.902">
	<exInfo_list count="0">
	</exInfo_list>
	</action>
 </action_list><action_list name="加载模块" level="1" descr="加载模块 HarddiskVolume1\WINDOWS\system32\advapi32.dll" times="0">
	<action field="start_boot" type="Memory" name="LoadLibrary" call_pid="1928" call_name="server.exe" call_time="18:08:15.975">
	<exInfo_list count="1">
		<exInfo value="HarddiskVolume1\WINDOWS\system32\advapi32.dll" descr="动态链接库"/>
	</exInfo_list>
	</action>
 </action_list><action_list name="加载模块" level="1" descr="加载模块 HarddiskVolume1\WINDOWS\system32\rpcrt4.dll" times="0">
	<action field="start_boot" type="Memory" name="LoadLibrary" call_pid="1928" call_name="server.exe" call_time="18:08:15.980">
	<exInfo_list count="1">
		<exInfo value="HarddiskVolume1\WINDOWS\system32\rpcrt4.dll" descr="动态链接库"/>
	</exInfo_list>
	</action>
 </action_list><action_list name="加载模块" level="1" descr="加载模块 HarddiskVolume1\WINDOWS\system32\secur32.dll" times="0">
	<action field="start_boot" type="Memory" name="LoadLibrary" call_pid="1928" call_name="server.exe" call_time="18:08:15.984">
	<exInfo_list count="1">
		<exInfo value="HarddiskVolume1\WINDOWS\system32\secur32.dll" descr="动态链接库"/>
	</exInfo_list>
	</action>
 </action_list><action_list name="加载模块" level="1" descr="加载模块 HarddiskVolume1\WINDOWS\system32\avicap32.dll" times="0">
	<action field="start_boot" type="Memory" name="LoadLibrary" call_pid="1928" call_name="server.exe" call_time="18:08:15.003">
	<exInfo_list count="1">
		<exInfo value="HarddiskVolume1\WINDOWS\system32\avicap32.dll" descr="动态链接库"/>
	</exInfo_list>
	</action>
 </action_list><action_list name="加载模块" level="1" descr="加载模块 HarddiskVolume1\WINDOWS\system32\user32.dll" times="0">
	<action field="start_boot" type="Memory" name="LoadLibrary" call_pid="1928" call_name="server.exe" call_time="18:08:15.017">
	<exInfo_list count="1">
		<exInfo value="HarddiskVolume1\WINDOWS\system32\user32.dll" descr="动态链接库"/>
	</exInfo_list>
	</action>
 </action_list><action_list name="加载模块" level="1" descr="加载模块 HarddiskVolume1\WINDOWS\system32\gdi32.dll" times="0">
	<action field="start_boot" type="Memory" name="LoadLibrary" call_pid="1928" call_name="server.exe" call_time="18:08:15.021">
	<exInfo_list count="1">
		<exInfo value="HarddiskVolume1\WINDOWS\system32\gdi32.dll" descr="动态链接库"/>
	</exInfo_list>
	</action>
 </action_list><action_list name="加载模块" level="1" descr="加载模块 HarddiskVolume1\WINDOWS\system32\winmm.dll" times="0">
	<action field="start_boot" type="Memory" name="LoadLibrary" call_pid="1928" call_name="server.exe" call_time="18:08:15.049">
	<exInfo_list count="1">
		<exInfo value="HarddiskVolume1\WINDOWS\system32\winmm.dll" descr="动态链接库"/>
	</exInfo_list>
	</action>
 </action_list><action_list name="加载模块" level="1" descr="加载模块 HarddiskVolume1\WINDOWS\system32\version.dll" times="0">
	<action field="start_boot" type="Memory" name="LoadLibrary" call_pid="1928" call_name="server.exe" call_time="18:08:15.062">
	<exInfo_list count="1">
		<exInfo value="HarddiskVolume1\WINDOWS\system32\version.dll" descr="动态链接库"/>
	</exInfo_list>
	</action>
 </action_list><action_list name="加载模块" level="1" descr="加载模块 HarddiskVolume1\WINDOWS\system32\msvfw32.dll" times="0">
	<action field="start_boot" type="Memory" name="LoadLibrary" call_pid="1928" call_name="server.exe" call_time="18:08:15.072">
	<exInfo_list count="1">
		<exInfo value="HarddiskVolume1\WINDOWS\system32\msvfw32.dll" descr="动态链接库"/>
	</exInfo_list>
	</action>
 </action_list><action_list name="加载模块" level="1" descr="加载模块 HarddiskVolume1\WINDOWS\system32\shell32.dll" times="0">
	<action field="start_boot" type="Memory" name="LoadLibrary" call_pid="1928" call_name="server.exe" call_time="18:08:15.076">
	<exInfo_list count="1">
		<exInfo value="HarddiskVolume1\WINDOWS\system32\shell32.dll" descr="动态链接库"/>
	</exInfo_list>
	</action>
 </action_list><action_list name="加载模块" level="1" descr="加载模块 HarddiskVolume1\WINDOWS\system32\msvcrt.dll" times="0">
	<action field="start_boot" type="Memory" name="LoadLibrary" call_pid="1928" call_name="server.exe" call_time="18:08:15.081">
	<exInfo_list count="1">
		<exInfo value="HarddiskVolume1\WINDOWS\system32\msvcrt.dll" descr="动态链接库"/>
	</exInfo_list>
	</action>
 </action_list><action_list name="加载模块" level="1" descr="加载模块 HarddiskVolume1\WINDOWS\system32\shlwapi.dll" times="0">
	<action field="start_boot" type="Memory" name="LoadLibrary" call_pid="1928" call_name="server.exe" call_time="18:08:16.097">
	<exInfo_list count="1">
		<exInfo value="HarddiskVolume1\WINDOWS\system32\shlwapi.dll" descr="动态链接库"/>
	</exInfo_list>
	</action>
 </action_list><action_list name="加载模块" level="1" descr="加载模块 HarddiskVolume1\WINDOWS\system32\comctl32.dll" times="0">
	<action field="start_boot" type="Memory" name="LoadLibrary" call_pid="1928" call_name="server.exe" call_time="18:08:16.109">
	<exInfo_list count="1">
		<exInfo value="HarddiskVolume1\WINDOWS\system32\comctl32.dll" descr="动态链接库"/>
	</exInfo_list>
	</action>
 </action_list><action_list name="加载模块" level="1" descr="加载模块 HarddiskVolume1\WINDOWS\system32\msacm32.dll" times="0">
	<action field="start_boot" type="Memory" name="LoadLibrary" call_pid="1928" call_name="server.exe" call_time="18:08:16.132">
	<exInfo_list count="1">
		<exInfo value="HarddiskVolume1\WINDOWS\system32\msacm32.dll" descr="动态链接库"/>
	</exInfo_list>
	</action>
 </action_list><action_list name="加载模块" level="1" descr="加载模块 HarddiskVolume1\WINDOWS\system32\netapi32.dll" times="0">
	<action field="start_boot" type="Memory" name="LoadLibrary" call_pid="1928" call_name="server.exe" call_time="18:08:16.146">
	<exInfo_list count="1">
		<exInfo value="HarddiskVolume1\WINDOWS\system32\netapi32.dll" descr="动态链接库"/>
	</exInfo_list>
	</action>
 </action_list><action_list name="加载模块" level="1" descr="加载模块 HarddiskVolume1\WINDOWS\system32\oleaut32.dll" times="0">
	<action field="start_boot" type="Memory" name="LoadLibrary" call_pid="1928" call_name="server.exe" call_time="18:08:16.163">
	<exInfo_list count="1">
		<exInfo value="HarddiskVolume1\WINDOWS\system32\oleaut32.dll" descr="动态链接库"/>
	</exInfo_list>
	</action>
 </action_list><action_list name="加载模块" level="1" descr="加载模块 HarddiskVolume1\WINDOWS\system32\ole32.dll" times="0">
	<action field="start_boot" type="Memory" name="LoadLibrary" call_pid="1928" call_name="server.exe" call_time="18:08:16.175">
	<exInfo_list count="1">
		<exInfo value="HarddiskVolume1\WINDOWS\system32\ole32.dll" descr="动态链接库"/>
	</exInfo_list>
	</action>
 </action_list><action_list name="加载模块" level="1" descr="加载模块 HarddiskVolume1\WINDOWS\system32\wsock32.dll" times="0">
	<action field="start_boot" type="Memory" name="LoadLibrary" call_pid="1928" call_name="server.exe" call_time="18:08:16.204">
	<exInfo_list count="1">
		<exInfo value="HarddiskVolume1\WINDOWS\system32\wsock32.dll" descr="动态链接库"/>
	</exInfo_list>
	</action>
 </action_list><action_list name="加载模块" level="1" descr="加载模块 HarddiskVolume1\WINDOWS\system32\ws2_32.dll" times="0">
	<action field="start_boot" type="Memory" name="LoadLibrary" call_pid="1928" call_name="server.exe" call_time="18:08:16.209">
	<exInfo_list count="1">
		<exInfo value="HarddiskVolume1\WINDOWS\system32\ws2_32.dll" descr="动态链接库"/>
	</exInfo_list>
	</action>
 </action_list><action_list name="加载模块" level="1" descr="加载模块 HarddiskVolume1\WINDOWS\system32\ws2help.dll" times="0">
	<action field="start_boot" type="Memory" name="LoadLibrary" call_pid="1928" call_name="server.exe" call_time="18:08:16.220">
	<exInfo_list count="1">
		<exInfo value="HarddiskVolume1\WINDOWS\system32\ws2help.dll" descr="动态链接库"/>
	</exInfo_list>
	</action>
 </action_list><action_list name="加载模块" level="1" descr="加载模块 HarddiskVolume1\WINDOWS\system32\imm32.dll" times="0">
	<action field="start_boot" type="Memory" name="LoadLibrary" call_pid="1928" call_name="server.exe" call_time="18:08:16.332">
	<exInfo_list count="1">
		<exInfo value="HarddiskVolume1\WINDOWS\system32\imm32.dll" descr="动态链接库"/>
	</exInfo_list>
	</action>
 </action_list><action_list name="加载模块" level="1" descr="加载模块 HarddiskVolume1\WINDOWS\system32\lpk.dll" times="0">
	<action field="start_boot" type="Memory" name="LoadLibrary" call_pid="1928" call_name="server.exe" call_time="18:08:16.358">
	<exInfo_list count="1">
		<exInfo value="HarddiskVolume1\WINDOWS\system32\lpk.dll" descr="动态链接库"/>
	</exInfo_list>
	</action>
 </action_list><action_list name="加载模块" level="1" descr="加载模块 HarddiskVolume1\WINDOWS\system32\usp10.dll" times="0">
	<action field="start_boot" type="Memory" name="LoadLibrary" call_pid="1928" call_name="server.exe" call_time="18:08:16.363">
	<exInfo_list count="1">
		<exInfo value="HarddiskVolume1\WINDOWS\system32\usp10.dll" descr="动态链接库"/>
	</exInfo_list>
	</action>
 </action_list><action_list name="加载模块" level="1" descr="加载模块 HarddiskVolume1\WINDOWS\WinSxS\x86_Microsoft.Windows.Common-Controls_6595b64144ccf1df_6.0.2600.5512_x-ww_35d4ce83\comctl32.dll" times="0">
	<action field="start_boot" type="Memory" name="LoadLibrary" call_pid="1928" call_name="server.exe" call_time="18:08:16.487">
	<exInfo_list count="1">
		<exInfo value="HarddiskVolume1\WINDOWS\WinSxS\x86_Microsoft.Windows.Common-Controls_6595b64144ccf1df_6.0.2600.5512_x-ww_35d4ce83\comctl32.dll" descr="动态链接库"/>
	</exInfo_list>
	</action>
 </action_list><action_list name="创建互斥量" level="2" descr="创建互斥量 ASPLOG 防止重复感染" times="0">
	<action field="start_boot" type="System" name="CreateMutex" call_pid="1928" call_name="server.exe" call_time="18:08:16.861">
	<exInfo_list count="1">
		<exInfo value="ASPLOG" descr="互斥量名"/>
	</exInfo_list>
	</action>
 </action_list><action_list name="检测分析环境" level="1" descr="通过 MemoryOperation 技术检测虚拟机或调试器，逃避分析与查杀" times="0">
	<action field="start_boot" type="System" name="DetectDebugger" call_pid="1928" call_name="server.exe" call_time="18:08:16.882">
	<exInfo_list count="1">
		<exInfo value="MemoryOperation" descr="技术手段"/>
	</exInfo_list>
	</action>
 </action_list><action_list name="变更权限" level="3" descr="改变进程的权限" times="0">
	<action field="start_boot" type="Process" name="AdjustPrivilege" call_pid="1928" call_name="server.exe" call_time="18:08:16.914">
	<exInfo_list count="0">
	</exInfo_list>
	</action>
 </action_list><action_list name="加载模块" level="1" descr="加载模块 HarddiskVolume1\WINDOWS\system32\msctf.dll" times="0">
	<action field="start_boot" type="Memory" name="LoadLibrary" call_pid="1928" call_name="server.exe" call_time="18:08:16.935">
	<exInfo_list count="1">
		<exInfo value="HarddiskVolume1\WINDOWS\system32\msctf.dll" descr="动态链接库"/>
	</exInfo_list>
	</action>
 </action_list><action_list name="加载模块" level="1" descr="加载模块 HarddiskVolume1\WINDOWS\system32\msctfime.ime" times="0">
	<action field="start_boot" type="Memory" name="LoadLibrary" call_pid="1928" call_name="server.exe" call_time="18:08:16.033">
	<exInfo_list count="1">
		<exInfo value="HarddiskVolume1\WINDOWS\system32\msctfime.ime" descr="动态链接库"/>
	</exInfo_list>
	</action>
 </action_list><action_list name="创建可执行程序" level="3" descr="创建可执行程序 HarddiskVolume1\WINDOWS\mstwain32.exe" times="0">
	<action field="start_boot" type="File" name="WritePEFile" call_pid="1928" call_name="server.exe" call_time="18:08:16.421">
	<exInfo_list count="1">
		<exInfo value="HarddiskVolume1\WINDOWS\mstwain32.exe" descr="PE文件路径"/>
	</exInfo_list>
	</action>
 </action_list><action_list name="复制文件到系统目录" level="3" descr="拷贝文件 C:\DOCUME~1\xpuser\LOCALS~1\Temp\IXP000.TMP\server.exe 到 C:\WINDOWS\mstwain32.exe" times="0">
	<action field="start_boot" type="File" name="CopyFile" call_pid="1928" call_name="server.exe" call_time="18:08:16.414">
	<exInfo_list count="2">
		<exInfo value="C:\DOCUME~1\xpuser\LOCALS~1\Temp\IXP000.TMP\server.exe" descr="源路径"/>
		<exInfo value="C:\WINDOWS\mstwain32.exe" descr="目的路径"/>
	</exInfo_list>
	</action>
 </action_list><action_list name="修改文件时间" level="3" descr="修改 HarddiskVolume1\WINDOWS\mstwain32.exe 的创建时间为 2017-02-28 19_27_21" times="0">
	<action field="start_boot" type="File" name="SetFileCreationTime" call_pid="1928" call_name="server.exe" call_time="18:08:16.458">
	<exInfo_list count="2">
		<exInfo value="HarddiskVolume1\WINDOWS\mstwain32.exe" descr="文件路径"/>
		<exInfo value="2017-02-28 19_27_21" descr="时间"/>
	</exInfo_list>
	</action>
 </action_list><action_list name="设置注册表中键值" level="2" descr="设置注册表中键 \REGISTRY\USER\S-1-5-21-117609710-838170752-515967899-1003\SOFTWARE\MICROSOFT\WINDOWS\CURRENTVERSION\EXPLORER\SHELL FOLDERS 的值 Personal" times="0">
	<action field="start_boot" type="Reg" name="SetKeyValue" call_pid="1928" call_name="server.exe" call_time="18:08:16.649">
	<exInfo_list count="2">
		<exInfo value="\REGISTRY\USER\S-1-5-21-117609710-838170752-515967899-1003\SOFTWARE\MICROSOFT\WINDOWS\CURRENTVERSION\EXPLORER\SHELL FOLDERS" descr="键名"/>
		<exInfo value="Personal" descr="键值"/>
	</exInfo_list>
	</action>
 </action_list><action_list name="加载模块" level="1" descr="加载模块 HarddiskVolume1\WINDOWS\system32\setupapi.dll" times="0">
	<action field="start_boot" type="Memory" name="LoadLibrary" call_pid="1928" call_name="server.exe" call_time="18:08:16.653">
	<exInfo_list count="1">
		<exInfo value="HarddiskVolume1\WINDOWS\system32\setupapi.dll" descr="动态链接库"/>
	</exInfo_list>
	</action>
 </action_list><action_list name="变更权限" level="3" descr="改变进程的权限" times="0">
	<action field="start_boot" type="Process" name="AdjustPrivilege" call_pid="1928" call_name="server.exe" call_time="18:08:16.726">
	<exInfo_list count="0">
	</exInfo_list>
	</action>
 </action_list><action_list name="设置注册表中键值" level="2" descr="设置注册表中键 \REGISTRY\USER\S-1-5-21-117609710-838170752-515967899-1003\SOFTWARE\MICROSOFT\WINDOWS\CURRENTVERSION\EXPLORER\MOUNTPOINTS2\{05CFC942-435A-11E6-BABC-806D6172696F} 的值 BaseClass" times="0">
	<action field="start_boot" type="Reg" name="SetKeyValue" call_pid="1928" call_name="server.exe" call_time="18:08:16.770">
	<exInfo_list count="2">
		<exInfo value="\REGISTRY\USER\S-1-5-21-117609710-838170752-515967899-1003\SOFTWARE\MICROSOFT\WINDOWS\CURRENTVERSION\EXPLORER\MOUNTPOINTS2\{05CFC942-435A-11E6-BABC-806D6172696F}" descr="键名"/>
		<exInfo value="BaseClass" descr="键值"/>
	</exInfo_list>
	</action>
 </action_list><action_list name="设置注册表中键值" level="2" descr="设置注册表中键 \REGISTRY\USER\S-1-5-21-117609710-838170752-515967899-1003\SOFTWARE\MICROSOFT\WINDOWS\CURRENTVERSION\EXPLORER\MOUNTPOINTS2\{05CFC940-435A-11E6-BABC-806D6172696F} 的值 BaseClass" times="0">
	<action field="start_boot" type="Reg" name="SetKeyValue" call_pid="1928" call_name="server.exe" call_time="18:08:16.780">
	<exInfo_list count="2">
		<exInfo value="\REGISTRY\USER\S-1-5-21-117609710-838170752-515967899-1003\SOFTWARE\MICROSOFT\WINDOWS\CURRENTVERSION\EXPLORER\MOUNTPOINTS2\{05CFC940-435A-11E6-BABC-806D6172696F}" descr="键名"/>
		<exInfo value="BaseClass" descr="键值"/>
	</exInfo_list>
	</action>
 </action_list><action_list name="读取文件" level="1" descr="读取文件 HarddiskVolume1\Documents and Settings\xpuser\My Documents\desktop.ini" times="0">
	<action field="start_boot" type="File" name="ReadFile" call_pid="1928" call_name="server.exe" call_time="18:08:16.817">
	<exInfo_list count="1">
		<exInfo value="HarddiskVolume1\Documents and Settings\xpuser\My Documents\desktop.ini" descr="文件路径"/>
	</exInfo_list>
	</action>
 </action_list><action_list name="设置注册表中键值" level="2" descr="设置注册表中键 \REGISTRY\MACHINE\SOFTWARE\MICROSOFT\WINDOWS\CURRENTVERSION\EXPLORER\SHELL FOLDERS 的值 Common Documents" times="0">
	<action field="start_boot" type="Reg" name="SetKeyValue" call_pid="1928" call_name="server.exe" call_time="18:08:16.861">
	<exInfo_list count="2">
		<exInfo value="\REGISTRY\MACHINE\SOFTWARE\MICROSOFT\WINDOWS\CURRENTVERSION\EXPLORER\SHELL FOLDERS" descr="键名"/>
		<exInfo value="Common Documents" descr="键值"/>
	</exInfo_list>
	</action>
 </action_list><action_list name="读取文件" level="1" descr="读取文件 HarddiskVolume1\Documents and Settings\All Users\Documents\desktop.ini" times="0">
	<action field="start_boot" type="File" name="ReadFile" call_pid="1928" call_name="server.exe" call_time="18:08:16.877">
	<exInfo_list count="1">
		<exInfo value="HarddiskVolume1\Documents and Settings\All Users\Documents\desktop.ini" descr="文件路径"/>
	</exInfo_list>
	</action>
 </action_list><action_list name="设置注册表中键值" level="2" descr="设置注册表中键 \REGISTRY\USER\S-1-5-21-117609710-838170752-515967899-1003\SOFTWARE\MICROSOFT\WINDOWS\CURRENTVERSION\EXPLORER\SHELL FOLDERS 的值 Desktop" times="0">
	<action field="start_boot" type="Reg" name="SetKeyValue" call_pid="1928" call_name="server.exe" call_time="18:08:16.905">
	<exInfo_list count="2">
		<exInfo value="\REGISTRY\USER\S-1-5-21-117609710-838170752-515967899-1003\SOFTWARE\MICROSOFT\WINDOWS\CURRENTVERSION\EXPLORER\SHELL FOLDERS" descr="键名"/>
		<exInfo value="Desktop" descr="键值"/>
	</exInfo_list>
	</action>
 </action_list><action_list name="设置注册表中键值" level="2" descr="设置注册表中键 \REGISTRY\MACHINE\SOFTWARE\MICROSOFT\WINDOWS\CURRENTVERSION\EXPLORER\SHELL FOLDERS 的值 Common Desktop" times="0">
	<action field="start_boot" type="Reg" name="SetKeyValue" call_pid="1928" call_name="server.exe" call_time="18:08:16.918">
	<exInfo_list count="2">
		<exInfo value="\REGISTRY\MACHINE\SOFTWARE\MICROSOFT\WINDOWS\CURRENTVERSION\EXPLORER\SHELL FOLDERS" descr="键名"/>
		<exInfo value="Common Desktop" descr="键值"/>
	</exInfo_list>
	</action>
 </action_list><action_list name="加载模块" level="1" descr="加载模块 HarddiskVolume1\WINDOWS\system32\clbcatq.dll" times="0">
	<action field="start_boot" type="Memory" name="LoadLibrary" call_pid="1928" call_name="server.exe" call_time="18:08:16.972">
	<exInfo_list count="1">
		<exInfo value="HarddiskVolume1\WINDOWS\system32\clbcatq.dll" descr="动态链接库"/>
	</exInfo_list>
	</action>
 </action_list><action_list name="加载模块" level="1" descr="加载模块 HarddiskVolume1\WINDOWS\system32\comres.dll" times="0">
	<action field="start_boot" type="Memory" name="LoadLibrary" call_pid="1928" call_name="server.exe" call_time="18:08:16.977">
	<exInfo_list count="1">
		<exInfo value="HarddiskVolume1\WINDOWS\system32\comres.dll" descr="动态链接库"/>
	</exInfo_list>
	</action>
 </action_list><action_list name="读取系统文件" level="2" descr="读取文件 HarddiskVolume1\WINDOWS\Registration\R000000000007.clb" times="0">
	<action field="start_boot" type="File" name="ReadFile" call_pid="1928" call_name="server.exe" call_time="18:08:17.036">
	<exInfo_list count="1">
		<exInfo value="HarddiskVolume1\WINDOWS\Registration\R000000000007.clb" descr="文件路径"/>
	</exInfo_list>
	</action>
 </action_list><action_list name="加载模块" level="1" descr="加载模块 HarddiskVolume1\WINDOWS\system32\urlmon.dll" times="0">
	<action field="start_boot" type="Memory" name="LoadLibrary" call_pid="1928" call_name="server.exe" call_time="18:08:17.093">
	<exInfo_list count="1">
		<exInfo value="HarddiskVolume1\WINDOWS\system32\urlmon.dll" descr="动态链接库"/>
	</exInfo_list>
	</action>
 </action_list><action_list name="设置注册表中键值" level="2" descr="设置注册表中键 \REGISTRY\USER\S-1-5-21-117609710-838170752-515967899-1003\SOFTWARE\MICROSOFT\WINDOWS\CURRENTVERSION\INTERNET SETTINGS\ZONEMAP 的值 ProxyBypass" times="0">
	<action field="start_boot" type="Reg" name="SetKeyValue" call_pid="1928" call_name="server.exe" call_time="18:08:17.179">
	<exInfo_list count="2">
		<exInfo value="\REGISTRY\USER\S-1-5-21-117609710-838170752-515967899-1003\SOFTWARE\MICROSOFT\WINDOWS\CURRENTVERSION\INTERNET SETTINGS\ZONEMAP" descr="键名"/>
		<exInfo value="ProxyBypass" descr="键值"/>
	</exInfo_list>
	</action>
 </action_list><action_list name="设置注册表中键值" level="2" descr="设置注册表中键 \REGISTRY\USER\S-1-5-21-117609710-838170752-515967899-1003\SOFTWARE\MICROSOFT\WINDOWS\CURRENTVERSION\INTERNET SETTINGS\ZONEMAP 的值 IntranetName" times="0">
	<action field="start_boot" type="Reg" name="SetKeyValue" call_pid="1928" call_name="server.exe" call_time="18:08:17.180">
	<exInfo_list count="2">
		<exInfo value="\REGISTRY\USER\S-1-5-21-117609710-838170752-515967899-1003\SOFTWARE\MICROSOFT\WINDOWS\CURRENTVERSION\INTERNET SETTINGS\ZONEMAP" descr="键名"/>
		<exInfo value="IntranetName" descr="键值"/>
	</exInfo_list>
	</action>
 </action_list><action_list name="设置注册表中键值" level="2" descr="设置注册表中键 \REGISTRY\USER\S-1-5-21-117609710-838170752-515967899-1003\SOFTWARE\MICROSOFT\WINDOWS\CURRENTVERSION\INTERNET SETTINGS\ZONEMAP 的值 UNCAsIntranet" times="0">
	<action field="start_boot" type="Reg" name="SetKeyValue" call_pid="1928" call_name="server.exe" call_time="18:08:17.181">
	<exInfo_list count="2">
		<exInfo value="\REGISTRY\USER\S-1-5-21-117609710-838170752-515967899-1003\SOFTWARE\MICROSOFT\WINDOWS\CURRENTVERSION\INTERNET SETTINGS\ZONEMAP" descr="键名"/>
		<exInfo value="UNCAsIntranet" descr="键值"/>
	</exInfo_list>
	</action>
 </action_list><action_list name="设置注册表中键值" level="2" descr="设置注册表中键 \REGISTRY\USER\S-1-5-21-117609710-838170752-515967899-1003\SOFTWARE\MICROSOFT\WINDOWS\CURRENTVERSION\INTERNET SETTINGS\ZONEMAP 的值 ProxyBypass" times="0">
	<action field="start_boot" type="Reg" name="SetKeyValue" call_pid="1928" call_name="server.exe" call_time="18:08:17.195">
	<exInfo_list count="2">
		<exInfo value="\REGISTRY\USER\S-1-5-21-117609710-838170752-515967899-1003\SOFTWARE\MICROSOFT\WINDOWS\CURRENTVERSION\INTERNET SETTINGS\ZONEMAP" descr="键名"/>
		<exInfo value="ProxyBypass" descr="键值"/>
	</exInfo_list>
	</action>
 </action_list><action_list name="设置注册表中键值" level="2" descr="设置注册表中键 \REGISTRY\USER\S-1-5-21-117609710-838170752-515967899-1003\SOFTWARE\MICROSOFT\WINDOWS\CURRENTVERSION\INTERNET SETTINGS\ZONEMAP 的值 IntranetName" times="0">
	<action field="start_boot" type="Reg" name="SetKeyValue" call_pid="1928" call_name="server.exe" call_time="18:08:17.196">
	<exInfo_list count="2">
		<exInfo value="\REGISTRY\USER\S-1-5-21-117609710-838170752-515967899-1003\SOFTWARE\MICROSOFT\WINDOWS\CURRENTVERSION\INTERNET SETTINGS\ZONEMAP" descr="键名"/>
		<exInfo value="IntranetName" descr="键值"/>
	</exInfo_list>
	</action>
 </action_list><action_list name="设置注册表中键值" level="2" descr="设置注册表中键 \REGISTRY\USER\S-1-5-21-117609710-838170752-515967899-1003\SOFTWARE\MICROSOFT\WINDOWS\CURRENTVERSION\INTERNET SETTINGS\ZONEMAP 的值 UNCAsIntranet" times="0">
	<action field="start_boot" type="Reg" name="SetKeyValue" call_pid="1928" call_name="server.exe" call_time="18:08:17.197">
	<exInfo_list count="2">
		<exInfo value="\REGISTRY\USER\S-1-5-21-117609710-838170752-515967899-1003\SOFTWARE\MICROSOFT\WINDOWS\CURRENTVERSION\INTERNET SETTINGS\ZONEMAP" descr="键名"/>
		<exInfo value="UNCAsIntranet" descr="键值"/>
	</exInfo_list>
	</action>
 </action_list><action_list name="设置注册表中键值" level="2" descr="设置注册表中键 \REGISTRY\USER\S-1-5-21-117609710-838170752-515967899-1003\SOFTWARE\MICROSOFT\WINDOWS\CURRENTVERSION\EXPLORER\SHELL FOLDERS 的值 Cache" times="0">
	<action field="start_boot" type="Reg" name="SetKeyValue" call_pid="1928" call_name="server.exe" call_time="18:08:17.223">
	<exInfo_list count="2">
		<exInfo value="\REGISTRY\USER\S-1-5-21-117609710-838170752-515967899-1003\SOFTWARE\MICROSOFT\WINDOWS\CURRENTVERSION\EXPLORER\SHELL FOLDERS" descr="键名"/>
		<exInfo value="Cache" descr="键值"/>
	</exInfo_list>
	</action>
 </action_list><action_list name="设置注册表中键值" level="2" descr="设置注册表中键 \REGISTRY\USER\S-1-5-21-117609710-838170752-515967899-1003\SOFTWARE\MICROSOFT\WINDOWS\CURRENTVERSION\EXPLORER\SHELL FOLDERS 的值 Cookies" times="0">
	<action field="start_boot" type="Reg" name="SetKeyValue" call_pid="1928" call_name="server.exe" call_time="18:08:17.227">
	<exInfo_list count="2">
		<exInfo value="\REGISTRY\USER\S-1-5-21-117609710-838170752-515967899-1003\SOFTWARE\MICROSOFT\WINDOWS\CURRENTVERSION\EXPLORER\SHELL FOLDERS" descr="键名"/>
		<exInfo value="Cookies" descr="键值"/>
	</exInfo_list>
	</action>
 </action_list><action_list name="读取系统文件" level="2" descr="读取文件 HarddiskVolume1\WINDOWS\mstwain32.exe" times="0">
	<action field="start_boot" type="File" name="ReadFile" call_pid="1928" call_name="server.exe" call_time="18:08:17.301">
	<exInfo_list count="1">
		<exInfo value="HarddiskVolume1\WINDOWS\mstwain32.exe" descr="文件路径"/>
	</exInfo_list>
	</action>
 </action_list><action_list name="设置注册表中键值" level="2" descr="设置注册表中键 \REGISTRY\USER\S-1-5-21-117609710-838170752-515967899-1003\SOFTWARE\MICROSOFT\WINDOWS\SHELLNOROAM\MUICACHE 的值 C:\WINDOWS\mstwain32.exe" times="0">
	<action field="start_boot" type="Reg" name="SetKeyValue" call_pid="1928" call_name="server.exe" call_time="18:08:17.310">
	<exInfo_list count="2">
		<exInfo value="\REGISTRY\USER\S-1-5-21-117609710-838170752-515967899-1003\SOFTWARE\MICROSOFT\WINDOWS\SHELLNOROAM\MUICACHE" descr="键名"/>
		<exInfo value="C:\WINDOWS\mstwain32.exe" descr="键值"/>
	</exInfo_list>
	</action>
 </action_list><action_list name="读取系统文件" level="2" descr="读取文件 HarddiskVolume1\WINDOWS\mstwain32.exe" times="0">
	<action field="start_boot" type="File" name="ReadFile" call_pid="1928" call_name="server.exe" call_time="18:08:17.316">
	<exInfo_list count="1">
		<exInfo value="HarddiskVolume1\WINDOWS\mstwain32.exe" descr="文件路径"/>
	</exInfo_list>
	</action>
 </action_list><action_list name="加载模块" level="1" descr="加载模块 HarddiskVolume1\WINDOWS\system32\apphelp.dll" times="0">
	<action field="start_boot" type="Memory" name="LoadLibrary" call_pid="1928" call_name="server.exe" call_time="18:08:17.354">
	<exInfo_list count="1">
		<exInfo value="HarddiskVolume1\WINDOWS\system32\apphelp.dll" descr="动态链接库"/>
	</exInfo_list>
	</action>
 </action_list><action_list name="映射文件" level="1" descr="映射文件 HarddiskVolume1\WINDOWS\mstwain32.exe" times="0">
	<action field="start_boot" type="File" name="ReadFileToCreate" call_pid="1928" call_name="server.exe" call_time="18:08:17.435">
	<exInfo_list count="1">
		<exInfo value="HarddiskVolume1\WINDOWS\mstwain32.exe" descr="文件路径"/>
	</exInfo_list>
	</action>
 </action_list><action_list name="创建进程" level="3" descr="创建进程 C:\WINDOWS\mstwain32.exe &quot;C:\WINDOWS\mstwain32.exe&quot; " times="0">
	<action field="start_boot" type="Process" name="CreateProcess" call_pid="1928" call_name="server.exe" call_time="18:08:17.336">
	<exInfo_list count="1">
		<exInfo value="C:\WINDOWS\mstwain32.exe &quot;C:\WINDOWS\mstwain32.exe&quot; " descr="进程名"/>
	</exInfo_list>
	</action>
 </action_list><action_list name="程序退出" level="-1" descr="server.exe 退出" times="0">
	<action field="start_boot" type="Process" name="TerminateProcess" call_pid="1928" call_name="server.exe" call_time="18:08:17.504">
	<exInfo_list count="1">
		<exInfo value="server.exe" descr="结束进程名"/>
	</exInfo_list>
	</action>
 </action_list><action_list name="进程开始执行" level="1" descr="被 server.exe（1928）创建的进程开始执行" times="0">
	<action field="start_boot" type="Process" name="BeCreated" call_pid="788" call_name="mstwain32.exe" call_time="18:08:17.505">
	<exInfo_list count="2">
		<exInfo value="server.exe" descr="父进程名"/>
		<exInfo value="1928" descr="父进程ID"/>
	</exInfo_list>
	</action>
 </action_list><action_list name="进程开始执行" level="1" descr="被 server.exe（1928）通过参数 &quot;C:\WINDOWS\mstwain32.exe&quot;  以 direct 方式创建的进程开始执行" times="0">
	<action field="start_boot" type="Process" name="BeCreatedEx" call_pid="788" call_name="mstwain32.exe" call_time="18:08:17.506">
	<exInfo_list count="4">
		<exInfo value="server.exe" descr="父进程名"/>
		<exInfo value="1928" descr="父进程ID"/>
		<exInfo value="&quot;C:\WINDOWS\mstwain32.exe&quot; " descr="启动参数"/>
		<exInfo value="direct" descr="创建方式"/>
	</exInfo_list>
	</action>
 </action_list><action_list name="脱壳" level="2" descr="代码自解压，逃避分析与查杀" times="0">
	<action field="start_boot" type="Memory" name="UnpackSelf" call_pid="788" call_name="mstwain32.exe" call_time="18:08:17.507">
	<exInfo_list count="0">
	</exInfo_list>
	</action>
 </action_list><action_list name="加载模块" level="1" descr="加载模块 HarddiskVolume1\WINDOWS\system32\advapi32.dll" times="0">
	<action field="start_boot" type="Memory" name="LoadLibrary" call_pid="788" call_name="mstwain32.exe" call_time="18:08:17.581">
	<exInfo_list count="1">
		<exInfo value="HarddiskVolume1\WINDOWS\system32\advapi32.dll" descr="动态链接库"/>
	</exInfo_list>
	</action>
 </action_list><action_list name="加载模块" level="1" descr="加载模块 HarddiskVolume1\WINDOWS\system32\rpcrt4.dll" times="0">
	<action field="start_boot" type="Memory" name="LoadLibrary" call_pid="788" call_name="mstwain32.exe" call_time="18:08:17.586">
	<exInfo_list count="1">
		<exInfo value="HarddiskVolume1\WINDOWS\system32\rpcrt4.dll" descr="动态链接库"/>
	</exInfo_list>
	</action>
 </action_list><action_list name="加载模块" level="1" descr="加载模块 HarddiskVolume1\WINDOWS\system32\secur32.dll" times="0">
	<action field="start_boot" type="Memory" name="LoadLibrary" call_pid="788" call_name="mstwain32.exe" call_time="18:08:17.590">
	<exInfo_list count="1">
		<exInfo value="HarddiskVolume1\WINDOWS\system32\secur32.dll" descr="动态链接库"/>
	</exInfo_list>
	</action>
 </action_list><action_list name="加载模块" level="1" descr="加载模块 HarddiskVolume1\WINDOWS\system32\avicap32.dll" times="0">
	<action field="start_boot" type="Memory" name="LoadLibrary" call_pid="788" call_name="mstwain32.exe" call_time="18:08:17.607">
	<exInfo_list count="1">
		<exInfo value="HarddiskVolume1\WINDOWS\system32\avicap32.dll" descr="动态链接库"/>
	</exInfo_list>
	</action>
 </action_list><action_list name="加载模块" level="1" descr="加载模块 HarddiskVolume1\WINDOWS\system32\user32.dll" times="0">
	<action field="start_boot" type="Memory" name="LoadLibrary" call_pid="788" call_name="mstwain32.exe" call_time="18:08:17.621">
	<exInfo_list count="1">
		<exInfo value="HarddiskVolume1\WINDOWS\system32\user32.dll" descr="动态链接库"/>
	</exInfo_list>
	</action>
 </action_list><action_list name="加载模块" level="1" descr="加载模块 HarddiskVolume1\WINDOWS\system32\gdi32.dll" times="0">
	<action field="start_boot" type="Memory" name="LoadLibrary" call_pid="788" call_name="mstwain32.exe" call_time="18:08:17.625">
	<exInfo_list count="1">
		<exInfo value="HarddiskVolume1\WINDOWS\system32\gdi32.dll" descr="动态链接库"/>
	</exInfo_list>
	</action>
 </action_list><action_list name="加载模块" level="1" descr="加载模块 HarddiskVolume1\WINDOWS\system32\winmm.dll" times="0">
	<action field="start_boot" type="Memory" name="LoadLibrary" call_pid="788" call_name="mstwain32.exe" call_time="18:08:17.653">
	<exInfo_list count="1">
		<exInfo value="HarddiskVolume1\WINDOWS\system32\winmm.dll" descr="动态链接库"/>
	</exInfo_list>
	</action>
 </action_list><action_list name="加载模块" level="1" descr="加载模块 HarddiskVolume1\WINDOWS\system32\version.dll" times="0">
	<action field="start_boot" type="Memory" name="LoadLibrary" call_pid="788" call_name="mstwain32.exe" call_time="18:08:17.666">
	<exInfo_list count="1">
		<exInfo value="HarddiskVolume1\WINDOWS\system32\version.dll" descr="动态链接库"/>
	</exInfo_list>
	</action>
 </action_list><action_list name="加载模块" level="1" descr="加载模块 HarddiskVolume1\WINDOWS\system32\msvfw32.dll" times="0">
	<action field="start_boot" type="Memory" name="LoadLibrary" call_pid="788" call_name="mstwain32.exe" call_time="18:08:17.675">
	<exInfo_list count="1">
		<exInfo value="HarddiskVolume1\WINDOWS\system32\msvfw32.dll" descr="动态链接库"/>
	</exInfo_list>
	</action>
 </action_list><action_list name="加载模块" level="1" descr="加载模块 HarddiskVolume1\WINDOWS\system32\shell32.dll" times="0">
	<action field="start_boot" type="Memory" name="LoadLibrary" call_pid="788" call_name="mstwain32.exe" call_time="18:08:17.679">
	<exInfo_list count="1">
		<exInfo value="HarddiskVolume1\WINDOWS\system32\shell32.dll" descr="动态链接库"/>
	</exInfo_list>
	</action>
 </action_list><action_list name="加载模块" level="1" descr="加载模块 HarddiskVolume1\WINDOWS\system32\msvcrt.dll" times="0">
	<action field="start_boot" type="Memory" name="LoadLibrary" call_pid="788" call_name="mstwain32.exe" call_time="18:08:17.684">
	<exInfo_list count="1">
		<exInfo value="HarddiskVolume1\WINDOWS\system32\msvcrt.dll" descr="动态链接库"/>
	</exInfo_list>
	</action>
 </action_list><action_list name="加载模块" level="1" descr="加载模块 HarddiskVolume1\WINDOWS\system32\shlwapi.dll" times="0">
	<action field="start_boot" type="Memory" name="LoadLibrary" call_pid="788" call_name="mstwain32.exe" call_time="18:08:17.700">
	<exInfo_list count="1">
		<exInfo value="HarddiskVolume1\WINDOWS\system32\shlwapi.dll" descr="动态链接库"/>
	</exInfo_list>
	</action>
 </action_list><action_list name="加载模块" level="1" descr="加载模块 HarddiskVolume1\WINDOWS\system32\comctl32.dll" times="0">
	<action field="start_boot" type="Memory" name="LoadLibrary" call_pid="788" call_name="mstwain32.exe" call_time="18:08:17.712">
	<exInfo_list count="1">
		<exInfo value="HarddiskVolume1\WINDOWS\system32\comctl32.dll" descr="动态链接库"/>
	</exInfo_list>
	</action>
 </action_list><action_list name="加载模块" level="1" descr="加载模块 HarddiskVolume1\WINDOWS\system32\msacm32.dll" times="0">
	<action field="start_boot" type="Memory" name="LoadLibrary" call_pid="788" call_name="mstwain32.exe" call_time="18:08:17.735">
	<exInfo_list count="1">
		<exInfo value="HarddiskVolume1\WINDOWS\system32\msacm32.dll" descr="动态链接库"/>
	</exInfo_list>
	</action>
 </action_list><action_list name="加载模块" level="1" descr="加载模块 HarddiskVolume1\WINDOWS\system32\netapi32.dll" times="0">
	<action field="start_boot" type="Memory" name="LoadLibrary" call_pid="788" call_name="mstwain32.exe" call_time="18:08:17.749">
	<exInfo_list count="1">
		<exInfo value="HarddiskVolume1\WINDOWS\system32\netapi32.dll" descr="动态链接库"/>
	</exInfo_list>
	</action>
 </action_list><action_list name="加载模块" level="1" descr="加载模块 HarddiskVolume1\WINDOWS\system32\oleaut32.dll" times="0">
	<action field="start_boot" type="Memory" name="LoadLibrary" call_pid="788" call_name="mstwain32.exe" call_time="18:08:17.766">
	<exInfo_list count="1">
		<exInfo value="HarddiskVolume1\WINDOWS\system32\oleaut32.dll" descr="动态链接库"/>
	</exInfo_list>
	</action>
 </action_list><action_list name="加载模块" level="1" descr="加载模块 HarddiskVolume1\WINDOWS\system32\ole32.dll" times="0">
	<action field="start_boot" type="Memory" name="LoadLibrary" call_pid="788" call_name="mstwain32.exe" call_time="18:08:17.778">
	<exInfo_list count="1">
		<exInfo value="HarddiskVolume1\WINDOWS\system32\ole32.dll" descr="动态链接库"/>
	</exInfo_list>
	</action>
 </action_list><action_list name="加载模块" level="1" descr="加载模块 HarddiskVolume1\WINDOWS\system32\wsock32.dll" times="0">
	<action field="start_boot" type="Memory" name="LoadLibrary" call_pid="788" call_name="mstwain32.exe" call_time="18:08:17.807">
	<exInfo_list count="1">
		<exInfo value="HarddiskVolume1\WINDOWS\system32\wsock32.dll" descr="动态链接库"/>
	</exInfo_list>
	</action>
 </action_list><action_list name="加载模块" level="1" descr="加载模块 HarddiskVolume1\WINDOWS\system32\ws2_32.dll" times="0">
	<action field="start_boot" type="Memory" name="LoadLibrary" call_pid="788" call_name="mstwain32.exe" call_time="18:08:17.812">
	<exInfo_list count="1">
		<exInfo value="HarddiskVolume1\WINDOWS\system32\ws2_32.dll" descr="动态链接库"/>
	</exInfo_list>
	</action>
 </action_list><action_list name="加载模块" level="1" descr="加载模块 HarddiskVolume1\WINDOWS\system32\ws2help.dll" times="0">
	<action field="start_boot" type="Memory" name="LoadLibrary" call_pid="788" call_name="mstwain32.exe" call_time="18:08:17.835">
	<exInfo_list count="1">
		<exInfo value="HarddiskVolume1\WINDOWS\system32\ws2help.dll" descr="动态链接库"/>
	</exInfo_list>
	</action>
 </action_list><action_list name="加载模块" level="1" descr="加载模块 HarddiskVolume1\WINDOWS\system32\imm32.dll" times="0">
	<action field="start_boot" type="Memory" name="LoadLibrary" call_pid="788" call_name="mstwain32.exe" call_time="18:08:17.974">
	<exInfo_list count="1">
		<exInfo value="HarddiskVolume1\WINDOWS\system32\imm32.dll" descr="动态链接库"/>
	</exInfo_list>
	</action>
 </action_list><action_list name="加载模块" level="1" descr="加载模块 HarddiskVolume1\WINDOWS\system32\lpk.dll" times="0">
	<action field="start_boot" type="Memory" name="LoadLibrary" call_pid="788" call_name="mstwain32.exe" call_time="18:08:17.000">
	<exInfo_list count="1">
		<exInfo value="HarddiskVolume1\WINDOWS\system32\lpk.dll" descr="动态链接库"/>
	</exInfo_list>
	</action>
 </action_list><action_list name="加载模块" level="1" descr="加载模块 HarddiskVolume1\WINDOWS\system32\usp10.dll" times="0">
	<action field="start_boot" type="Memory" name="LoadLibrary" call_pid="788" call_name="mstwain32.exe" call_time="18:08:17.005">
	<exInfo_list count="1">
		<exInfo value="HarddiskVolume1\WINDOWS\system32\usp10.dll" descr="动态链接库"/>
	</exInfo_list>
	</action>
 </action_list><action_list name="程序退出" level="-1" descr="server.exe 退出" times="0">
	<action field="start_boot" type="Process" name="TerminateProcess" call_pid="1928" call_name="server.exe" call_time="18:08:17.159">
	<exInfo_list count="1">
		<exInfo value="server.exe" descr="结束进程名"/>
	</exInfo_list>
	</action>
 </action_list><action_list name="加载模块" level="1" descr="加载模块 HarddiskVolume1\WINDOWS\WinSxS\x86_Microsoft.Windows.Common-Controls_6595b64144ccf1df_6.0.2600.5512_x-ww_35d4ce83\comctl32.dll" times="0">
	<action field="start_boot" type="Memory" name="LoadLibrary" call_pid="788" call_name="mstwain32.exe" call_time="18:08:17.165">
	<exInfo_list count="1">
		<exInfo value="HarddiskVolume1\WINDOWS\WinSxS\x86_Microsoft.Windows.Common-Controls_6595b64144ccf1df_6.0.2600.5512_x-ww_35d4ce83\comctl32.dll" descr="动态链接库"/>
	</exInfo_list>
	</action>
 </action_list><action_list name="映射文件" level="1" descr="映射文件 HarddiskVolume1\DOCUME~1\xpuser\LOCALS~1\Temp\IXP000.TMP\server.exe" times="0">
	<action field="start_boot" type="File" name="ReadFileToCreate" call_pid="2036" call_name="1.exe" call_time="18:08:17.377">
	<exInfo_list count="1">
		<exInfo value="HarddiskVolume1\DOCUME~1\xpuser\LOCALS~1\Temp\IXP000.TMP\server.exe" descr="文件路径"/>
	</exInfo_list>
	</action>
 </action_list><action_list name="创建进程" level="3" descr="创建进程  C:\DOCUME~1\xpuser\LOCALS~1\Temp\IXP000.TMP\server.exe" times="0">
	<action field="start_boot" type="Process" name="CreateProcess" call_pid="2036" call_name="1.exe" call_time="18:08:17.337">
	<exInfo_list count="1">
		<exInfo value=" C:\DOCUME~1\xpuser\LOCALS~1\Temp\IXP000.TMP\server.exe" descr="进程名"/>
	</exInfo_list>
	</action>
 </action_list><action_list name="进程开始执行" level="1" descr="被 1.exe（2036）创建的进程开始执行" times="0">
	<action field="start_boot" type="Process" name="BeCreated" call_pid="216" call_name="server.exe" call_time="18:08:17.452">
	<exInfo_list count="2">
		<exInfo value="1.exe" descr="父进程名"/>
		<exInfo value="2036" descr="父进程ID"/>
	</exInfo_list>
	</action>
 </action_list><action_list name="进程开始执行" level="1" descr="被 1.exe（2036）通过参数 C:\DOCUME~1\xpuser\LOCALS~1\Temp\IXP000.TMP\server.exe 以 direct 方式创建的进程开始执行" times="0">
	<action field="start_boot" type="Process" name="BeCreatedEx" call_pid="216" call_name="server.exe" call_time="18:08:17.453">
	<exInfo_list count="4">
		<exInfo value="1.exe" descr="父进程名"/>
		<exInfo value="2036" descr="父进程ID"/>
		<exInfo value="C:\DOCUME~1\xpuser\LOCALS~1\Temp\IXP000.TMP\server.exe" descr="启动参数"/>
		<exInfo value="direct" descr="创建方式"/>
	</exInfo_list>
	</action>
 </action_list><action_list name="脱壳" level="2" descr="代码自解压，逃避分析与查杀" times="0">
	<action field="start_boot" type="Memory" name="UnpackSelf" call_pid="216" call_name="server.exe" call_time="18:08:17.454">
	<exInfo_list count="0">
	</exInfo_list>
	</action>
 </action_list><action_list name="加载模块" level="1" descr="加载模块 HarddiskVolume1\WINDOWS\system32\advapi32.dll" times="0">
	<action field="start_boot" type="Memory" name="LoadLibrary" call_pid="216" call_name="server.exe" call_time="18:08:17.547">
	<exInfo_list count="1">
		<exInfo value="HarddiskVolume1\WINDOWS\system32\advapi32.dll" descr="动态链接库"/>
	</exInfo_list>
	</action>
 </action_list><action_list name="加载模块" level="1" descr="加载模块 HarddiskVolume1\WINDOWS\system32\rpcrt4.dll" times="0">
	<action field="start_boot" type="Memory" name="LoadLibrary" call_pid="216" call_name="server.exe" call_time="18:08:17.552">
	<exInfo_list count="1">
		<exInfo value="HarddiskVolume1\WINDOWS\system32\rpcrt4.dll" descr="动态链接库"/>
	</exInfo_list>
	</action>
 </action_list><action_list name="加载模块" level="1" descr="加载模块 HarddiskVolume1\WINDOWS\system32\secur32.dll" times="0">
	<action field="start_boot" type="Memory" name="LoadLibrary" call_pid="216" call_name="server.exe" call_time="18:08:17.556">
	<exInfo_list count="1">
		<exInfo value="HarddiskVolume1\WINDOWS\system32\secur32.dll" descr="动态链接库"/>
	</exInfo_list>
	</action>
 </action_list><action_list name="加载模块" level="1" descr="加载模块 HarddiskVolume1\WINDOWS\system32\avicap32.dll" times="0">
	<action field="start_boot" type="Memory" name="LoadLibrary" call_pid="216" call_name="server.exe" call_time="18:08:17.573">
	<exInfo_list count="1">
		<exInfo value="HarddiskVolume1\WINDOWS\system32\avicap32.dll" descr="动态链接库"/>
	</exInfo_list>
	</action>
 </action_list><action_list name="加载模块" level="1" descr="加载模块 HarddiskVolume1\WINDOWS\system32\user32.dll" times="0">
	<action field="start_boot" type="Memory" name="LoadLibrary" call_pid="216" call_name="server.exe" call_time="18:08:17.587">
	<exInfo_list count="1">
		<exInfo value="HarddiskVolume1\WINDOWS\system32\user32.dll" descr="动态链接库"/>
	</exInfo_list>
	</action>
 </action_list><action_list name="加载模块" level="1" descr="加载模块 HarddiskVolume1\WINDOWS\system32\gdi32.dll" times="0">
	<action field="start_boot" type="Memory" name="LoadLibrary" call_pid="216" call_name="server.exe" call_time="18:08:17.591">
	<exInfo_list count="1">
		<exInfo value="HarddiskVolume1\WINDOWS\system32\gdi32.dll" descr="动态链接库"/>
	</exInfo_list>
	</action>
 </action_list><action_list name="加载模块" level="1" descr="加载模块 HarddiskVolume1\WINDOWS\system32\winmm.dll" times="0">
	<action field="start_boot" type="Memory" name="LoadLibrary" call_pid="216" call_name="server.exe" call_time="18:08:17.619">
	<exInfo_list count="1">
		<exInfo value="HarddiskVolume1\WINDOWS\system32\winmm.dll" descr="动态链接库"/>
	</exInfo_list>
	</action>
 </action_list><action_list name="加载模块" level="1" descr="加载模块 HarddiskVolume1\WINDOWS\system32\version.dll" times="0">
	<action field="start_boot" type="Memory" name="LoadLibrary" call_pid="216" call_name="server.exe" call_time="18:08:17.632">
	<exInfo_list count="1">
		<exInfo value="HarddiskVolume1\WINDOWS\system32\version.dll" descr="动态链接库"/>
	</exInfo_list>
	</action>
 </action_list><action_list name="加载模块" level="1" descr="加载模块 HarddiskVolume1\WINDOWS\system32\msvfw32.dll" times="0">
	<action field="start_boot" type="Memory" name="LoadLibrary" call_pid="216" call_name="server.exe" call_time="18:08:17.641">
	<exInfo_list count="1">
		<exInfo value="HarddiskVolume1\WINDOWS\system32\msvfw32.dll" descr="动态链接库"/>
	</exInfo_list>
	</action>
 </action_list><action_list name="加载模块" level="1" descr="加载模块 HarddiskVolume1\WINDOWS\system32\shell32.dll" times="0">
	<action field="start_boot" type="Memory" name="LoadLibrary" call_pid="216" call_name="server.exe" call_time="18:08:17.645">
	<exInfo_list count="1">
		<exInfo value="HarddiskVolume1\WINDOWS\system32\shell32.dll" descr="动态链接库"/>
	</exInfo_list>
	</action>
 </action_list><action_list name="加载模块" level="1" descr="加载模块 HarddiskVolume1\WINDOWS\system32\msvcrt.dll" times="0">
	<action field="start_boot" type="Memory" name="LoadLibrary" call_pid="216" call_name="server.exe" call_time="18:08:17.650">
	<exInfo_list count="1">
		<exInfo value="HarddiskVolume1\WINDOWS\system32\msvcrt.dll" descr="动态链接库"/>
	</exInfo_list>
	</action>
 </action_list><action_list name="加载模块" level="1" descr="加载模块 HarddiskVolume1\WINDOWS\system32\shlwapi.dll" times="0">
	<action field="start_boot" type="Memory" name="LoadLibrary" call_pid="216" call_name="server.exe" call_time="18:08:17.666">
	<exInfo_list count="1">
		<exInfo value="HarddiskVolume1\WINDOWS\system32\shlwapi.dll" descr="动态链接库"/>
	</exInfo_list>
	</action>
 </action_list><action_list name="加载模块" level="1" descr="加载模块 HarddiskVolume1\WINDOWS\system32\comctl32.dll" times="0">
	<action field="start_boot" type="Memory" name="LoadLibrary" call_pid="216" call_name="server.exe" call_time="18:08:17.678">
	<exInfo_list count="1">
		<exInfo value="HarddiskVolume1\WINDOWS\system32\comctl32.dll" descr="动态链接库"/>
	</exInfo_list>
	</action>
 </action_list><action_list name="加载模块" level="1" descr="加载模块 HarddiskVolume1\WINDOWS\system32\msacm32.dll" times="0">
	<action field="start_boot" type="Memory" name="LoadLibrary" call_pid="216" call_name="server.exe" call_time="18:08:17.701">
	<exInfo_list count="1">
		<exInfo value="HarddiskVolume1\WINDOWS\system32\msacm32.dll" descr="动态链接库"/>
	</exInfo_list>
	</action>
 </action_list><action_list name="加载模块" level="1" descr="加载模块 HarddiskVolume1\WINDOWS\system32\netapi32.dll" times="0">
	<action field="start_boot" type="Memory" name="LoadLibrary" call_pid="216" call_name="server.exe" call_time="18:08:17.715">
	<exInfo_list count="1">
		<exInfo value="HarddiskVolume1\WINDOWS\system32\netapi32.dll" descr="动态链接库"/>
	</exInfo_list>
	</action>
 </action_list><action_list name="加载模块" level="1" descr="加载模块 HarddiskVolume1\WINDOWS\system32\oleaut32.dll" times="0">
	<action field="start_boot" type="Memory" name="LoadLibrary" call_pid="216" call_name="server.exe" call_time="18:08:17.732">
	<exInfo_list count="1">
		<exInfo value="HarddiskVolume1\WINDOWS\system32\oleaut32.dll" descr="动态链接库"/>
	</exInfo_list>
	</action>
 </action_list><action_list name="加载模块" level="1" descr="加载模块 HarddiskVolume1\WINDOWS\system32\ole32.dll" times="0">
	<action field="start_boot" type="Memory" name="LoadLibrary" call_pid="216" call_name="server.exe" call_time="18:08:17.744">
	<exInfo_list count="1">
		<exInfo value="HarddiskVolume1\WINDOWS\system32\ole32.dll" descr="动态链接库"/>
	</exInfo_list>
	</action>
 </action_list><action_list name="加载模块" level="1" descr="加载模块 HarddiskVolume1\WINDOWS\system32\wsock32.dll" times="0">
	<action field="start_boot" type="Memory" name="LoadLibrary" call_pid="216" call_name="server.exe" call_time="18:08:17.773">
	<exInfo_list count="1">
		<exInfo value="HarddiskVolume1\WINDOWS\system32\wsock32.dll" descr="动态链接库"/>
	</exInfo_list>
	</action>
 </action_list><action_list name="加载模块" level="1" descr="加载模块 HarddiskVolume1\WINDOWS\system32\ws2_32.dll" times="0">
	<action field="start_boot" type="Memory" name="LoadLibrary" call_pid="216" call_name="server.exe" call_time="18:08:17.778">
	<exInfo_list count="1">
		<exInfo value="HarddiskVolume1\WINDOWS\system32\ws2_32.dll" descr="动态链接库"/>
	</exInfo_list>
	</action>
 </action_list><action_list name="加载模块" level="1" descr="加载模块 HarddiskVolume1\WINDOWS\system32\ws2help.dll" times="0">
	<action field="start_boot" type="Memory" name="LoadLibrary" call_pid="216" call_name="server.exe" call_time="18:08:17.789">
	<exInfo_list count="1">
		<exInfo value="HarddiskVolume1\WINDOWS\system32\ws2help.dll" descr="动态链接库"/>
	</exInfo_list>
	</action>
 </action_list><action_list name="加载模块" level="1" descr="加载模块 HarddiskVolume1\WINDOWS\system32\imm32.dll" times="0">
	<action field="start_boot" type="Memory" name="LoadLibrary" call_pid="216" call_name="server.exe" call_time="18:08:17.906">
	<exInfo_list count="1">
		<exInfo value="HarddiskVolume1\WINDOWS\system32\imm32.dll" descr="动态链接库"/>
	</exInfo_list>
	</action>
 </action_list><action_list name="加载模块" level="1" descr="加载模块 HarddiskVolume1\WINDOWS\system32\lpk.dll" times="0">
	<action field="start_boot" type="Memory" name="LoadLibrary" call_pid="216" call_name="server.exe" call_time="18:08:17.932">
	<exInfo_list count="1">
		<exInfo value="HarddiskVolume1\WINDOWS\system32\lpk.dll" descr="动态链接库"/>
	</exInfo_list>
	</action>
 </action_list><action_list name="加载模块" level="1" descr="加载模块 HarddiskVolume1\WINDOWS\system32\usp10.dll" times="0">
	<action field="start_boot" type="Memory" name="LoadLibrary" call_pid="216" call_name="server.exe" call_time="18:08:17.937">
	<exInfo_list count="1">
		<exInfo value="HarddiskVolume1\WINDOWS\system32\usp10.dll" descr="动态链接库"/>
	</exInfo_list>
	</action>
 </action_list><action_list name="加载模块" level="1" descr="加载模块 HarddiskVolume1\WINDOWS\WinSxS\x86_Microsoft.Windows.Common-Controls_6595b64144ccf1df_6.0.2600.5512_x-ww_35d4ce83\comctl32.dll" times="0">
	<action field="start_boot" type="Memory" name="LoadLibrary" call_pid="216" call_name="server.exe" call_time="18:08:17.065">
	<exInfo_list count="1">
		<exInfo value="HarddiskVolume1\WINDOWS\WinSxS\x86_Microsoft.Windows.Common-Controls_6595b64144ccf1df_6.0.2600.5512_x-ww_35d4ce83\comctl32.dll" descr="动态链接库"/>
	</exInfo_list>
	</action>
 </action_list><action_list name="创建互斥量" level="2" descr="创建互斥量 ASPLOG 防止重复感染" times="0">
	<action field="start_boot" type="System" name="CreateMutex" call_pid="788" call_name="mstwain32.exe" call_time="18:08:18.463">
	<exInfo_list count="1">
		<exInfo value="ASPLOG" descr="互斥量名"/>
	</exInfo_list>
	</action>
 </action_list><action_list name="检测分析环境" level="1" descr="通过 MemoryOperation 技术检测虚拟机或调试器，逃避分析与查杀" times="0">
	<action field="start_boot" type="System" name="DetectDebugger" call_pid="788" call_name="mstwain32.exe" call_time="18:08:18.484">
	<exInfo_list count="1">
		<exInfo value="MemoryOperation" descr="技术手段"/>
	</exInfo_list>
	</action>
 </action_list><action_list name="变更权限" level="3" descr="改变进程的权限" times="0">
	<action field="start_boot" type="Process" name="AdjustPrivilege" call_pid="788" call_name="mstwain32.exe" call_time="18:08:18.515">
	<exInfo_list count="0">
	</exInfo_list>
	</action>
 </action_list><action_list name="加载模块" level="1" descr="加载模块 HarddiskVolume1\WINDOWS\system32\msctf.dll" times="0">
	<action field="start_boot" type="Memory" name="LoadLibrary" call_pid="788" call_name="mstwain32.exe" call_time="18:08:18.538">
	<exInfo_list count="1">
		<exInfo value="HarddiskVolume1\WINDOWS\system32\msctf.dll" descr="动态链接库"/>
	</exInfo_list>
	</action>
 </action_list><action_list name="加载模块" level="1" descr="加载模块 HarddiskVolume1\WINDOWS\system32\msctfime.ime" times="0">
	<action field="start_boot" type="Memory" name="LoadLibrary" call_pid="788" call_name="mstwain32.exe" call_time="18:08:18.684">
	<exInfo_list count="1">
		<exInfo value="HarddiskVolume1\WINDOWS\system32\msctfime.ime" descr="动态链接库"/>
	</exInfo_list>
	</action>
 </action_list><action_list name="创建互斥量" level="2" descr="创建互斥量 ASPLOG 防止重复感染" times="0">
	<action field="start_boot" type="System" name="CreateMutex" call_pid="216" call_name="server.exe" call_time="18:08:18.801">
	<exInfo_list count="1">
		<exInfo value="ASPLOG" descr="互斥量名"/>
	</exInfo_list>
	</action>
 </action_list><action_list name="创建互斥量" level="2" descr="创建互斥量 DENEK 防止重复感染" times="0">
	<action field="start_boot" type="System" name="CreateMutex" call_pid="788" call_name="mstwain32.exe" call_time="18:08:18.805">
	<exInfo_list count="1">
		<exInfo value="DENEK" descr="互斥量名"/>
	</exInfo_list>
	</action>
 </action_list><action_list name="创建可执行程序" level="3" descr="创建可执行程序 HarddiskVolume1\WINDOWS\ntdtcstp.dll" times="0">
	<action field="start_boot" type="File" name="WritePEFile" call_pid="788" call_name="mstwain32.exe" call_time="18:08:18.808">
	<exInfo_list count="1">
		<exInfo value="HarddiskVolume1\WINDOWS\ntdtcstp.dll" descr="PE文件路径"/>
	</exInfo_list>
	</action>
 </action_list><action_list name="设置自启动" level="3" descr="将 mstwain32 设置为开机自启动" times="0">
	<action field="start_boot" type="Reg" name="SetKeyValue" call_pid="788" call_name="mstwain32.exe" call_time="18:08:18.815">
	<exInfo_list count="2">
		<exInfo value="\REGISTRY\USER\S-1-5-21-117609710-838170752-515967899-1003\SOFTWARE\MICROSOFT\WINDOWS\CURRENTVERSION\RUN" descr="键名"/>
		<exInfo value="mstwain32" descr="键值"/>
	</exInfo_list>
	</action>
 </action_list><action_list name="检测分析环境" level="1" descr="通过 sleep(20s) 技术检测虚拟机或调试器，逃避分析与查杀" times="0">
	<action field="start_boot" type="System" name="DetectDebugger" call_pid="788" call_name="mstwain32.exe" call_time="18:08:18.817">
	<exInfo_list count="1">
		<exInfo value="sleep(20s)" descr="技术手段"/>
	</exInfo_list>
	</action>
 </action_list><action_list name="程序退出" level="-1" descr="server.exe 退出" times="0">
	<action field="start_boot" type="Process" name="TerminateProcess" call_pid="216" call_name="server.exe" call_time="18:08:18.824">
	<exInfo_list count="1">
		<exInfo value="server.exe" descr="结束进程名"/>
	</exInfo_list>
	</action>
 </action_list><action_list name="创建可执行程序" level="3" descr="创建可执行程序 HarddiskVolume1\WINDOWS\cmsetac.dll" times="0">
	<action field="start_boot" type="File" name="WritePEFile" call_pid="788" call_name="mstwain32.exe" call_time="18:08:18.827">
	<exInfo_list count="1">
		<exInfo value="HarddiskVolume1\WINDOWS\cmsetac.dll" descr="PE文件路径"/>
	</exInfo_list>
	</action>
 </action_list><action_list name="程序退出" level="-1" descr="server.exe 退出" times="0">
	<action field="start_boot" type="Process" name="TerminateProcess" call_pid="216" call_name="server.exe" call_time="18:08:18.868">
	<exInfo_list count="1">
		<exInfo value="server.exe" descr="结束进程名"/>
	</exInfo_list>
	</action>
 </action_list><action_list name="加载模块" level="1" descr="加载模块 HarddiskVolume1\WINDOWS\ntdtcstp.dll" times="0">
	<action field="start_boot" type="Memory" name="LoadLibrary" call_pid="788" call_name="mstwain32.exe" call_time="18:08:18.870">
	<exInfo_list count="1">
		<exInfo value="HarddiskVolume1\WINDOWS\ntdtcstp.dll" descr="动态链接库"/>
	</exInfo_list>
	</action>
 </action_list><action_list name="删除文件" level="2" descr="删除文件 C:\DOCUME~1\xpuser\LOCALS~1\Temp\IXP000.TMP\server.exe" times="0">
	<action field="start_boot" type="File" name="DeleteFile" call_pid="2036" call_name="1.exe" call_time="18:08:18.884">
	<exInfo_list count="1">
		<exInfo value="C:\DOCUME~1\xpuser\LOCALS~1\Temp\IXP000.TMP\server.exe" descr="文件路径"/>
	</exInfo_list>
	</action>
 </action_list><action_list name="删除注册表键值" level="3" descr="删除注册表键 \REGISTRY\MACHINE\SOFTWARE\MICROSOFT\WINDOWS\CURRENTVERSION\RUNONCE 的值 w" times="0">
	<action field="start_boot" type="Reg" name="DeleteKeyValue" call_pid="2036" call_name="1.exe" call_time="18:08:18.889">
	<exInfo_list count="2">
		<exInfo value="\REGISTRY\MACHINE\SOFTWARE\MICROSOFT\WINDOWS\CURRENTVERSION\RUNONCE" descr="键名"/>
		<exInfo value="w" descr="键值"/>
	</exInfo_list>
	</action>
 </action_list><action_list name="程序退出" level="-1" descr="1.exe 退出" times="0">
	<action field="start_boot" type="Process" name="TerminateProcess" call_pid="2036" call_name="1.exe" call_time="18:08:18.891">
	<exInfo_list count="1">
		<exInfo value="1.exe" descr="结束进程名"/>
	</exInfo_list>
	</action>
 </action_list><action_list name="加载模块" level="1" descr="加载模块 HarddiskVolume1\WINDOWS\system32\mswsock.dll" times="0">
	<action field="start_boot" type="Memory" name="LoadLibrary" call_pid="788" call_name="mstwain32.exe" call_time="18:08:18.008">
	<exInfo_list count="1">
		<exInfo value="HarddiskVolume1\WINDOWS\system32\mswsock.dll" descr="动态链接库"/>
	</exInfo_list>
	</action>
 </action_list><action_list name="加载模块" level="1" descr="加载模块 HarddiskVolume1\WINDOWS\system32\hnetcfg.dll" times="0">
	<action field="start_boot" type="Memory" name="LoadLibrary" call_pid="788" call_name="mstwain32.exe" call_time="18:08:18.027">
	<exInfo_list count="1">
		<exInfo value="HarddiskVolume1\WINDOWS\system32\hnetcfg.dll" descr="动态链接库"/>
	</exInfo_list>
	</action>
 </action_list><action_list name="加载模块" level="1" descr="加载模块 HarddiskVolume1\WINDOWS\system32\wshtcpip.dll" times="0">
	<action field="start_boot" type="Memory" name="LoadLibrary" call_pid="788" call_name="mstwain32.exe" call_time="18:08:18.064">
	<exInfo_list count="1">
		<exInfo value="HarddiskVolume1\WINDOWS\system32\wshtcpip.dll" descr="动态链接库"/>
	</exInfo_list>
	</action>
 </action_list><action_list name="访问网络服务" level="3" descr="获取系统提供的socket服务" times="0">
	<action field="start_boot" type="Network" name="AccessSocketService" call_pid="788" call_name="mstwain32.exe" call_time="18:08:18.002">
	<exInfo_list count="0">
	</exInfo_list>
	</action>
 </action_list><action_list name="加载模块" level="1" descr="加载模块 HarddiskVolume1\WINDOWS\cmsetac.dll" times="0">
	<action field="start_boot" type="Memory" name="LoadLibrary" call_pid="788" call_name="mstwain32.exe" call_time="18:08:18.091">
	<exInfo_list count="1">
		<exInfo value="HarddiskVolume1\WINDOWS\cmsetac.dll" descr="动态链接库"/>
	</exInfo_list>
	</action>
 </action_list><action_list name="变更权限" level="3" descr="改变进程的权限" times="0">
	<action field="start_boot" type="Process" name="AdjustPrivilege" call_pid="788" call_name="mstwain32.exe" call_time="18:08:18.163">
	<exInfo_list count="0">
	</exInfo_list>
	</action>
 </action_list><action_list name="加载模块" level="1" descr="加载模块 HarddiskVolume1\WINDOWS\system32\dnsapi.dll" times="0">
	<action field="start_boot" type="Memory" name="LoadLibrary" call_pid="788" call_name="mstwain32.exe" call_time="18:08:18.264">
	<exInfo_list count="1">
		<exInfo value="HarddiskVolume1\WINDOWS\system32\dnsapi.dll" descr="动态链接库"/>
	</exInfo_list>
	</action>
 </action_list><action_list name="加载模块" level="1" descr="加载模块 HarddiskVolume1\WINDOWS\system32\winrnr.dll" times="0">
	<action field="start_boot" type="Memory" name="LoadLibrary" call_pid="788" call_name="mstwain32.exe" call_time="18:08:18.329">
	<exInfo_list count="1">
		<exInfo value="HarddiskVolume1\WINDOWS\system32\winrnr.dll" descr="动态链接库"/>
	</exInfo_list>
	</action>
 </action_list><action_list name="加载模块" level="1" descr="加载模块 HarddiskVolume1\WINDOWS\system32\wldap32.dll" times="0">
	<action field="start_boot" type="Memory" name="LoadLibrary" call_pid="788" call_name="mstwain32.exe" call_time="18:08:18.340">
	<exInfo_list count="1">
		<exInfo value="HarddiskVolume1\WINDOWS\system32\wldap32.dll" descr="动态链接库"/>
	</exInfo_list>
	</action>
 </action_list><action_list name="加载模块" level="1" descr="加载模块 HarddiskVolume1\WINDOWS\system32\rasadhlp.dll" times="0">
	<action field="start_boot" type="Memory" name="LoadLibrary" call_pid="788" call_name="mstwain32.exe" call_time="18:08:18.367">
	<exInfo_list count="1">
		<exInfo value="HarddiskVolume1\WINDOWS\system32\rasadhlp.dll" descr="动态链接库"/>
	</exInfo_list>
	</action>
 </action_list><action_list name="域名查询" level="3" descr="查询域名信息：192.168.1.129" times="0">
	<action field="start_boot" type="Network" name="QueryDNS" call_pid="788" call_name="mstwain32.exe" call_time="18:08:18.259">
	<exInfo_list count="1">
		<exInfo value="192.168.1.129" descr="请求DNS名"/>
	</exInfo_list>
	</action>
 </action_list><action_list name="创建网络连接" level="3" descr="连接到远程主机 192.168.1.129: 80" times="0">
	<action field="start_boot" type="Network" name="connect" call_pid="788" call_name="mstwain32.exe" call_time="18:08:18.397">
	<exInfo_list count="1">
		<exInfo value="192.168.1.129: 80" descr="远程服务器Host"/>
	</exInfo_list>
	</action>
 </action_list><action_list name="设置自启动" level="3" descr="将 mstwain32 设置为开机自启动" times="0">
	<action field="start_boot" type="Reg" name="SetKeyValue" call_pid="788" call_name="mstwain32.exe" call_time="18:08:27.411">
	<exInfo_list count="2">
		<exInfo value="\REGISTRY\USER\S-1-5-21-117609710-838170752-515967899-1003\SOFTWARE\MICROSOFT\WINDOWS\CURRENTVERSION\RUN" descr="键名"/>
		<exInfo value="mstwain32" descr="键值"/>
	</exInfo_list>
	</action>
 </action_list><action_list name="检测分析环境" level="1" descr="通过 sleep(20s) 技术检测虚拟机或调试器，逃避分析与查杀" times="0">
	<action field="start_boot" type="System" name="DetectDebugger" call_pid="788" call_name="mstwain32.exe" call_time="18:08:27.413">
	<exInfo_list count="1">
		<exInfo value="sleep(20s)" descr="技术手段"/>
	</exInfo_list>
	</action>
 </action_list><action_list name="访问网络服务" level="3" descr="获取系统提供的socket服务" times="0">
	<action field="start_boot" type="Network" name="AccessSocketService" call_pid="788" call_name="mstwain32.exe" call_time="18:08:35.682">
	<exInfo_list count="0">
	</exInfo_list>
	</action>
 </action_list><action_list name="域名查询" level="3" descr="查询域名信息：192.168.1.129" times="0">
	<action field="start_boot" type="Network" name="QueryDNS" call_pid="788" call_name="mstwain32.exe" call_time="18:08:35.687">
	<exInfo_list count="1">
		<exInfo value="192.168.1.129" descr="请求DNS名"/>
	</exInfo_list>
	</action>
 </action_list><action_list name="创建网络连接" level="3" descr="连接到远程主机 192.168.1.129: 80" times="0">
	<action field="start_boot" type="Network" name="connect" call_pid="788" call_name="mstwain32.exe" call_time="18:08:35.694">
	<exInfo_list count="1">
		<exInfo value="192.168.1.129: 80" descr="远程服务器Host"/>
	</exInfo_list>
	</action>
 </action_list><action_list name="设置自启动" level="3" descr="将 mstwain32 设置为开机自启动" times="0">
	<action field="start_boot" type="Reg" name="SetKeyValue" call_pid="788" call_name="mstwain32.exe" call_time="18:09:00.713">
	<exInfo_list count="2">
		<exInfo value="\REGISTRY\USER\S-1-5-21-117609710-838170752-515967899-1003\SOFTWARE\MICROSOFT\WINDOWS\CURRENTVERSION\RUN" descr="键名"/>
		<exInfo value="mstwain32" descr="键值"/>
	</exInfo_list>
	</action>
 </action_list><action_list name="检测分析环境" level="1" descr="通过 sleep(20s) 技术检测虚拟机或调试器，逃避分析与查杀" times="0">
	<action field="start_boot" type="System" name="DetectDebugger" call_pid="788" call_name="mstwain32.exe" call_time="18:09:00.715">
	<exInfo_list count="1">
		<exInfo value="sleep(20s)" descr="技术手段"/>
	</exInfo_list>
	</action>
 </action_list><action_list name="域名查询" level="3" descr="查询域名信息：192.168.1.129" times="0">
	<action field="start_boot" type="Network" name="QueryDNS" call_pid="788" call_name="mstwain32.exe" call_time="18:09:00.721">
	<exInfo_list count="1">
		<exInfo value="192.168.1.129" descr="请求DNS名"/>
	</exInfo_list>
	</action>
 </action_list><action_list name="创建网络连接" level="3" descr="连接到远程主机 192.168.1.129: 80" times="0">
	<action field="start_boot" type="Network" name="connect" call_pid="788" call_name="mstwain32.exe" call_time="18:09:00.729">
	<exInfo_list count="1">
		<exInfo value="192.168.1.129: 80" descr="远程服务器Host"/>
	</exInfo_list>
	</action>
 </action_list><action_list name="分析结束" level="-1" descr="动态分析结束" times="0">
	<action field="start_boot" type="System" name="AnalyzeStop" call_pid="0" call_name="" call_time="18:09:12.735">
	<exInfo_list count="0">
	</exInfo_list>
	</action>
 </action_list></file>