<?xml version="1.0" encoding="UTF-8"?> 

<file name="1.exe" 文件扩展名信息="  描述：Directly executable program   使用信息: DOS, OpenVMS, Microsoft Windows, Symbian or OS/2" sha1="e90ad79ea7c10131298e7fd47b511cddab0640da" md5="703a8ce8e5db12228ef328560524fa97" CRC32="61490770" SSDEEP="768:g9lE8Dtzm2U4LESMiZdJ9pOylkf1qQhznYNBx9roDMv5fhq2:aPLrDZdpO5f1qQyDJZ" ImportHash="bd51a645a9c68bd03b2e51586e5cbdcb" size="38912" type="exe" error="0" virusresult="" vp_name="klo07" reportType="final" exiftool="File Name                       : 1.exe--list--File Size                       : 38 kB--list--File Modification Date/Time     : 2020:01:17 18:22:32+08:00--list--File Access Date/Time           : 2020:01:17 18:22:33+08:00--list--File Inode Change Date/Time     : 2020:01:17 18:22:32+08:00--list--File Type                       : Win32 EXE--list--File Type Extension             : exe--list--MIME Type                       : application/octet-stream--list--Machine Type                    : Intel 386 or later, and compatibles--list--Time Stamp                      : 1997:05:18 18:52:03+08:00--list--PE Type                         : PE32--list--Linker Version                  : 2.74--list--Code Size                       : 4096--list--Initialized Data Size           : 36864--list--Uninitialized Data Size         : 0--list--Entry Point                     : 0x136b--list--OS Version                      : 4.0--list--Image Version                   : 0.0--list--Subsystem Version               : 4.0--list--Subsystem                       : Windows GUI--list--" system="winxp" peinfo="加壳信息 :  未发现加壳--list--文件熵 :  7.903542 (可能存在加壳)--list--fpu反调试 :  未检测到--list--载入地址 :  可疑的载入点--list--代码入口信息 :  正常的入口--list--DOS stub : :  可疑--list--TLS表信息 :  未发现--list--段信息 :  3--list--代码段 :  可能存在自修改代码--list--数据段 :  未见异常--list--输入表段 :  长度过小  可能存在自修改代码--list--时间戳 :  过时的时间戳（2000年以前）--list--ASLR ：  未开启--list--DEP/NX ：  未开启--list--SEH ：  开启" AI_Scan="1" filetype="PE32 executable (GUI) Intel 80386, for MS Windows"><action_list name="分析开始" level="-1" descr="动态分析开始" times="0">
	<action field="start_boot" type="System" name="AnalyzeStart" call_pid="0" call_name="" call_time="18:22:46.000">
	<exInfo_list count="0">
	</exInfo_list>
	</action>
 </action_list><action_list name="分析引擎信息" level="-1" descr="12.6, 40, 2020-01-17_18:22:43==2020-01-17_18:22:46" times="0">
	<action field="start_boot" type="System" name="VasInfo" call_pid="0" call_name="" call_time="18:22:46.001">
	<exInfo_list count="3">
		<exInfo value="12.6" descr="分析引擎版本"/>
		<exInfo value="40" descr="最大并发数量"/>
		<exInfo value="2020-01-17_18:22:43==2020-01-17_18:22:46" descr="镜像加载耗时"/>
	</exInfo_list>
	</action>
 </action_list><action_list name="进程开始执行" level="1" descr="被 vasstarter.exe（1676）创建的进程开始执行" times="0">
	<action field="start_boot" type="Process" name="BeCreated" call_pid="208" call_name="vaslauncher.exe" call_time="18:22:47.002">
	<exInfo_list count="2">
		<exInfo value="vasstarter.exe" descr="父进程名"/>
		<exInfo value="1676" descr="父进程ID"/>
	</exInfo_list>
	</action>
 </action_list><action_list name="进程开始执行" level="1" descr="被 vasstarter.exe（1676）通过参数 D:\vaslauncher.exe 以 direct 方式创建的进程开始执行" times="0">
	<action field="start_boot" type="Process" name="BeCreatedEx" call_pid="208" call_name="vaslauncher.exe" call_time="18:22:47.003">
	<exInfo_list count="4">
		<exInfo value="vasstarter.exe" descr="父进程名"/>
		<exInfo value="1676" descr="父进程ID"/>
		<exInfo value="D:\vaslauncher.exe" descr="启动参数"/>
		<exInfo value="direct" descr="创建方式"/>
	</exInfo_list>
	</action>
 </action_list><action_list name="进程开始执行" level="1" descr="被 vaslauncher.exe（208）创建的进程开始执行" times="0">
	<action field="start_boot" type="Process" name="BeCreated" call_pid="2036" call_name="1.exe" call_time="18:22:49.004">
	<exInfo_list count="2">
		<exInfo value="vaslauncher.exe" descr="父进程名"/>
		<exInfo value="208" descr="父进程ID"/>
	</exInfo_list>
	</action>
 </action_list><action_list name="进程开始执行" level="1" descr="被 vaslauncher.exe（208）通过参数 &quot;C:\vastest\1.exe&quot;  以 direct 方式创建的进程开始执行" times="0">
	<action field="start_boot" type="Process" name="BeCreatedEx" call_pid="2036" call_name="1.exe" call_time="18:22:49.005">
	<exInfo_list count="4">
		<exInfo value="vaslauncher.exe" descr="父进程名"/>
		<exInfo value="208" descr="父进程ID"/>
		<exInfo value="&quot;C:\vastest\1.exe&quot; " descr="启动参数"/>
		<exInfo value="direct" descr="创建方式"/>
	</exInfo_list>
	</action>
 </action_list><action_list name="加载模块" level="1" descr="加载模块 HarddiskVolume1\WINDOWS\system32\advapi32.dll" times="0">
	<action field="start_boot" type="Memory" name="LoadLibrary" call_pid="2036" call_name="1.exe" call_time="18:22:49.124">
	<exInfo_list count="1">
		<exInfo value="HarddiskVolume1\WINDOWS\system32\advapi32.dll" descr="动态链接库"/>
	</exInfo_list>
	</action>
 </action_list><action_list name="加载模块" level="1" descr="加载模块 HarddiskVolume1\WINDOWS\system32\rpcrt4.dll" times="0">
	<action field="start_boot" type="Memory" name="LoadLibrary" call_pid="2036" call_name="1.exe" call_time="18:22:49.129">
	<exInfo_list count="1">
		<exInfo value="HarddiskVolume1\WINDOWS\system32\rpcrt4.dll" descr="动态链接库"/>
	</exInfo_list>
	</action>
 </action_list><action_list name="加载模块" level="1" descr="加载模块 HarddiskVolume1\WINDOWS\system32\secur32.dll" times="0">
	<action field="start_boot" type="Memory" name="LoadLibrary" call_pid="2036" call_name="1.exe" call_time="18:22:49.133">
	<exInfo_list count="1">
		<exInfo value="HarddiskVolume1\WINDOWS\system32\secur32.dll" descr="动态链接库"/>
	</exInfo_list>
	</action>
 </action_list><action_list name="加载模块" level="1" descr="加载模块 HarddiskVolume1\WINDOWS\system32\shell32.dll" times="0">
	<action field="start_boot" type="Memory" name="LoadLibrary" call_pid="2036" call_name="1.exe" call_time="18:22:49.167">
	<exInfo_list count="1">
		<exInfo value="HarddiskVolume1\WINDOWS\system32\shell32.dll" descr="动态链接库"/>
	</exInfo_list>
	</action>
 </action_list><action_list name="加载模块" level="1" descr="加载模块 HarddiskVolume1\WINDOWS\system32\gdi32.dll" times="0">
	<action field="start_boot" type="Memory" name="LoadLibrary" call_pid="2036" call_name="1.exe" call_time="18:22:49.172">
	<exInfo_list count="1">
		<exInfo value="HarddiskVolume1\WINDOWS\system32\gdi32.dll" descr="动态链接库"/>
	</exInfo_list>
	</action>
 </action_list><action_list name="加载模块" level="1" descr="加载模块 HarddiskVolume1\WINDOWS\system32\user32.dll" times="0">
	<action field="start_boot" type="Memory" name="LoadLibrary" call_pid="2036" call_name="1.exe" call_time="18:22:49.176">
	<exInfo_list count="1">
		<exInfo value="HarddiskVolume1\WINDOWS\system32\user32.dll" descr="动态链接库"/>
	</exInfo_list>
	</action>
 </action_list><action_list name="加载模块" level="1" descr="加载模块 HarddiskVolume1\WINDOWS\system32\msvcrt.dll" times="0">
	<action field="start_boot" type="Memory" name="LoadLibrary" call_pid="2036" call_name="1.exe" call_time="18:22:49.180">
	<exInfo_list count="1">
		<exInfo value="HarddiskVolume1\WINDOWS\system32\msvcrt.dll" descr="动态链接库"/>
	</exInfo_list>
	</action>
 </action_list><action_list name="加载模块" level="1" descr="加载模块 HarddiskVolume1\WINDOWS\system32\shlwapi.dll" times="0">
	<action field="start_boot" type="Memory" name="LoadLibrary" call_pid="2036" call_name="1.exe" call_time="18:22:49.196">
	<exInfo_list count="1">
		<exInfo value="HarddiskVolume1\WINDOWS\system32\shlwapi.dll" descr="动态链接库"/>
	</exInfo_list>
	</action>
 </action_list><action_list name="加载模块" level="1" descr="加载模块 HarddiskVolume1\WINDOWS\system32\imm32.dll" times="0">
	<action field="start_boot" type="Memory" name="LoadLibrary" call_pid="2036" call_name="1.exe" call_time="18:22:49.245">
	<exInfo_list count="1">
		<exInfo value="HarddiskVolume1\WINDOWS\system32\imm32.dll" descr="动态链接库"/>
	</exInfo_list>
	</action>
 </action_list><action_list name="加载模块" level="1" descr="加载模块 HarddiskVolume1\WINDOWS\system32\lpk.dll" times="0">
	<action field="start_boot" type="Memory" name="LoadLibrary" call_pid="2036" call_name="1.exe" call_time="18:22:49.274">
	<exInfo_list count="1">
		<exInfo value="HarddiskVolume1\WINDOWS\system32\lpk.dll" descr="动态链接库"/>
	</exInfo_list>
	</action>
 </action_list><action_list name="加载模块" level="1" descr="加载模块 HarddiskVolume1\WINDOWS\system32\usp10.dll" times="0">
	<action field="start_boot" type="Memory" name="LoadLibrary" call_pid="2036" call_name="1.exe" call_time="18:22:49.279">
	<exInfo_list count="1">
		<exInfo value="HarddiskVolume1\WINDOWS\system32\usp10.dll" descr="动态链接库"/>
	</exInfo_list>
	</action>
 </action_list><action_list name="加载模块" level="1" descr="加载模块 HarddiskVolume1\WINDOWS\WinSxS\x86_Microsoft.Windows.Common-Controls_6595b64144ccf1df_6.0.2600.5512_x-ww_35d4ce83\comctl32.dll" times="0">
	<action field="start_boot" type="Memory" name="LoadLibrary" call_pid="2036" call_name="1.exe" call_time="18:22:49.400">
	<exInfo_list count="1">
		<exInfo value="HarddiskVolume1\WINDOWS\WinSxS\x86_Microsoft.Windows.Common-Controls_6595b64144ccf1df_6.0.2600.5512_x-ww_35d4ce83\comctl32.dll" descr="动态链接库"/>
	</exInfo_list>
	</action>
 </action_list><action_list name="加载模块" level="1" descr="加载模块 HarddiskVolume1\WINDOWS\system32\comctl32.dll" times="0">
	<action field="start_boot" type="Memory" name="LoadLibrary" call_pid="2036" call_name="1.exe" call_time="18:22:49.499">
	<exInfo_list count="1">
		<exInfo value="HarddiskVolume1\WINDOWS\system32\comctl32.dll" descr="动态链接库"/>
	</exInfo_list>
	</action>
 </action_list><action_list name="加载模块" level="1" descr="加载模块 HarddiskVolume1\WINDOWS\system32\wininet.dll" times="0">
	<action field="start_boot" type="Memory" name="LoadLibrary" call_pid="2036" call_name="1.exe" call_time="18:22:49.552">
	<exInfo_list count="1">
		<exInfo value="HarddiskVolume1\WINDOWS\system32\wininet.dll" descr="动态链接库"/>
	</exInfo_list>
	</action>
 </action_list><action_list name="加载模块" level="1" descr="加载模块 HarddiskVolume1\WINDOWS\system32\crypt32.dll" times="0">
	<action field="start_boot" type="Memory" name="LoadLibrary" call_pid="2036" call_name="1.exe" call_time="18:22:49.556">
	<exInfo_list count="1">
		<exInfo value="HarddiskVolume1\WINDOWS\system32\crypt32.dll" descr="动态链接库"/>
	</exInfo_list>
	</action>
 </action_list><action_list name="加载模块" level="1" descr="加载模块 HarddiskVolume1\WINDOWS\system32\msasn1.dll" times="0">
	<action field="start_boot" type="Memory" name="LoadLibrary" call_pid="2036" call_name="1.exe" call_time="18:22:49.560">
	<exInfo_list count="1">
		<exInfo value="HarddiskVolume1\WINDOWS\system32\msasn1.dll" descr="动态链接库"/>
	</exInfo_list>
	</action>
 </action_list><action_list name="加载模块" level="1" descr="加载模块 HarddiskVolume1\WINDOWS\system32\oleaut32.dll" times="0">
	<action field="start_boot" type="Memory" name="LoadLibrary" call_pid="2036" call_name="1.exe" call_time="18:22:49.585">
	<exInfo_list count="1">
		<exInfo value="HarddiskVolume1\WINDOWS\system32\oleaut32.dll" descr="动态链接库"/>
	</exInfo_list>
	</action>
 </action_list><action_list name="加载模块" level="1" descr="加载模块 HarddiskVolume1\WINDOWS\system32\ole32.dll" times="0">
	<action field="start_boot" type="Memory" name="LoadLibrary" call_pid="2036" call_name="1.exe" call_time="18:22:49.597">
	<exInfo_list count="1">
		<exInfo value="HarddiskVolume1\WINDOWS\system32\ole32.dll" descr="动态链接库"/>
	</exInfo_list>
	</action>
 </action_list><action_list name="加载模块" level="1" descr="加载模块 HarddiskVolume1\WINDOWS\system32\ws2_32.dll" times="0">
	<action field="start_boot" type="Memory" name="LoadLibrary" call_pid="2036" call_name="1.exe" call_time="18:22:50.679">
	<exInfo_list count="1">
		<exInfo value="HarddiskVolume1\WINDOWS\system32\ws2_32.dll" descr="动态链接库"/>
	</exInfo_list>
	</action>
 </action_list><action_list name="加载模块" level="1" descr="加载模块 HarddiskVolume1\WINDOWS\system32\ws2help.dll" times="0">
	<action field="start_boot" type="Memory" name="LoadLibrary" call_pid="2036" call_name="1.exe" call_time="18:22:50.690">
	<exInfo_list count="1">
		<exInfo value="HarddiskVolume1\WINDOWS\system32\ws2help.dll" descr="动态链接库"/>
	</exInfo_list>
	</action>
 </action_list><action_list name="设置注册表中键值" level="2" descr="设置注册表中键 \REGISTRY\USER\S-1-5-21-117609710-838170752-515967899-1003\SOFTWARE\MICROSOFT\WINDOWS\CURRENTVERSION\EXPLORER\SHELL FOLDERS 的值 Cache" times="0">
	<action field="start_boot" type="Reg" name="SetKeyValue" call_pid="2036" call_name="1.exe" call_time="18:22:50.765">
	<exInfo_list count="2">
		<exInfo value="\REGISTRY\USER\S-1-5-21-117609710-838170752-515967899-1003\SOFTWARE\MICROSOFT\WINDOWS\CURRENTVERSION\EXPLORER\SHELL FOLDERS" descr="键名"/>
		<exInfo value="Cache" descr="键值"/>
	</exInfo_list>
	</action>
 </action_list><action_list name="设置注册表中键值" level="2" descr="设置注册表中键 \REGISTRY\MACHINE\SOFTWARE\MICROSOFT\WINDOWS\CURRENTVERSION\INTERNET SETTINGS\CACHE\PATHS 的值 Directory" times="0">
	<action field="start_boot" type="Reg" name="SetKeyValue" call_pid="2036" call_name="1.exe" call_time="18:22:50.771">
	<exInfo_list count="2">
		<exInfo value="\REGISTRY\MACHINE\SOFTWARE\MICROSOFT\WINDOWS\CURRENTVERSION\INTERNET SETTINGS\CACHE\PATHS" descr="键名"/>
		<exInfo value="Directory" descr="键值"/>
	</exInfo_list>
	</action>
 </action_list><action_list name="设置注册表中键值" level="2" descr="设置注册表中键 \REGISTRY\MACHINE\SOFTWARE\MICROSOFT\WINDOWS\CURRENTVERSION\INTERNET SETTINGS\CACHE\PATHS 的值 Paths" times="0">
	<action field="start_boot" type="Reg" name="SetKeyValue" call_pid="2036" call_name="1.exe" call_time="18:22:50.772">
	<exInfo_list count="2">
		<exInfo value="\REGISTRY\MACHINE\SOFTWARE\MICROSOFT\WINDOWS\CURRENTVERSION\INTERNET SETTINGS\CACHE\PATHS" descr="键名"/>
		<exInfo value="Paths" descr="键值"/>
	</exInfo_list>
	</action>
 </action_list><action_list name="设置注册表中键值" level="2" descr="设置注册表中键 \REGISTRY\MACHINE\SOFTWARE\MICROSOFT\WINDOWS\CURRENTVERSION\INTERNET SETTINGS\CACHE\PATHS\PATH1 的值 CachePath" times="0">
	<action field="start_boot" type="Reg" name="SetKeyValue" call_pid="2036" call_name="1.exe" call_time="18:22:50.773">
	<exInfo_list count="2">
		<exInfo value="\REGISTRY\MACHINE\SOFTWARE\MICROSOFT\WINDOWS\CURRENTVERSION\INTERNET SETTINGS\CACHE\PATHS\PATH1" descr="键名"/>
		<exInfo value="CachePath" descr="键值"/>
	</exInfo_list>
	</action>
 </action_list><action_list name="设置注册表中键值" level="2" descr="设置注册表中键 \REGISTRY\MACHINE\SOFTWARE\MICROSOFT\WINDOWS\CURRENTVERSION\INTERNET SETTINGS\CACHE\PATHS\PATH2 的值 CachePath" times="0">
	<action field="start_boot" type="Reg" name="SetKeyValue" call_pid="2036" call_name="1.exe" call_time="18:22:50.774">
	<exInfo_list count="2">
		<exInfo value="\REGISTRY\MACHINE\SOFTWARE\MICROSOFT\WINDOWS\CURRENTVERSION\INTERNET SETTINGS\CACHE\PATHS\PATH2" descr="键名"/>
		<exInfo value="CachePath" descr="键值"/>
	</exInfo_list>
	</action>
 </action_list><action_list name="设置注册表中键值" level="2" descr="设置注册表中键 \REGISTRY\MACHINE\SOFTWARE\MICROSOFT\WINDOWS\CURRENTVERSION\INTERNET SETTINGS\CACHE\PATHS\PATH3 的值 CachePath" times="0">
	<action field="start_boot" type="Reg" name="SetKeyValue" call_pid="2036" call_name="1.exe" call_time="18:22:50.775">
	<exInfo_list count="2">
		<exInfo value="\REGISTRY\MACHINE\SOFTWARE\MICROSOFT\WINDOWS\CURRENTVERSION\INTERNET SETTINGS\CACHE\PATHS\PATH3" descr="键名"/>
		<exInfo value="CachePath" descr="键值"/>
	</exInfo_list>
	</action>
 </action_list><action_list name="设置注册表中键值" level="2" descr="设置注册表中键 \REGISTRY\MACHINE\SOFTWARE\MICROSOFT\WINDOWS\CURRENTVERSION\INTERNET SETTINGS\CACHE\PATHS\PATH4 的值 CachePath" times="0">
	<action field="start_boot" type="Reg" name="SetKeyValue" call_pid="2036" call_name="1.exe" call_time="18:22:50.776">
	<exInfo_list count="2">
		<exInfo value="\REGISTRY\MACHINE\SOFTWARE\MICROSOFT\WINDOWS\CURRENTVERSION\INTERNET SETTINGS\CACHE\PATHS\PATH4" descr="键名"/>
		<exInfo value="CachePath" descr="键值"/>
	</exInfo_list>
	</action>
 </action_list><action_list name="设置注册表中键值" level="2" descr="设置注册表中键 \REGISTRY\MACHINE\SOFTWARE\MICROSOFT\WINDOWS\CURRENTVERSION\INTERNET SETTINGS\CACHE\PATHS\PATH1 的值 CacheLimit" times="0">
	<action field="start_boot" type="Reg" name="SetKeyValue" call_pid="2036" call_name="1.exe" call_time="18:22:50.777">
	<exInfo_list count="2">
		<exInfo value="\REGISTRY\MACHINE\SOFTWARE\MICROSOFT\WINDOWS\CURRENTVERSION\INTERNET SETTINGS\CACHE\PATHS\PATH1" descr="键名"/>
		<exInfo value="CacheLimit" descr="键值"/>
	</exInfo_list>
	</action>
 </action_list><action_list name="设置注册表中键值" level="2" descr="设置注册表中键 \REGISTRY\MACHINE\SOFTWARE\MICROSOFT\WINDOWS\CURRENTVERSION\INTERNET SETTINGS\CACHE\PATHS\PATH2 的值 CacheLimit" times="0">
	<action field="start_boot" type="Reg" name="SetKeyValue" call_pid="2036" call_name="1.exe" call_time="18:22:50.778">
	<exInfo_list count="2">
		<exInfo value="\REGISTRY\MACHINE\SOFTWARE\MICROSOFT\WINDOWS\CURRENTVERSION\INTERNET SETTINGS\CACHE\PATHS\PATH2" descr="键名"/>
		<exInfo value="CacheLimit" descr="键值"/>
	</exInfo_list>
	</action>
 </action_list><action_list name="设置注册表中键值" level="2" descr="设置注册表中键 \REGISTRY\MACHINE\SOFTWARE\MICROSOFT\WINDOWS\CURRENTVERSION\INTERNET SETTINGS\CACHE\PATHS\PATH3 的值 CacheLimit" times="0">
	<action field="start_boot" type="Reg" name="SetKeyValue" call_pid="2036" call_name="1.exe" call_time="18:22:50.779">
	<exInfo_list count="2">
		<exInfo value="\REGISTRY\MACHINE\SOFTWARE\MICROSOFT\WINDOWS\CURRENTVERSION\INTERNET SETTINGS\CACHE\PATHS\PATH3" descr="键名"/>
		<exInfo value="CacheLimit" descr="键值"/>
	</exInfo_list>
	</action>
 </action_list><action_list name="设置注册表中键值" level="2" descr="设置注册表中键 \REGISTRY\MACHINE\SOFTWARE\MICROSOFT\WINDOWS\CURRENTVERSION\INTERNET SETTINGS\CACHE\PATHS\PATH4 的值 CacheLimit" times="0">
	<action field="start_boot" type="Reg" name="SetKeyValue" call_pid="2036" call_name="1.exe" call_time="18:22:50.780">
	<exInfo_list count="2">
		<exInfo value="\REGISTRY\MACHINE\SOFTWARE\MICROSOFT\WINDOWS\CURRENTVERSION\INTERNET SETTINGS\CACHE\PATHS\PATH4" descr="键名"/>
		<exInfo value="CacheLimit" descr="键值"/>
	</exInfo_list>
	</action>
 </action_list><action_list name="设置注册表中键值" level="2" descr="设置注册表中键 \REGISTRY\USER\S-1-5-21-117609710-838170752-515967899-1003\SOFTWARE\MICROSOFT\WINDOWS\CURRENTVERSION\EXPLORER\SHELL FOLDERS 的值 Cookies" times="0">
	<action field="start_boot" type="Reg" name="SetKeyValue" call_pid="2036" call_name="1.exe" call_time="18:22:50.793">
	<exInfo_list count="2">
		<exInfo value="\REGISTRY\USER\S-1-5-21-117609710-838170752-515967899-1003\SOFTWARE\MICROSOFT\WINDOWS\CURRENTVERSION\EXPLORER\SHELL FOLDERS" descr="键名"/>
		<exInfo value="Cookies" descr="键值"/>
	</exInfo_list>
	</action>
 </action_list><action_list name="设置注册表中键值" level="2" descr="设置注册表中键 \REGISTRY\USER\S-1-5-21-117609710-838170752-515967899-1003\SOFTWARE\MICROSOFT\WINDOWS\CURRENTVERSION\EXPLORER\SHELL FOLDERS 的值 History" times="0">
	<action field="start_boot" type="Reg" name="SetKeyValue" call_pid="2036" call_name="1.exe" call_time="18:22:50.801">
	<exInfo_list count="2">
		<exInfo value="\REGISTRY\USER\S-1-5-21-117609710-838170752-515967899-1003\SOFTWARE\MICROSOFT\WINDOWS\CURRENTVERSION\EXPLORER\SHELL FOLDERS" descr="键名"/>
		<exInfo value="History" descr="键值"/>
	</exInfo_list>
	</action>
 </action_list><action_list name="检测分析环境" level="1" descr="通过 DiskOperation 技术检测虚拟机或调试器，逃避分析与查杀" times="0">
	<action field="start_boot" type="System" name="DetectDebugger" call_pid="2036" call_name="1.exe" call_time="18:22:50.816">
	<exInfo_list count="1">
		<exInfo value="DiskOperation" descr="技术手段"/>
	</exInfo_list>
	</action>
 </action_list><action_list name="检测分析环境" level="1" descr="通过 DiskOperation 技术检测虚拟机或调试器，逃避分析与查杀" times="0">
	<action field="start_boot" type="System" name="DetectDebugger" call_pid="2036" call_name="1.exe" call_time="18:22:50.833">
	<exInfo_list count="1">
		<exInfo value="DiskOperation" descr="技术手段"/>
	</exInfo_list>
	</action>
 </action_list><action_list name="检测分析环境" level="1" descr="通过 DiskOperation 技术检测虚拟机或调试器，逃避分析与查杀" times="0">
	<action field="start_boot" type="System" name="DetectDebugger" call_pid="2036" call_name="1.exe" call_time="18:22:50.849">
	<exInfo_list count="1">
		<exInfo value="DiskOperation" descr="技术手段"/>
	</exInfo_list>
	</action>
 </action_list><action_list name="检测分析环境" level="1" descr="通过 sleep(60s) 技术检测虚拟机或调试器，逃避分析与查杀" times="0">
	<action field="start_boot" type="System" name="DetectDebugger" call_pid="2036" call_name="1.exe" call_time="18:22:50.871">
	<exInfo_list count="1">
		<exInfo value="sleep(60s)" descr="技术手段"/>
	</exInfo_list>
	</action>
 </action_list><action_list name="加载模块" level="1" descr="加载模块 HarddiskVolume1\WINDOWS\system32\wsock32.dll" times="0">
	<action field="start_boot" type="Memory" name="LoadLibrary" call_pid="2036" call_name="1.exe" call_time="18:22:50.962">
	<exInfo_list count="1">
		<exInfo value="HarddiskVolume1\WINDOWS\system32\wsock32.dll" descr="动态链接库"/>
	</exInfo_list>
	</action>
 </action_list><action_list name="创建互斥量" level="2" descr="创建互斥量 REWT.2a 防止重复感染" times="0">
	<action field="start_boot" type="System" name="CreateMutex" call_pid="2036" call_name="1.exe" call_time="18:22:50.012">
	<exInfo_list count="1">
		<exInfo value="REWT.2a" descr="互斥量名"/>
	</exInfo_list>
	</action>
 </action_list><action_list name="加载模块" level="1" descr="加载模块 HarddiskVolume1\WINDOWS\system32\mswsock.dll" times="0">
	<action field="start_boot" type="Memory" name="LoadLibrary" call_pid="2036" call_name="1.exe" call_time="18:22:50.024">
	<exInfo_list count="1">
		<exInfo value="HarddiskVolume1\WINDOWS\system32\mswsock.dll" descr="动态链接库"/>
	</exInfo_list>
	</action>
 </action_list><action_list name="加载模块" level="1" descr="加载模块 HarddiskVolume1\WINDOWS\system32\dnsapi.dll" times="0">
	<action field="start_boot" type="Memory" name="LoadLibrary" call_pid="2036" call_name="1.exe" call_time="18:22:50.044">
	<exInfo_list count="1">
		<exInfo value="HarddiskVolume1\WINDOWS\system32\dnsapi.dll" descr="动态链接库"/>
	</exInfo_list>
	</action>
 </action_list><action_list name="检测分析环境" level="1" descr="通过 MemoryOperation 技术检测虚拟机或调试器，逃避分析与查杀" times="0">
	<action field="start_boot" type="System" name="DetectDebugger" call_pid="2036" call_name="1.exe" call_time="18:22:50.086">
	<exInfo_list count="1">
		<exInfo value="MemoryOperation" descr="技术手段"/>
	</exInfo_list>
	</action>
 </action_list><action_list name="加载模块" level="1" descr="加载模块 HarddiskVolume1\WINDOWS\system32\winrnr.dll" times="0">
	<action field="start_boot" type="Memory" name="LoadLibrary" call_pid="2036" call_name="1.exe" call_time="18:22:50.136">
	<exInfo_list count="1">
		<exInfo value="HarddiskVolume1\WINDOWS\system32\winrnr.dll" descr="动态链接库"/>
	</exInfo_list>
	</action>
 </action_list><action_list name="加载模块" level="1" descr="加载模块 HarddiskVolume1\WINDOWS\system32\wldap32.dll" times="0">
	<action field="start_boot" type="Memory" name="LoadLibrary" call_pid="2036" call_name="1.exe" call_time="18:22:50.148">
	<exInfo_list count="1">
		<exInfo value="HarddiskVolume1\WINDOWS\system32\wldap32.dll" descr="动态链接库"/>
	</exInfo_list>
	</action>
 </action_list><action_list name="加载模块" level="1" descr="加载模块 HarddiskVolume1\WINDOWS\system32\rasadhlp.dll" times="0">
	<action field="start_boot" type="Memory" name="LoadLibrary" call_pid="2036" call_name="1.exe" call_time="18:22:50.186">
	<exInfo_list count="1">
		<exInfo value="HarddiskVolume1\WINDOWS\system32\rasadhlp.dll" descr="动态链接库"/>
	</exInfo_list>
	</action>
 </action_list><action_list name="域名查询" level="3" descr="查询域名信息：localhost" times="0">
	<action field="start_boot" type="Network" name="QueryDNS" call_pid="2036" call_name="1.exe" call_time="18:22:50.017">
	<exInfo_list count="1">
		<exInfo value="localhost" descr="请求DNS名"/>
	</exInfo_list>
	</action>
 </action_list><action_list name="加载模块" level="1" descr="加载模块 HarddiskVolume1\WINDOWS\system32\hnetcfg.dll" times="0">
	<action field="start_boot" type="Memory" name="LoadLibrary" call_pid="2036" call_name="1.exe" call_time="18:22:50.205">
	<exInfo_list count="1">
		<exInfo value="HarddiskVolume1\WINDOWS\system32\hnetcfg.dll" descr="动态链接库"/>
	</exInfo_list>
	</action>
 </action_list><action_list name="加载模块" level="1" descr="加载模块 HarddiskVolume1\WINDOWS\system32\wshtcpip.dll" times="0">
	<action field="start_boot" type="Memory" name="LoadLibrary" call_pid="2036" call_name="1.exe" call_time="18:22:50.242">
	<exInfo_list count="1">
		<exInfo value="HarddiskVolume1\WINDOWS\system32\wshtcpip.dll" descr="动态链接库"/>
	</exInfo_list>
	</action>
 </action_list><action_list name="访问网络服务" level="3" descr="获取系统提供的socket服务" times="0">
	<action field="start_boot" type="Network" name="AccessSocketService" call_pid="2036" call_name="1.exe" call_time="18:22:50.202">
	<exInfo_list count="0">
	</exInfo_list>
	</action>
 </action_list><action_list name="创建到本机的网络连接" level="1" descr="连接到本机主机端口" times="0">
	<action field="start_boot" type="Network" name="connect" call_pid="2036" call_name="1.exe" call_time="18:22:50.256">
	<exInfo_list count="1">
		<exInfo value="127.0.0.1: 12100" descr="远程服务器Host"/>
	</exInfo_list>
	</action>
 </action_list><action_list name="域名查询" level="3" descr="查询域名信息：localhost" times="0">
	<action field="start_boot" type="Network" name="QueryDNS" call_pid="2036" call_name="1.exe" call_time="18:22:53.271">
	<exInfo_list count="1">
		<exInfo value="localhost" descr="请求DNS名"/>
	</exInfo_list>
	</action>
 </action_list><action_list name="访问网络服务" level="3" descr="获取系统提供的socket服务" times="0">
	<action field="start_boot" type="Network" name="AccessSocketService" call_pid="2036" call_name="1.exe" call_time="18:22:53.289">
	<exInfo_list count="0">
	</exInfo_list>
	</action>
 </action_list><action_list name="创建到本机的网络连接" level="1" descr="连接到本机主机端口" times="0">
	<action field="start_boot" type="Network" name="connect" call_pid="2036" call_name="1.exe" call_time="18:22:53.294">
	<exInfo_list count="1">
		<exInfo value="127.0.0.1: 12100" descr="远程服务器Host"/>
	</exInfo_list>
	</action>
 </action_list><action_list name="域名查询" level="3" descr="查询域名信息：localhost" times="0">
	<action field="start_boot" type="Network" name="QueryDNS" call_pid="2036" call_name="1.exe" call_time="18:22:56.307">
	<exInfo_list count="1">
		<exInfo value="localhost" descr="请求DNS名"/>
	</exInfo_list>
	</action>
 </action_list><action_list name="创建到本机的网络连接" level="1" descr="连接到本机主机端口" times="0">
	<action field="start_boot" type="Network" name="connect" call_pid="2036" call_name="1.exe" call_time="18:22:56.328">
	<exInfo_list count="1">
		<exInfo value="127.0.0.1: 12100" descr="远程服务器Host"/>
	</exInfo_list>
	</action>
 </action_list><action_list name="域名查询" level="3" descr="查询域名信息：localhost" times="0">
	<action field="start_boot" type="Network" name="QueryDNS" call_pid="2036" call_name="1.exe" call_time="18:23:00.341">
	<exInfo_list count="1">
		<exInfo value="localhost" descr="请求DNS名"/>
	</exInfo_list>
	</action>
 </action_list><action_list name="创建到本机的网络连接" level="1" descr="连接到本机主机端口" times="0">
	<action field="start_boot" type="Network" name="connect" call_pid="2036" call_name="1.exe" call_time="18:23:00.362">
	<exInfo_list count="1">
		<exInfo value="127.0.0.1: 12100" descr="远程服务器Host"/>
	</exInfo_list>
	</action>
 </action_list><action_list name="域名查询" level="3" descr="查询域名信息：localhost" times="0">
	<action field="start_boot" type="Network" name="QueryDNS" call_pid="2036" call_name="1.exe" call_time="18:23:03.375">
	<exInfo_list count="1">
		<exInfo value="localhost" descr="请求DNS名"/>
	</exInfo_list>
	</action>
 </action_list><action_list name="创建到本机的网络连接" level="1" descr="连接到本机主机端口" times="0">
	<action field="start_boot" type="Network" name="connect" call_pid="2036" call_name="1.exe" call_time="18:23:03.396">
	<exInfo_list count="1">
		<exInfo value="127.0.0.1: 12100" descr="远程服务器Host"/>
	</exInfo_list>
	</action>
 </action_list><action_list name="域名查询" level="3" descr="查询域名信息：localhost" times="0">
	<action field="start_boot" type="Network" name="QueryDNS" call_pid="2036" call_name="1.exe" call_time="18:23:04.409">
	<exInfo_list count="1">
		<exInfo value="localhost" descr="请求DNS名"/>
	</exInfo_list>
	</action>
 </action_list><action_list name="创建到本机的网络连接" level="1" descr="连接到本机主机端口" times="0">
	<action field="start_boot" type="Network" name="connect" call_pid="2036" call_name="1.exe" call_time="18:23:04.430">
	<exInfo_list count="1">
		<exInfo value="127.0.0.1: 12100" descr="远程服务器Host"/>
	</exInfo_list>
	</action>
 </action_list><action_list name="域名查询" level="3" descr="查询域名信息：localhost" times="0">
	<action field="start_boot" type="Network" name="QueryDNS" call_pid="2036" call_name="1.exe" call_time="18:23:05.443">
	<exInfo_list count="1">
		<exInfo value="localhost" descr="请求DNS名"/>
	</exInfo_list>
	</action>
 </action_list><action_list name="创建到本机的网络连接" level="1" descr="连接到本机主机端口" times="0">
	<action field="start_boot" type="Network" name="connect" call_pid="2036" call_name="1.exe" call_time="18:23:05.464">
	<exInfo_list count="1">
		<exInfo value="127.0.0.1: 12100" descr="远程服务器Host"/>
	</exInfo_list>
	</action>
 </action_list><action_list name="域名查询" level="3" descr="查询域名信息：localhost" times="0">
	<action field="start_boot" type="Network" name="QueryDNS" call_pid="2036" call_name="1.exe" call_time="18:23:06.477">
	<exInfo_list count="1">
		<exInfo value="localhost" descr="请求DNS名"/>
	</exInfo_list>
	</action>
 </action_list><action_list name="创建到本机的网络连接" level="1" descr="连接到本机主机端口" times="0">
	<action field="start_boot" type="Network" name="connect" call_pid="2036" call_name="1.exe" call_time="18:23:06.498">
	<exInfo_list count="1">
		<exInfo value="127.0.0.1: 12100" descr="远程服务器Host"/>
	</exInfo_list>
	</action>
 </action_list><action_list name="域名查询" level="3" descr="查询域名信息：localhost" times="0">
	<action field="start_boot" type="Network" name="QueryDNS" call_pid="2036" call_name="1.exe" call_time="18:23:07.511">
	<exInfo_list count="1">
		<exInfo value="localhost" descr="请求DNS名"/>
	</exInfo_list>
	</action>
 </action_list><action_list name="创建到本机的网络连接" level="1" descr="连接到本机主机端口" times="0">
	<action field="start_boot" type="Network" name="connect" call_pid="2036" call_name="1.exe" call_time="18:23:07.532">
	<exInfo_list count="1">
		<exInfo value="127.0.0.1: 12100" descr="远程服务器Host"/>
	</exInfo_list>
	</action>
 </action_list><action_list name="域名查询" level="3" descr="查询域名信息：localhost" times="0">
	<action field="start_boot" type="Network" name="QueryDNS" call_pid="2036" call_name="1.exe" call_time="18:23:08.545">
	<exInfo_list count="1">
		<exInfo value="localhost" descr="请求DNS名"/>
	</exInfo_list>
	</action>
 </action_list><action_list name="创建到本机的网络连接" level="1" descr="连接到本机主机端口" times="0">
	<action field="start_boot" type="Network" name="connect" call_pid="2036" call_name="1.exe" call_time="18:23:08.566">
	<exInfo_list count="1">
		<exInfo value="127.0.0.1: 12100" descr="远程服务器Host"/>
	</exInfo_list>
	</action>
 </action_list><action_list name="域名查询" level="3" descr="查询域名信息：localhost" times="0">
	<action field="start_boot" type="Network" name="QueryDNS" call_pid="2036" call_name="1.exe" call_time="18:23:10.579">
	<exInfo_list count="1">
		<exInfo value="localhost" descr="请求DNS名"/>
	</exInfo_list>
	</action>
 </action_list><action_list name="创建到本机的网络连接" level="1" descr="连接到本机主机端口" times="0">
	<action field="start_boot" type="Network" name="connect" call_pid="2036" call_name="1.exe" call_time="18:23:10.600">
	<exInfo_list count="1">
		<exInfo value="127.0.0.1: 12100" descr="远程服务器Host"/>
	</exInfo_list>
	</action>
 </action_list><action_list name="域名查询" level="3" descr="查询域名信息：localhost" times="0">
	<action field="start_boot" type="Network" name="QueryDNS" call_pid="2036" call_name="1.exe" call_time="18:23:11.613">
	<exInfo_list count="1">
		<exInfo value="localhost" descr="请求DNS名"/>
	</exInfo_list>
	</action>
 </action_list><action_list name="创建到本机的网络连接" level="1" descr="连接到本机主机端口" times="0">
	<action field="start_boot" type="Network" name="connect" call_pid="2036" call_name="1.exe" call_time="18:23:11.634">
	<exInfo_list count="1">
		<exInfo value="127.0.0.1: 12100" descr="远程服务器Host"/>
	</exInfo_list>
	</action>
 </action_list><action_list name="域名查询" level="3" descr="查询域名信息：localhost" times="0">
	<action field="start_boot" type="Network" name="QueryDNS" call_pid="2036" call_name="1.exe" call_time="18:23:12.647">
	<exInfo_list count="1">
		<exInfo value="localhost" descr="请求DNS名"/>
	</exInfo_list>
	</action>
 </action_list><action_list name="创建到本机的网络连接" level="1" descr="连接到本机主机端口" times="0">
	<action field="start_boot" type="Network" name="connect" call_pid="2036" call_name="1.exe" call_time="18:23:12.668">
	<exInfo_list count="1">
		<exInfo value="127.0.0.1: 12100" descr="远程服务器Host"/>
	</exInfo_list>
	</action>
 </action_list><action_list name="域名查询" level="3" descr="查询域名信息：localhost" times="0">
	<action field="start_boot" type="Network" name="QueryDNS" call_pid="2036" call_name="1.exe" call_time="18:23:13.681">
	<exInfo_list count="1">
		<exInfo value="localhost" descr="请求DNS名"/>
	</exInfo_list>
	</action>
 </action_list><action_list name="创建到本机的网络连接" level="1" descr="连接到本机主机端口" times="0">
	<action field="start_boot" type="Network" name="connect" call_pid="2036" call_name="1.exe" call_time="18:23:13.702">
	<exInfo_list count="1">
		<exInfo value="127.0.0.1: 12100" descr="远程服务器Host"/>
	</exInfo_list>
	</action>
 </action_list><action_list name="域名查询" level="3" descr="查询域名信息：localhost" times="0">
	<action field="start_boot" type="Network" name="QueryDNS" call_pid="2036" call_name="1.exe" call_time="18:23:14.715">
	<exInfo_list count="1">
		<exInfo value="localhost" descr="请求DNS名"/>
	</exInfo_list>
	</action>
 </action_list><action_list name="创建到本机的网络连接" level="1" descr="连接到本机主机端口" times="0">
	<action field="start_boot" type="Network" name="connect" call_pid="2036" call_name="1.exe" call_time="18:23:14.736">
	<exInfo_list count="1">
		<exInfo value="127.0.0.1: 12100" descr="远程服务器Host"/>
	</exInfo_list>
	</action>
 </action_list><action_list name="域名查询" level="3" descr="查询域名信息：localhost" times="0">
	<action field="start_boot" type="Network" name="QueryDNS" call_pid="2036" call_name="1.exe" call_time="18:23:15.749">
	<exInfo_list count="1">
		<exInfo value="localhost" descr="请求DNS名"/>
	</exInfo_list>
	</action>
 </action_list><action_list name="创建到本机的网络连接" level="1" descr="连接到本机主机端口" times="0">
	<action field="start_boot" type="Network" name="connect" call_pid="2036" call_name="1.exe" call_time="18:23:15.770">
	<exInfo_list count="1">
		<exInfo value="127.0.0.1: 12100" descr="远程服务器Host"/>
	</exInfo_list>
	</action>
 </action_list><action_list name="域名查询" level="3" descr="查询域名信息：localhost" times="0">
	<action field="start_boot" type="Network" name="QueryDNS" call_pid="2036" call_name="1.exe" call_time="18:23:16.783">
	<exInfo_list count="1">
		<exInfo value="localhost" descr="请求DNS名"/>
	</exInfo_list>
	</action>
 </action_list><action_list name="创建到本机的网络连接" level="1" descr="连接到本机主机端口" times="0">
	<action field="start_boot" type="Network" name="connect" call_pid="2036" call_name="1.exe" call_time="18:23:16.804">
	<exInfo_list count="1">
		<exInfo value="127.0.0.1: 12100" descr="远程服务器Host"/>
	</exInfo_list>
	</action>
 </action_list><action_list name="域名查询" level="3" descr="查询域名信息：localhost" times="0">
	<action field="start_boot" type="Network" name="QueryDNS" call_pid="2036" call_name="1.exe" call_time="18:23:18.817">
	<exInfo_list count="1">
		<exInfo value="localhost" descr="请求DNS名"/>
	</exInfo_list>
	</action>
 </action_list><action_list name="创建到本机的网络连接" level="1" descr="连接到本机主机端口" times="0">
	<action field="start_boot" type="Network" name="connect" call_pid="2036" call_name="1.exe" call_time="18:23:18.838">
	<exInfo_list count="1">
		<exInfo value="127.0.0.1: 12100" descr="远程服务器Host"/>
	</exInfo_list>
	</action>
 </action_list><action_list name="域名查询" level="3" descr="查询域名信息：localhost" times="0">
	<action field="start_boot" type="Network" name="QueryDNS" call_pid="2036" call_name="1.exe" call_time="18:23:19.851">
	<exInfo_list count="1">
		<exInfo value="localhost" descr="请求DNS名"/>
	</exInfo_list>
	</action>
 </action_list><action_list name="创建到本机的网络连接" level="1" descr="连接到本机主机端口" times="0">
	<action field="start_boot" type="Network" name="connect" call_pid="2036" call_name="1.exe" call_time="18:23:19.872">
	<exInfo_list count="1">
		<exInfo value="127.0.0.1: 12100" descr="远程服务器Host"/>
	</exInfo_list>
	</action>
 </action_list><action_list name="域名查询" level="3" descr="查询域名信息：localhost" times="0">
	<action field="start_boot" type="Network" name="QueryDNS" call_pid="2036" call_name="1.exe" call_time="18:23:20.885">
	<exInfo_list count="1">
		<exInfo value="localhost" descr="请求DNS名"/>
	</exInfo_list>
	</action>
 </action_list><action_list name="创建到本机的网络连接" level="1" descr="连接到本机主机端口" times="0">
	<action field="start_boot" type="Network" name="connect" call_pid="2036" call_name="1.exe" call_time="18:23:20.906">
	<exInfo_list count="1">
		<exInfo value="127.0.0.1: 12100" descr="远程服务器Host"/>
	</exInfo_list>
	</action>
 </action_list><action_list name="域名查询" level="3" descr="查询域名信息：localhost" times="0">
	<action field="start_boot" type="Network" name="QueryDNS" call_pid="2036" call_name="1.exe" call_time="18:23:21.919">
	<exInfo_list count="1">
		<exInfo value="localhost" descr="请求DNS名"/>
	</exInfo_list>
	</action>
 </action_list><action_list name="创建到本机的网络连接" level="1" descr="连接到本机主机端口" times="0">
	<action field="start_boot" type="Network" name="connect" call_pid="2036" call_name="1.exe" call_time="18:23:21.940">
	<exInfo_list count="1">
		<exInfo value="127.0.0.1: 12100" descr="远程服务器Host"/>
	</exInfo_list>
	</action>
 </action_list><action_list name="域名查询" level="3" descr="查询域名信息：localhost" times="0">
	<action field="start_boot" type="Network" name="QueryDNS" call_pid="2036" call_name="1.exe" call_time="18:23:22.953">
	<exInfo_list count="1">
		<exInfo value="localhost" descr="请求DNS名"/>
	</exInfo_list>
	</action>
 </action_list><action_list name="创建到本机的网络连接" level="1" descr="连接到本机主机端口" times="0">
	<action field="start_boot" type="Network" name="connect" call_pid="2036" call_name="1.exe" call_time="18:23:22.974">
	<exInfo_list count="1">
		<exInfo value="127.0.0.1: 12100" descr="远程服务器Host"/>
	</exInfo_list>
	</action>
 </action_list><action_list name="域名查询" level="3" descr="查询域名信息：localhost" times="0">
	<action field="start_boot" type="Network" name="QueryDNS" call_pid="2036" call_name="1.exe" call_time="18:23:23.987">
	<exInfo_list count="1">
		<exInfo value="localhost" descr="请求DNS名"/>
	</exInfo_list>
	</action>
 </action_list><action_list name="创建到本机的网络连接" level="1" descr="连接到本机主机端口" times="0">
	<action field="start_boot" type="Network" name="connect" call_pid="2036" call_name="1.exe" call_time="18:23:23.008">
	<exInfo_list count="1">
		<exInfo value="127.0.0.1: 12100" descr="远程服务器Host"/>
	</exInfo_list>
	</action>
 </action_list><action_list name="域名查询" level="3" descr="查询域名信息：localhost" times="0">
	<action field="start_boot" type="Network" name="QueryDNS" call_pid="2036" call_name="1.exe" call_time="18:23:24.021">
	<exInfo_list count="1">
		<exInfo value="localhost" descr="请求DNS名"/>
	</exInfo_list>
	</action>
 </action_list><action_list name="创建到本机的网络连接" level="1" descr="连接到本机主机端口" times="0">
	<action field="start_boot" type="Network" name="connect" call_pid="2036" call_name="1.exe" call_time="18:23:24.042">
	<exInfo_list count="1">
		<exInfo value="127.0.0.1: 12100" descr="远程服务器Host"/>
	</exInfo_list>
	</action>
 </action_list><action_list name="域名查询" level="3" descr="查询域名信息：localhost" times="0">
	<action field="start_boot" type="Network" name="QueryDNS" call_pid="2036" call_name="1.exe" call_time="18:23:25.055">
	<exInfo_list count="1">
		<exInfo value="localhost" descr="请求DNS名"/>
	</exInfo_list>
	</action>
 </action_list><action_list name="创建到本机的网络连接" level="1" descr="连接到本机主机端口" times="0">
	<action field="start_boot" type="Network" name="connect" call_pid="2036" call_name="1.exe" call_time="18:23:25.076">
	<exInfo_list count="1">
		<exInfo value="127.0.0.1: 12100" descr="远程服务器Host"/>
	</exInfo_list>
	</action>
 </action_list><action_list name="域名查询" level="3" descr="查询域名信息：localhost" times="0">
	<action field="start_boot" type="Network" name="QueryDNS" call_pid="2036" call_name="1.exe" call_time="18:23:26.089">
	<exInfo_list count="1">
		<exInfo value="localhost" descr="请求DNS名"/>
	</exInfo_list>
	</action>
 </action_list><action_list name="创建到本机的网络连接" level="1" descr="连接到本机主机端口" times="0">
	<action field="start_boot" type="Network" name="connect" call_pid="2036" call_name="1.exe" call_time="18:23:26.110">
	<exInfo_list count="1">
		<exInfo value="127.0.0.1: 12100" descr="远程服务器Host"/>
	</exInfo_list>
	</action>
 </action_list><action_list name="域名查询" level="3" descr="查询域名信息：localhost" times="0">
	<action field="start_boot" type="Network" name="QueryDNS" call_pid="2036" call_name="1.exe" call_time="18:23:27.123">
	<exInfo_list count="1">
		<exInfo value="localhost" descr="请求DNS名"/>
	</exInfo_list>
	</action>
 </action_list><action_list name="创建到本机的网络连接" level="1" descr="连接到本机主机端口" times="0">
	<action field="start_boot" type="Network" name="connect" call_pid="2036" call_name="1.exe" call_time="18:23:27.144">
	<exInfo_list count="1">
		<exInfo value="127.0.0.1: 12100" descr="远程服务器Host"/>
	</exInfo_list>
	</action>
 </action_list><action_list name="域名查询" level="3" descr="查询域名信息：localhost" times="0">
	<action field="start_boot" type="Network" name="QueryDNS" call_pid="2036" call_name="1.exe" call_time="18:23:28.157">
	<exInfo_list count="1">
		<exInfo value="localhost" descr="请求DNS名"/>
	</exInfo_list>
	</action>
 </action_list><action_list name="创建到本机的网络连接" level="1" descr="连接到本机主机端口" times="0">
	<action field="start_boot" type="Network" name="connect" call_pid="2036" call_name="1.exe" call_time="18:23:28.178">
	<exInfo_list count="1">
		<exInfo value="127.0.0.1: 12100" descr="远程服务器Host"/>
	</exInfo_list>
	</action>
 </action_list><action_list name="域名查询" level="3" descr="查询域名信息：localhost" times="0">
	<action field="start_boot" type="Network" name="QueryDNS" call_pid="2036" call_name="1.exe" call_time="18:23:29.191">
	<exInfo_list count="1">
		<exInfo value="localhost" descr="请求DNS名"/>
	</exInfo_list>
	</action>
 </action_list><action_list name="创建到本机的网络连接" level="1" descr="连接到本机主机端口" times="0">
	<action field="start_boot" type="Network" name="connect" call_pid="2036" call_name="1.exe" call_time="18:23:29.212">
	<exInfo_list count="1">
		<exInfo value="127.0.0.1: 12100" descr="远程服务器Host"/>
	</exInfo_list>
	</action>
 </action_list><action_list name="域名查询" level="3" descr="查询域名信息：localhost" times="0">
	<action field="start_boot" type="Network" name="QueryDNS" call_pid="2036" call_name="1.exe" call_time="18:23:30.225">
	<exInfo_list count="1">
		<exInfo value="localhost" descr="请求DNS名"/>
	</exInfo_list>
	</action>
 </action_list><action_list name="创建到本机的网络连接" level="1" descr="连接到本机主机端口" times="0">
	<action field="start_boot" type="Network" name="connect" call_pid="2036" call_name="1.exe" call_time="18:23:30.246">
	<exInfo_list count="1">
		<exInfo value="127.0.0.1: 12100" descr="远程服务器Host"/>
	</exInfo_list>
	</action>
 </action_list><action_list name="域名查询" level="3" descr="查询域名信息：localhost" times="0">
	<action field="start_boot" type="Network" name="QueryDNS" call_pid="2036" call_name="1.exe" call_time="18:23:31.259">
	<exInfo_list count="1">
		<exInfo value="localhost" descr="请求DNS名"/>
	</exInfo_list>
	</action>
 </action_list><action_list name="创建到本机的网络连接" level="1" descr="连接到本机主机端口" times="0">
	<action field="start_boot" type="Network" name="connect" call_pid="2036" call_name="1.exe" call_time="18:23:31.280">
	<exInfo_list count="1">
		<exInfo value="127.0.0.1: 12100" descr="远程服务器Host"/>
	</exInfo_list>
	</action>
 </action_list><action_list name="域名查询" level="3" descr="查询域名信息：localhost" times="0">
	<action field="start_boot" type="Network" name="QueryDNS" call_pid="2036" call_name="1.exe" call_time="18:23:32.293">
	<exInfo_list count="1">
		<exInfo value="localhost" descr="请求DNS名"/>
	</exInfo_list>
	</action>
 </action_list><action_list name="创建到本机的网络连接" level="1" descr="连接到本机主机端口" times="0">
	<action field="start_boot" type="Network" name="connect" call_pid="2036" call_name="1.exe" call_time="18:23:32.314">
	<exInfo_list count="1">
		<exInfo value="127.0.0.1: 12100" descr="远程服务器Host"/>
	</exInfo_list>
	</action>
 </action_list><action_list name="域名查询" level="3" descr="查询域名信息：localhost" times="0">
	<action field="start_boot" type="Network" name="QueryDNS" call_pid="2036" call_name="1.exe" call_time="18:23:33.327">
	<exInfo_list count="1">
		<exInfo value="localhost" descr="请求DNS名"/>
	</exInfo_list>
	</action>
 </action_list><action_list name="创建到本机的网络连接" level="1" descr="连接到本机主机端口" times="0">
	<action field="start_boot" type="Network" name="connect" call_pid="2036" call_name="1.exe" call_time="18:23:34.348">
	<exInfo_list count="1">
		<exInfo value="127.0.0.1: 12100" descr="远程服务器Host"/>
	</exInfo_list>
	</action>
 </action_list><action_list name="域名查询" level="3" descr="查询域名信息：localhost" times="0">
	<action field="start_boot" type="Network" name="QueryDNS" call_pid="2036" call_name="1.exe" call_time="18:23:35.361">
	<exInfo_list count="1">
		<exInfo value="localhost" descr="请求DNS名"/>
	</exInfo_list>
	</action>
 </action_list><action_list name="创建到本机的网络连接" level="1" descr="连接到本机主机端口" times="0">
	<action field="start_boot" type="Network" name="connect" call_pid="2036" call_name="1.exe" call_time="18:23:35.382">
	<exInfo_list count="1">
		<exInfo value="127.0.0.1: 12100" descr="远程服务器Host"/>
	</exInfo_list>
	</action>
 </action_list><action_list name="域名查询" level="3" descr="查询域名信息：localhost" times="0">
	<action field="start_boot" type="Network" name="QueryDNS" call_pid="2036" call_name="1.exe" call_time="18:23:36.395">
	<exInfo_list count="1">
		<exInfo value="localhost" descr="请求DNS名"/>
	</exInfo_list>
	</action>
 </action_list><action_list name="创建到本机的网络连接" level="1" descr="连接到本机主机端口" times="0">
	<action field="start_boot" type="Network" name="connect" call_pid="2036" call_name="1.exe" call_time="18:23:36.416">
	<exInfo_list count="1">
		<exInfo value="127.0.0.1: 12100" descr="远程服务器Host"/>
	</exInfo_list>
	</action>
 </action_list><action_list name="域名查询" level="3" descr="查询域名信息：localhost" times="0">
	<action field="start_boot" type="Network" name="QueryDNS" call_pid="2036" call_name="1.exe" call_time="18:23:37.429">
	<exInfo_list count="1">
		<exInfo value="localhost" descr="请求DNS名"/>
	</exInfo_list>
	</action>
 </action_list><action_list name="创建到本机的网络连接" level="1" descr="连接到本机主机端口" times="0">
	<action field="start_boot" type="Network" name="connect" call_pid="2036" call_name="1.exe" call_time="18:23:37.450">
	<exInfo_list count="1">
		<exInfo value="127.0.0.1: 12100" descr="远程服务器Host"/>
	</exInfo_list>
	</action>
 </action_list><action_list name="域名查询" level="3" descr="查询域名信息：localhost" times="0">
	<action field="start_boot" type="Network" name="QueryDNS" call_pid="2036" call_name="1.exe" call_time="18:23:38.463">
	<exInfo_list count="1">
		<exInfo value="localhost" descr="请求DNS名"/>
	</exInfo_list>
	</action>
 </action_list><action_list name="创建到本机的网络连接" level="1" descr="连接到本机主机端口" times="0">
	<action field="start_boot" type="Network" name="connect" call_pid="2036" call_name="1.exe" call_time="18:23:38.484">
	<exInfo_list count="1">
		<exInfo value="127.0.0.1: 12100" descr="远程服务器Host"/>
	</exInfo_list>
	</action>
 </action_list><action_list name="域名查询" level="3" descr="查询域名信息：localhost" times="0">
	<action field="start_boot" type="Network" name="QueryDNS" call_pid="2036" call_name="1.exe" call_time="18:23:39.497">
	<exInfo_list count="1">
		<exInfo value="localhost" descr="请求DNS名"/>
	</exInfo_list>
	</action>
 </action_list><action_list name="创建到本机的网络连接" level="1" descr="连接到本机主机端口" times="0">
	<action field="start_boot" type="Network" name="connect" call_pid="2036" call_name="1.exe" call_time="18:23:39.518">
	<exInfo_list count="1">
		<exInfo value="127.0.0.1: 12100" descr="远程服务器Host"/>
	</exInfo_list>
	</action>
 </action_list><action_list name="域名查询" level="3" descr="查询域名信息：localhost" times="0">
	<action field="start_boot" type="Network" name="QueryDNS" call_pid="2036" call_name="1.exe" call_time="18:23:40.531">
	<exInfo_list count="1">
		<exInfo value="localhost" descr="请求DNS名"/>
	</exInfo_list>
	</action>
 </action_list><action_list name="创建到本机的网络连接" level="1" descr="连接到本机主机端口" times="0">
	<action field="start_boot" type="Network" name="connect" call_pid="2036" call_name="1.exe" call_time="18:23:40.552">
	<exInfo_list count="1">
		<exInfo value="127.0.0.1: 12100" descr="远程服务器Host"/>
	</exInfo_list>
	</action>
 </action_list><action_list name="域名查询" level="3" descr="查询域名信息：localhost" times="0">
	<action field="start_boot" type="Network" name="QueryDNS" call_pid="2036" call_name="1.exe" call_time="18:23:41.565">
	<exInfo_list count="1">
		<exInfo value="localhost" descr="请求DNS名"/>
	</exInfo_list>
	</action>
 </action_list><action_list name="创建到本机的网络连接" level="1" descr="连接到本机主机端口" times="0">
	<action field="start_boot" type="Network" name="connect" call_pid="2036" call_name="1.exe" call_time="18:23:41.586">
	<exInfo_list count="1">
		<exInfo value="127.0.0.1: 12100" descr="远程服务器Host"/>
	</exInfo_list>
	</action>
 </action_list><action_list name="域名查询" level="3" descr="查询域名信息：localhost" times="0">
	<action field="start_boot" type="Network" name="QueryDNS" call_pid="2036" call_name="1.exe" call_time="18:23:42.599">
	<exInfo_list count="1">
		<exInfo value="localhost" descr="请求DNS名"/>
	</exInfo_list>
	</action>
 </action_list><action_list name="创建到本机的网络连接" level="1" descr="连接到本机主机端口" times="0">
	<action field="start_boot" type="Network" name="connect" call_pid="2036" call_name="1.exe" call_time="18:23:42.620">
	<exInfo_list count="1">
		<exInfo value="127.0.0.1: 12100" descr="远程服务器Host"/>
	</exInfo_list>
	</action>
 </action_list><action_list name="域名查询" level="3" descr="查询域名信息：localhost" times="0">
	<action field="start_boot" type="Network" name="QueryDNS" call_pid="2036" call_name="1.exe" call_time="18:23:43.633">
	<exInfo_list count="1">
		<exInfo value="localhost" descr="请求DNS名"/>
	</exInfo_list>
	</action>
 </action_list><action_list name="创建到本机的网络连接" level="1" descr="连接到本机主机端口" times="0">
	<action field="start_boot" type="Network" name="connect" call_pid="2036" call_name="1.exe" call_time="18:23:43.654">
	<exInfo_list count="1">
		<exInfo value="127.0.0.1: 12100" descr="远程服务器Host"/>
	</exInfo_list>
	</action>
 </action_list><action_list name="域名查询" level="3" descr="查询域名信息：localhost" times="0">
	<action field="start_boot" type="Network" name="QueryDNS" call_pid="2036" call_name="1.exe" call_time="18:23:44.667">
	<exInfo_list count="1">
		<exInfo value="localhost" descr="请求DNS名"/>
	</exInfo_list>
	</action>
 </action_list><action_list name="创建到本机的网络连接" level="1" descr="连接到本机主机端口" times="0">
	<action field="start_boot" type="Network" name="connect" call_pid="2036" call_name="1.exe" call_time="18:23:44.688">
	<exInfo_list count="1">
		<exInfo value="127.0.0.1: 12100" descr="远程服务器Host"/>
	</exInfo_list>
	</action>
 </action_list><action_list name="域名查询" level="3" descr="查询域名信息：localhost" times="0">
	<action field="start_boot" type="Network" name="QueryDNS" call_pid="2036" call_name="1.exe" call_time="18:23:45.701">
	<exInfo_list count="1">
		<exInfo value="localhost" descr="请求DNS名"/>
	</exInfo_list>
	</action>
 </action_list><action_list name="创建到本机的网络连接" level="1" descr="连接到本机主机端口" times="0">
	<action field="start_boot" type="Network" name="connect" call_pid="2036" call_name="1.exe" call_time="18:23:45.722">
	<exInfo_list count="1">
		<exInfo value="127.0.0.1: 12100" descr="远程服务器Host"/>
	</exInfo_list>
	</action>
 </action_list><action_list name="域名查询" level="3" descr="查询域名信息：localhost" times="0">
	<action field="start_boot" type="Network" name="QueryDNS" call_pid="2036" call_name="1.exe" call_time="18:23:46.735">
	<exInfo_list count="1">
		<exInfo value="localhost" descr="请求DNS名"/>
	</exInfo_list>
	</action>
 </action_list><action_list name="分析结束" level="-1" descr="动态分析结束" times="0">
	<action field="start_boot" type="System" name="AnalyzeStop" call_pid="0" call_name="" call_time="18:23:46.762">
	<exInfo_list count="0">
	</exInfo_list>
	</action>
 </action_list></file>