<?xml version="1.0" encoding="UTF-8"?> 

<file name="1.exe" 文件扩展名信息="  描述：Directly executable program   使用信息: DOS, OpenVMS, Microsoft Windows, Symbian or OS/2" sha1="a24f853baf22c634fecf01d7aacdcc94040cea87" md5="a82d2cc63a42598c6712fc6f7cf7ad9d" CRC32="ac94dcaa" SSDEEP="768:l5T9lYhzPNZ16T9SuH+nOi96Yo4OVnw0dJGjJxcLoI:PT9ylbYxBlfH40dJN" ImportHash="d0a04bfc28e94a190cfbb32e83eb7360" size="29484" type="exe" error="0" virusresult="Trojan-Spy.MSIL.KeyLogger.aml," vp_name="klo07" reportType="final" exiftool="File Name                       : 1.exe--list--File Size                       : 29 kB--list--File Modification Date/Time     : 2020:01:17 18:40:10+08:00--list--File Access Date/Time           : 2020:01:17 18:40:10+08:00--list--File Inode Change Date/Time     : 2020:01:17 18:40:10+08:00--list--File Type                       : Win32 EXE--list--File Type Extension             : exe--list--MIME Type                       : application/octet-stream--list--Machine Type                    : Intel 386 or later, and compatibles--list--Time Stamp                      : 2010:10:20 07:46:39+08:00--list--PE Type                         : PE32--list--Linker Version                  : 8.0--list--Code Size                       : 39936--list--Initialized Data Size           : 4608--list--Uninitialized Data Size         : 0--list--Entry Point                     : 0x18001--list--OS Version                      : 4.0--list--Image Version                   : 0.0--list--Subsystem Version               : 4.0--list--Subsystem                       : Windows GUI--list--Warning                         : Error processing PE data dictionary--list--" system="winxp" peinfo="加壳信息 :  ASPack v2.12--list--文件熵 :  7.663642 (可能存在加壳)--list--fpu反调试 :  未检测到--list--载入地址 :  正常的载入点--list--代码入口信息 :  可能是伪造入口--list--DOS stub : :  正常--list--TLS表信息 :  未发现--list--段信息 :  9 (太多)--list--资源段 :  可能存在自修改代码--list--代码段 :  可能存在自修改代码--list--重定位段 :  长度为0  可能存在自修改代码--list--.aspack 可能存在自修改代码--list--.adata 长度为0  可能存在自修改代码--list--.aspack 可能存在自修改代码--list--.adata 长度为0  可能存在自修改代码--list--.aspack 可能存在自修改代码--list--.adata 长度为0  可能存在自修改代码--list--时间戳 :  未见异常--list--ASLR ：  开启--list--DEP/NX ：  开启--list--SEH ：  未开启" AI_Scan="1" filetype="PE32 executable (GUI) Intel 80386, for MS Windows"><action_list name="分析开始" level="-1" descr="动态分析开始" times="0">
	<action field="start_boot" type="System" name="AnalyzeStart" call_pid="0" call_name="" call_time="18:40:25.000">
	<exInfo_list count="0">
	</exInfo_list>
	</action>
 </action_list><action_list name="分析引擎信息" level="-1" descr="12.6, 40, 2020-01-17_18:40:22==2020-01-17_18:40:25" times="0">
	<action field="start_boot" type="System" name="VasInfo" call_pid="0" call_name="" call_time="18:40:25.001">
	<exInfo_list count="3">
		<exInfo value="12.6" descr="分析引擎版本"/>
		<exInfo value="40" descr="最大并发数量"/>
		<exInfo value="2020-01-17_18:40:22==2020-01-17_18:40:25" descr="镜像加载耗时"/>
	</exInfo_list>
	</action>
 </action_list><action_list name="进程开始执行" level="1" descr="被 vasstarter.exe（1676）创建的进程开始执行" times="0">
	<action field="start_boot" type="Process" name="BeCreated" call_pid="208" call_name="vaslauncher.exe" call_time="18:40:26.002">
	<exInfo_list count="2">
		<exInfo value="vasstarter.exe" descr="父进程名"/>
		<exInfo value="1676" descr="父进程ID"/>
	</exInfo_list>
	</action>
 </action_list><action_list name="进程开始执行" level="1" descr="被 vasstarter.exe（1676）通过参数 D:\vaslauncher.exe 以 direct 方式创建的进程开始执行" times="0">
	<action field="start_boot" type="Process" name="BeCreatedEx" call_pid="208" call_name="vaslauncher.exe" call_time="18:40:26.003">
	<exInfo_list count="4">
		<exInfo value="vasstarter.exe" descr="父进程名"/>
		<exInfo value="1676" descr="父进程ID"/>
		<exInfo value="D:\vaslauncher.exe" descr="启动参数"/>
		<exInfo value="direct" descr="创建方式"/>
	</exInfo_list>
	</action>
 </action_list><action_list name="样本打开异常" level="2" descr="分析环境与样本格式不匹配" times="0">
	<action field="start_boot" type="Process" name="BadPeFormat" call_pid="0" call_name="0" call_time="0">
	<exInfo_list count="0">
	</exInfo_list>
	</action>
 </action_list><action_list name="分析结束" level="-1" descr="动态分析结束" times="0">
	<action field="start_boot" type="System" name="AnalyzeStop" call_pid="0" call_name="" call_time="18:41:25.004">
	<exInfo_list count="0">
	</exInfo_list>
	</action>
 </action_list></file>