<?xml version="1.0" encoding="UTF-8"?> 

<file name="classes.dex" 文件扩展名信息="  描述：Dalvik executable   使用信息: Android" sha1="b4dbb0583fe89f41773088bc3e8815b5ded0d6dc" md5="edd2e98ddb4272726fb7f967c0038647" CRC32="23cfe36b" SSDEEP="24576:FYw2KcW83TugRoTesiUJN/fEx2VfOSRo5Adz:FcKcW8igNsR7lOSRXdz" size="1941704" type="dex" error="0" virusresult="" vp_name="klo07" reportType="final" exiftool="File Name                       : classes.dex--list--File Size                       : 1896 kB--list--File Modification Date/Time     : 2020:06:19 12:11:04+08:00--list--File Access Date/Time           : 2020:06:19 12:11:04+08:00--list--File Inode Change Date/Time     : 2020:06:19 12:11:04+08:00--list--File Type                       : DEX--list--File Type Extension             : dex--list--MIME Type                       : application/octet-stream--list--Warning                         : Unsupported file type--list--" system="winxp" filetype="Dalvik dex file version 035"><action_list name="分析开始" level="-1" descr="动态分析开始" times="0">
	<action field="start_boot" type="System" name="AnalyzeStart" call_pid="0" call_name="" call_time="12:11:43.000">
	<exInfo_list count="0">
	</exInfo_list>
	</action>
 </action_list><action_list name="分析引擎信息" level="-1" descr="12.6, 40, 2020-06-19_12:11:40==2020-06-19_12:11:43" times="0">
	<action field="start_boot" type="System" name="VasInfo" call_pid="0" call_name="" call_time="12:11:43.001">
	<exInfo_list count="3">
		<exInfo value="12.6" descr="分析引擎版本"/>
		<exInfo value="40" descr="最大并发数量"/>
		<exInfo value="2020-06-19_12:11:40==2020-06-19_12:11:43" descr="镜像加载耗时"/>
	</exInfo_list>
	</action>
 </action_list><action_list name="进程开始执行" level="1" descr="被 vasstarter.exe（1676）创建的进程开始执行" times="0">
	<action field="start_boot" type="Process" name="BeCreated" call_pid="208" call_name="vaslauncher.exe" call_time="12:11:43.002">
	<exInfo_list count="2">
		<exInfo value="vasstarter.exe" descr="父进程名"/>
		<exInfo value="1676" descr="父进程ID"/>
	</exInfo_list>
	</action>
 </action_list><action_list name="进程开始执行" level="1" descr="被 vasstarter.exe（1676）通过参数 D:\vaslauncher.exe 以 direct 方式创建的进程开始执行" times="0">
	<action field="start_boot" type="Process" name="BeCreatedEx" call_pid="208" call_name="vaslauncher.exe" call_time="12:11:43.003">
	<exInfo_list count="4">
		<exInfo value="vasstarter.exe" descr="父进程名"/>
		<exInfo value="1676" descr="父进程ID"/>
		<exInfo value="D:\vaslauncher.exe" descr="启动参数"/>
		<exInfo value="direct" descr="创建方式"/>
	</exInfo_list>
	</action>
 </action_list><action_list name="样本打开异常" level="2" descr="分析环境与样本格式不匹配" times="0">
	<action field="start_boot" type="Process" name="BadPeFormat" call_pid="0" call_name="0" call_time="0">
	<exInfo_list count="0">
	</exInfo_list>
	</action>
 </action_list><action_list name="分析结束" level="-1" descr="动态分析结束" times="0">
	<action field="start_boot" type="System" name="AnalyzeStop" call_pid="0" call_name="" call_time="12:13:43.004">
	<exInfo_list count="0">
	</exInfo_list>
	</action>
 </action_list><action_list name="内嵌可疑代码" level="1" descr="偏移位置 0x0005bbfd 处内嵌可疑代码指令" times="0">
	<action field="shellcode" type="ShellcodeDetection" name="SuspectedShellcode" call_pid="-1" call_name="NULL" call_time="00:00:00.000">
	<exInfo_list count="2">
		<exInfo value="=== find suspicious shellcode-like instructions! --- offset: 0x0005bbfd ---0x0005bbfd: call 0x115f70x0006bc1e: pop ecx" descr="内嵌ShellCode"/>
		<exInfo value="0x0005bbfd" descr="偏移地址"/>
	</exInfo_list>
	</action>
 </action_list><action_list name="内嵌可疑代码" level="1" descr="偏移位置 0x0007cb95 处内嵌可疑代码指令" times="0">
	<action field="shellcode" type="ShellcodeDetection" name="SuspectedShellcode" call_pid="-1" call_name="NULL" call_time="00:00:00.000">
	<exInfo_list count="2">
		<exInfo value="=== find suspicious shellcode-like instructions! --- offset: 0x0007cb95 ---0x0007cb95: call 0x224bb0x0009cbb4: adc [eax], eax0x0009cbb6: add [eax], al0x0009cbb8: add al, [eax]0x0009cbba: add al, [eax]0x0009cbbc: add [eax], al0x0009cbbe: add [eax], al0x0009cbc0: add [eax], al0x0009cbc2: add [eax], al0x0009cbc4: add eax, [eax]0x0009cbc6: add [eax], al0x0009cbc8: pop ebx" descr="内嵌ShellCode"/>
		<exInfo value="0x0007cb95" descr="偏移地址"/>
	</exInfo_list>
	</action>
 </action_list><action_list name="内嵌可疑代码" level="1" descr="偏移位置 0x000de595 处内嵌可疑代码指令" times="0">
	<action field="shellcode" type="ShellcodeDetection" name="SuspectedShellcode" call_pid="-1" call_name="NULL" call_time="00:00:00.000">
	<exInfo_list count="2">
		<exInfo value="=== find suspicious shellcode-like instructions! --- offset: 0x000de595 ---0x000de595: call 0xd2b8e0x001ae59a: int30x001ae59b: test [gs:eax], edx0x001ae59e: cmp al, 0x4b0x001ae5a0: pop edx" descr="内嵌ShellCode"/>
		<exInfo value="0x000de595" descr="偏移地址"/>
	</exInfo_list>
	</action>
 </action_list><action_list name="内嵌可疑代码" level="1" descr="偏移位置 0x001537b7 处内嵌可疑代码指令" times="0">
	<action field="shellcode" type="ShellcodeDetection" name="SuspectedShellcode" call_pid="-1" call_name="NULL" call_time="00:00:00.000">
	<exInfo_list count="2">
		<exInfo value="=== find suspicious shellcode-like instructions! --- offset: 0x001537b7 ---0x001537b7: call 0x133fc0x001637bd: and cl, dh0x001637bf: cmp al, [eax+eax]0x001637c2: or al, 0x00x001637c4: pop ebx" descr="内嵌ShellCode"/>
		<exInfo value="0x001537b7" descr="偏移地址"/>
	</exInfo_list>
	</action>
 </action_list></file>