<?xml version="1.0" encoding="UTF-8"?> 

<file name="classes.dex" 文件扩展名信息="  描述：Dalvik executable   使用信息: Android" sha1="3d6be69426a8d166c815d6ec4721ceb420039417" md5="ff1c543d25f4253967e0da04807f5399" CRC32="a4bf1234" SSDEEP="24576:bSsNoDrPzr3/PZlVaFKdqjCaOBALOnxUouB1+dCVAuvwLw:bEDP5aFKdqjCaOCOnxUoq1+dCVAuvwL" size="2586408" type="dex" error="0" virusresult="" vp_name="klo07" reportType="final" exiftool="File Name                       : classes.dex--list--File Size                       : 2.5 MB--list--File Modification Date/Time     : 2020:06:19 12:28:44+08:00--list--File Access Date/Time           : 2020:06:19 12:28:44+08:00--list--File Inode Change Date/Time     : 2020:06:19 12:28:44+08:00--list--File Type                       : DEX--list--File Type Extension             : dex--list--MIME Type                       : application/octet-stream--list--Warning                         : Unsupported file type--list--" system="winxp" filetype="Dalvik dex file version 035"><action_list name="分析开始" level="-1" descr="动态分析开始" times="0">
	<action field="start_boot" type="System" name="AnalyzeStart" call_pid="0" call_name="" call_time="12:29:31.000">
	<exInfo_list count="0">
	</exInfo_list>
	</action>
 </action_list><action_list name="分析引擎信息" level="-1" descr="12.6, 40, 2020-06-19_12:29:28==2020-06-19_12:29:31" times="0">
	<action field="start_boot" type="System" name="VasInfo" call_pid="0" call_name="" call_time="12:29:31.001">
	<exInfo_list count="3">
		<exInfo value="12.6" descr="分析引擎版本"/>
		<exInfo value="40" descr="最大并发数量"/>
		<exInfo value="2020-06-19_12:29:28==2020-06-19_12:29:31" descr="镜像加载耗时"/>
	</exInfo_list>
	</action>
 </action_list><action_list name="进程开始执行" level="1" descr="被 vasstarter.exe（1676）创建的进程开始执行" times="0">
	<action field="start_boot" type="Process" name="BeCreated" call_pid="208" call_name="vaslauncher.exe" call_time="12:29:32.002">
	<exInfo_list count="2">
		<exInfo value="vasstarter.exe" descr="父进程名"/>
		<exInfo value="1676" descr="父进程ID"/>
	</exInfo_list>
	</action>
 </action_list><action_list name="进程开始执行" level="1" descr="被 vasstarter.exe（1676）通过参数 D:\vaslauncher.exe 以 direct 方式创建的进程开始执行" times="0">
	<action field="start_boot" type="Process" name="BeCreatedEx" call_pid="208" call_name="vaslauncher.exe" call_time="12:29:32.003">
	<exInfo_list count="4">
		<exInfo value="vasstarter.exe" descr="父进程名"/>
		<exInfo value="1676" descr="父进程ID"/>
		<exInfo value="D:\vaslauncher.exe" descr="启动参数"/>
		<exInfo value="direct" descr="创建方式"/>
	</exInfo_list>
	</action>
 </action_list><action_list name="样本打开异常" level="2" descr="分析环境与样本格式不匹配" times="0">
	<action field="start_boot" type="Process" name="BadPeFormat" call_pid="0" call_name="0" call_time="0">
	<exInfo_list count="0">
	</exInfo_list>
	</action>
 </action_list><action_list name="分析结束" level="-1" descr="动态分析结束" times="0">
	<action field="start_boot" type="System" name="AnalyzeStop" call_pid="0" call_name="" call_time="12:31:31.004">
	<exInfo_list count="0">
	</exInfo_list>
	</action>
 </action_list><action_list name="内嵌可疑代码" level="1" descr="偏移位置 0x00045072 处内嵌可疑代码指令" times="0">
	<action field="shellcode" type="ShellcodeDetection" name="SuspectedShellcode" call_pid="-1" call_name="NULL" call_time="00:00:00.000">
	<exInfo_list count="2">
		<exInfo value="=== find suspicious shellcode-like instructions! --- offset: 0x00045072 ---0x00045072: call 0x1cf6820x00213177: dec ebp0x00213178: pop edi" descr="内嵌ShellCode"/>
		<exInfo value="0x00045072" descr="偏移地址"/>
	</exInfo_list>
	</action>
 </action_list><action_list name="内嵌可疑代码" level="1" descr="偏移位置 0x000452ba 处内嵌可疑代码指令" times="0">
	<action field="shellcode" type="ShellcodeDetection" name="SuspectedShellcode" call_pid="-1" call_name="NULL" call_time="00:00:00.000">
	<exInfo_list count="2">
		<exInfo value="=== find suspicious shellcode-like instructions! --- offset: 0x000452ba ---0x000452ba: call 0x1cf6930x002133bf: inc ebx0x002133c0: inc edx0x002133c1: inc ebx0x002133c2: pop edi" descr="内嵌ShellCode"/>
		<exInfo value="0x000452ba" descr="偏移地址"/>
	</exInfo_list>
	</action>
 </action_list><action_list name="内嵌可疑代码" level="1" descr="偏移位置 0x000457ea 处内嵌可疑代码指令" times="0">
	<action field="shellcode" type="ShellcodeDetection" name="SuspectedShellcode" call_pid="-1" call_name="NULL" call_time="00:00:00.000">
	<exInfo_list count="2">
		<exInfo value="=== find suspicious shellcode-like instructions! --- offset: 0x000457ea ---0x000457ea: call 0x1cf6f30x002138ef: pop edi" descr="内嵌ShellCode"/>
		<exInfo value="0x000457ea" descr="偏移地址"/>
	</exInfo_list>
	</action>
 </action_list><action_list name="内嵌可疑代码" level="1" descr="偏移位置 0x00046052 处内嵌可疑代码指令" times="0">
	<action field="shellcode" type="ShellcodeDetection" name="SuspectedShellcode" call_pid="-1" call_name="NULL" call_time="00:00:00.000">
	<exInfo_list count="2">
		<exInfo value="=== find suspicious shellcode-like instructions! --- offset: 0x00046052 ---0x00046052: call 0x1cf8200x00214162: pop edi" descr="内嵌ShellCode"/>
		<exInfo value="0x00046052" descr="偏移地址"/>
	</exInfo_list>
	</action>
 </action_list></file>