<?xml version="1.0" encoding="UTF-8"?> 

<file name="kew/nasty private lolz.exe" 文件扩展名信息="  描述：Directly executable program   使用信息: DOS, OpenVMS, Microsoft Windows, Symbian or OS/2" sha1="b0429825cbb607155d73e10e9810c1abc3c480cb" md5="e098af6cd0d4fcabd6a2a000356a65f5" CRC32="51274b17" SSDEEP="6144:xGcUPvojYv0E8HKPGCyCj4Mp2G63++Ss75/pEhltwiTKwj/GYYcaCI:xIvH0wPGs4MqpL5RUkiTNjgcv" ImportHash="6181edf3b609a92f844c80303d176200" size="315904" type="exe" error="0" virusresult="" vp_name="klo07" reportType="final" exiftool="File Name                       : nasty private lolz.exe--list--File Size                       : 308 kB--list--File Modification Date/Time     : 2020:06:19 13:08:28+08:00--list--File Access Date/Time           : 2020:06:19 13:08:28+08:00--list--File Inode Change Date/Time     : 2020:06:19 13:08:28+08:00--list--File Type                       : Win32 EXE--list--File Type Extension             : exe--list--MIME Type                       : application/octet-stream--list--Machine Type                    : Intel 386 or later, and compatibles--list--Time Stamp                      : 2016:03:26 00:02:02+08:00--list--PE Type                         : PE32--list--Linker Version                  : 14.0--list--Code Size                       : 222208--list--Initialized Data Size           : 97280--list--Uninitialized Data Size         : 0--list--Entry Point                     : 0x8ac1--list--OS Version                      : 6.0--list--Image Version                   : 0.0--list--Subsystem Version               : 6.0--list--Subsystem                       : Windows command line--list--" system="winxp" peinfo="加壳信息 :  未发现加壳--list--文件熵 :  6.496639 (正常)--list--fpu反调试 :  未检测到--list--载入地址 :  正常的载入点--list--代码入口信息 :  正常的入口--list--DOS stub : :  正常--list--TLS表信息 :  发现 - 不包含函数--list--段信息 :  7--list--代码段 :  未见异常--list--只读数据段 :  未见异常--list--数据段 :  未见异常--list--.gfids 未见异常--list--.tls 可疑的名称  长度过小--list--资源段 :  长度过小--list--重定位段 :  未见异常--list--时间戳 :  未见异常--list--ASLR ：  开启--list--DEP/NX ：  开启--list--SEH ：  开启" AI_Scan="1" filetype="PE32 executable (console) Intel 80386, for MS Windows"><action_list name="分析开始" level="-1" descr="动态分析开始" times="0">
	<action field="start_boot" type="System" name="AnalyzeStart" call_pid="0" call_name="" call_time="13:08:44.000">
	<exInfo_list count="0">
	</exInfo_list>
	</action>
 </action_list><action_list name="分析引擎信息" level="-1" descr="12.6, 40, 2020-06-19_13:08:39==2020-06-19_13:08:44" times="0">
	<action field="start_boot" type="System" name="VasInfo" call_pid="0" call_name="" call_time="13:08:44.001">
	<exInfo_list count="3">
		<exInfo value="12.6" descr="分析引擎版本"/>
		<exInfo value="40" descr="最大并发数量"/>
		<exInfo value="2020-06-19_13:08:39==2020-06-19_13:08:44" descr="镜像加载耗时"/>
	</exInfo_list>
	</action>
 </action_list><action_list name="进程开始执行" level="1" descr="被 vasstarter.exe（1676）创建的进程开始执行" times="0">
	<action field="start_boot" type="Process" name="BeCreated" call_pid="208" call_name="vaslauncher.exe" call_time="13:08:44.002">
	<exInfo_list count="2">
		<exInfo value="vasstarter.exe" descr="父进程名"/>
		<exInfo value="1676" descr="父进程ID"/>
	</exInfo_list>
	</action>
 </action_list><action_list name="进程开始执行" level="1" descr="被 vasstarter.exe（1676）通过参数 D:\vaslauncher.exe 以 direct 方式创建的进程开始执行" times="0">
	<action field="start_boot" type="Process" name="BeCreatedEx" call_pid="208" call_name="vaslauncher.exe" call_time="13:08:44.003">
	<exInfo_list count="4">
		<exInfo value="vasstarter.exe" descr="父进程名"/>
		<exInfo value="1676" descr="父进程ID"/>
		<exInfo value="D:\vaslauncher.exe" descr="启动参数"/>
		<exInfo value="direct" descr="创建方式"/>
	</exInfo_list>
	</action>
 </action_list><action_list name="样本打开异常" level="2" descr="分析环境与样本格式不匹配" times="0">
	<action field="start_boot" type="Process" name="BadPeFormat" call_pid="0" call_name="0" call_time="0">
	<exInfo_list count="0">
	</exInfo_list>
	</action>
 </action_list><action_list name="分析结束" level="-1" descr="动态分析结束" times="0">
	<action field="start_boot" type="System" name="AnalyzeStop" call_pid="0" call_name="" call_time="13:09:44.004">
	<exInfo_list count="0">
	</exInfo_list>
	</action>
 </action_list></file>