<?xml version="1.0" encoding="UTF-8"?> 

<file name="Scan_TT_Form_0986.exe" 文件扩展名信息="  描述：Directly executable program   使用信息: DOS, OpenVMS, Microsoft Windows, Symbian or OS/2" sha1="672efb2fb2cd0bf87afe29a2dde41204eac136a6" md5="58148cfafca9b0f05f92b44a1866e924" CRC32="ce47a8ee" SSDEEP="12288:r7dWoLZA0Vko59bJAwVKGAYBucNRMJuRGPKvzDCoXgfVqHi0Fi:lrLTkc9fVSYdTsuRGPKvzWoQtqHi0Q" ImportHash="635d8f14b1573ef8d5027a66b1200ed2" size="693248" type="exe" error="0" virusresult="" vp_name="klo07" reportType="final" exiftool="File Name                       : Scan_TT_Form_0986.exe--list--File Size                       : 677 kB--list--File Modification Date/Time     : 2020:06:19 13:19:58+08:00--list--File Access Date/Time           : 2020:06:19 13:19:58+08:00--list--File Inode Change Date/Time     : 2020:06:19 13:19:58+08:00--list--File Type                       : Win32 EXE--list--File Type Extension             : exe--list--MIME Type                       : application/octet-stream--list--Machine Type                    : Intel 386 or later, and compatibles--list--Time Stamp                      : 1992:06:17 13:48:48+08:00--list--PE Type                         : PE32--list--Linker Version                  : 2.25--list--Code Size                       : 498688--list--Initialized Data Size           : 193536--list--Uninitialized Data Size         : 0--list--Entry Point                     : 0x7aa54--list--OS Version                      : 4.0--list--Image Version                   : 0.0--list--Subsystem Version               : 4.0--list--Subsystem                       : Windows GUI--list--" system="winxp" peinfo="加壳信息 :  BobSoft Mini Delphi -&amp;gt; BoB / BobSoft--list--文件熵 :  6.845560 (正常)--list--fpu反调试 :  未检测到--list--载入地址 :  正常的载入点--list--代码入口信息 :  正常的入口--list--DOS stub : :  可疑--list--TLS表信息 :  发现 - 不包含函数--list--段信息 :  8--list--CODE 可疑的名称--list--DATA 可疑的名称--list--BSS 可疑的名称  长度为0--list--输入表段 :  未见异常--list--.tls 可疑的名称  长度为0--list--只读数据段 :  长度过小--list--重定位段 :  未见异常--list--资源段 :  未见异常--list--时间戳 :  过时的时间戳（2000年以前）--list--ASLR ：  未开启--list--DEP/NX ：  未开启--list--SEH ：  开启" AI_Scan="1" filetype="PE32 executable (GUI) Intel 80386, for MS Windows"><action_list name="分析开始" level="-1" descr="动态分析开始" times="0">
	<action field="start_boot" type="System" name="AnalyzeStart" call_pid="0" call_name="" call_time="13:20:20.000">
	<exInfo_list count="0">
	</exInfo_list>
	</action>
 </action_list><action_list name="分析引擎信息" level="-1" descr="12.6, 40, 2020-06-19_13:20:17==2020-06-19_13:20:20" times="0">
	<action field="start_boot" type="System" name="VasInfo" call_pid="0" call_name="" call_time="13:20:20.001">
	<exInfo_list count="3">
		<exInfo value="12.6" descr="分析引擎版本"/>
		<exInfo value="40" descr="最大并发数量"/>
		<exInfo value="2020-06-19_13:20:17==2020-06-19_13:20:20" descr="镜像加载耗时"/>
	</exInfo_list>
	</action>
 </action_list><action_list name="进程开始执行" level="1" descr="被 vasstarter.exe（1676）创建的进程开始执行" times="0">
	<action field="start_boot" type="Process" name="BeCreated" call_pid="208" call_name="vaslauncher.exe" call_time="13:20:20.002">
	<exInfo_list count="2">
		<exInfo value="vasstarter.exe" descr="父进程名"/>
		<exInfo value="1676" descr="父进程ID"/>
	</exInfo_list>
	</action>
 </action_list><action_list name="进程开始执行" level="1" descr="被 vasstarter.exe（1676）通过参数 D:\vaslauncher.exe 以 direct 方式创建的进程开始执行" times="0">
	<action field="start_boot" type="Process" name="BeCreatedEx" call_pid="208" call_name="vaslauncher.exe" call_time="13:20:20.003">
	<exInfo_list count="4">
		<exInfo value="vasstarter.exe" descr="父进程名"/>
		<exInfo value="1676" descr="父进程ID"/>
		<exInfo value="D:\vaslauncher.exe" descr="启动参数"/>
		<exInfo value="direct" descr="创建方式"/>
	</exInfo_list>
	</action>
 </action_list><action_list name="进程开始执行" level="1" descr="被 vaslauncher.exe（208）创建的进程开始执行" times="0">
	<action field="start_boot" type="Process" name="BeCreated" call_pid="2036" call_name="Scan_TT_Form_0986.exe" call_time="13:20:23.004">
	<exInfo_list count="2">
		<exInfo value="vaslauncher.exe" descr="父进程名"/>
		<exInfo value="208" descr="父进程ID"/>
	</exInfo_list>
	</action>
 </action_list><action_list name="进程开始执行" level="1" descr="被 vaslauncher.exe（208）通过参数 &quot;C:\vastest\Scan_TT_Form_0986.exe&quot;  以 direct 方式创建的进程开始执行" times="0">
	<action field="start_boot" type="Process" name="BeCreatedEx" call_pid="2036" call_name="Scan_TT_Form_0986.exe" call_time="13:20:23.005">
	<exInfo_list count="4">
		<exInfo value="vaslauncher.exe" descr="父进程名"/>
		<exInfo value="208" descr="父进程ID"/>
		<exInfo value="&quot;C:\vastest\Scan_TT_Form_0986.exe&quot; " descr="启动参数"/>
		<exInfo value="direct" descr="创建方式"/>
	</exInfo_list>
	</action>
 </action_list><action_list name="脱壳" level="2" descr="代码自解压，逃避分析与查杀" times="0">
	<action field="start_boot" type="Memory" name="UnpackSelf" call_pid="2036" call_name="Scan_TT_Form_0986.exe" call_time="13:20:23.006">
	<exInfo_list count="0">
	</exInfo_list>
	</action>
 </action_list><action_list name="加载模块" level="1" descr="加载模块 HarddiskVolume1\WINDOWS\system32\user32.dll" times="0">
	<action field="start_boot" type="Memory" name="LoadLibrary" call_pid="2036" call_name="Scan_TT_Form_0986.exe" call_time="13:20:23.086">
	<exInfo_list count="1">
		<exInfo value="HarddiskVolume1\WINDOWS\system32\user32.dll" descr="动态链接库"/>
	</exInfo_list>
	</action>
 </action_list><action_list name="加载模块" level="1" descr="加载模块 HarddiskVolume1\WINDOWS\system32\gdi32.dll" times="0">
	<action field="start_boot" type="Memory" name="LoadLibrary" call_pid="2036" call_name="Scan_TT_Form_0986.exe" call_time="13:20:23.090">
	<exInfo_list count="1">
		<exInfo value="HarddiskVolume1\WINDOWS\system32\gdi32.dll" descr="动态链接库"/>
	</exInfo_list>
	</action>
 </action_list><action_list name="加载模块" level="1" descr="加载模块 HarddiskVolume1\WINDOWS\system32\advapi32.dll" times="0">
	<action field="start_boot" type="Memory" name="LoadLibrary" call_pid="2036" call_name="Scan_TT_Form_0986.exe" call_time="13:20:23.103">
	<exInfo_list count="1">
		<exInfo value="HarddiskVolume1\WINDOWS\system32\advapi32.dll" descr="动态链接库"/>
	</exInfo_list>
	</action>
 </action_list><action_list name="加载模块" level="1" descr="加载模块 HarddiskVolume1\WINDOWS\system32\rpcrt4.dll" times="0">
	<action field="start_boot" type="Memory" name="LoadLibrary" call_pid="2036" call_name="Scan_TT_Form_0986.exe" call_time="13:20:23.107">
	<exInfo_list count="1">
		<exInfo value="HarddiskVolume1\WINDOWS\system32\rpcrt4.dll" descr="动态链接库"/>
	</exInfo_list>
	</action>
 </action_list><action_list name="加载模块" level="1" descr="加载模块 HarddiskVolume1\WINDOWS\system32\secur32.dll" times="0">
	<action field="start_boot" type="Memory" name="LoadLibrary" call_pid="2036" call_name="Scan_TT_Form_0986.exe" call_time="13:20:23.111">
	<exInfo_list count="1">
		<exInfo value="HarddiskVolume1\WINDOWS\system32\secur32.dll" descr="动态链接库"/>
	</exInfo_list>
	</action>
 </action_list><action_list name="加载模块" level="1" descr="加载模块 HarddiskVolume1\WINDOWS\system32\oleaut32.dll" times="0">
	<action field="start_boot" type="Memory" name="LoadLibrary" call_pid="2036" call_name="Scan_TT_Form_0986.exe" call_time="13:20:23.123">
	<exInfo_list count="1">
		<exInfo value="HarddiskVolume1\WINDOWS\system32\oleaut32.dll" descr="动态链接库"/>
	</exInfo_list>
	</action>
 </action_list><action_list name="加载模块" level="1" descr="加载模块 HarddiskVolume1\WINDOWS\system32\msvcrt.dll" times="0">
	<action field="start_boot" type="Memory" name="LoadLibrary" call_pid="2036" call_name="Scan_TT_Form_0986.exe" call_time="13:20:23.127">
	<exInfo_list count="1">
		<exInfo value="HarddiskVolume1\WINDOWS\system32\msvcrt.dll" descr="动态链接库"/>
	</exInfo_list>
	</action>
 </action_list><action_list name="加载模块" level="1" descr="加载模块 HarddiskVolume1\WINDOWS\system32\ole32.dll" times="0">
	<action field="start_boot" type="Memory" name="LoadLibrary" call_pid="2036" call_name="Scan_TT_Form_0986.exe" call_time="13:20:23.144">
	<exInfo_list count="1">
		<exInfo value="HarddiskVolume1\WINDOWS\system32\ole32.dll" descr="动态链接库"/>
	</exInfo_list>
	</action>
 </action_list><action_list name="加载模块" level="1" descr="加载模块 HarddiskVolume1\WINDOWS\system32\version.dll" times="0">
	<action field="start_boot" type="Memory" name="LoadLibrary" call_pid="2036" call_name="Scan_TT_Form_0986.exe" call_time="13:20:23.170">
	<exInfo_list count="1">
		<exInfo value="HarddiskVolume1\WINDOWS\system32\version.dll" descr="动态链接库"/>
	</exInfo_list>
	</action>
 </action_list><action_list name="加载模块" level="1" descr="加载模块 HarddiskVolume1\WINDOWS\system32\comctl32.dll" times="0">
	<action field="start_boot" type="Memory" name="LoadLibrary" call_pid="2036" call_name="Scan_TT_Form_0986.exe" call_time="13:20:23.198">
	<exInfo_list count="1">
		<exInfo value="HarddiskVolume1\WINDOWS\system32\comctl32.dll" descr="动态链接库"/>
	</exInfo_list>
	</action>
 </action_list><action_list name="加载模块" level="1" descr="加载模块 HarddiskVolume1\WINDOWS\system32\comdlg32.dll" times="0">
	<action field="start_boot" type="Memory" name="LoadLibrary" call_pid="2036" call_name="Scan_TT_Form_0986.exe" call_time="13:20:23.207">
	<exInfo_list count="1">
		<exInfo value="HarddiskVolume1\WINDOWS\system32\comdlg32.dll" descr="动态链接库"/>
	</exInfo_list>
	</action>
 </action_list><action_list name="加载模块" level="1" descr="加载模块 HarddiskVolume1\WINDOWS\system32\shell32.dll" times="0">
	<action field="start_boot" type="Memory" name="LoadLibrary" call_pid="2036" call_name="Scan_TT_Form_0986.exe" call_time="13:20:23.217">
	<exInfo_list count="1">
		<exInfo value="HarddiskVolume1\WINDOWS\system32\shell32.dll" descr="动态链接库"/>
	</exInfo_list>
	</action>
 </action_list><action_list name="加载模块" level="1" descr="加载模块 HarddiskVolume1\WINDOWS\system32\shlwapi.dll" times="0">
	<action field="start_boot" type="Memory" name="LoadLibrary" call_pid="2036" call_name="Scan_TT_Form_0986.exe" call_time="13:20:23.229">
	<exInfo_list count="1">
		<exInfo value="HarddiskVolume1\WINDOWS\system32\shlwapi.dll" descr="动态链接库"/>
	</exInfo_list>
	</action>
 </action_list><action_list name="加载模块" level="1" descr="加载模块 HarddiskVolume1\WINDOWS\system32\imm32.dll" times="0">
	<action field="start_boot" type="Memory" name="LoadLibrary" call_pid="2036" call_name="Scan_TT_Form_0986.exe" call_time="13:20:23.323">
	<exInfo_list count="1">
		<exInfo value="HarddiskVolume1\WINDOWS\system32\imm32.dll" descr="动态链接库"/>
	</exInfo_list>
	</action>
 </action_list><action_list name="加载模块" level="1" descr="加载模块 HarddiskVolume1\WINDOWS\system32\lpk.dll" times="0">
	<action field="start_boot" type="Memory" name="LoadLibrary" call_pid="2036" call_name="Scan_TT_Form_0986.exe" call_time="13:20:23.353">
	<exInfo_list count="1">
		<exInfo value="HarddiskVolume1\WINDOWS\system32\lpk.dll" descr="动态链接库"/>
	</exInfo_list>
	</action>
 </action_list><action_list name="加载模块" level="1" descr="加载模块 HarddiskVolume1\WINDOWS\system32\usp10.dll" times="0">
	<action field="start_boot" type="Memory" name="LoadLibrary" call_pid="2036" call_name="Scan_TT_Form_0986.exe" call_time="13:20:23.358">
	<exInfo_list count="1">
		<exInfo value="HarddiskVolume1\WINDOWS\system32\usp10.dll" descr="动态链接库"/>
	</exInfo_list>
	</action>
 </action_list><action_list name="加载模块" level="1" descr="加载模块 HarddiskVolume1\WINDOWS\WinSxS\x86_Microsoft.Windows.Common-Controls_6595b64144ccf1df_6.0.2600.5512_x-ww_35d4ce83\comctl32.dll" times="0">
	<action field="start_boot" type="Memory" name="LoadLibrary" call_pid="2036" call_name="Scan_TT_Form_0986.exe" call_time="13:20:23.552">
	<exInfo_list count="1">
		<exInfo value="HarddiskVolume1\WINDOWS\WinSxS\x86_Microsoft.Windows.Common-Controls_6595b64144ccf1df_6.0.2600.5512_x-ww_35d4ce83\comctl32.dll" descr="动态链接库"/>
	</exInfo_list>
	</action>
 </action_list><action_list name="加载模块" level="1" descr="加载模块 HarddiskVolume1\WINDOWS\system32\msctf.dll" times="0">
	<action field="start_boot" type="Memory" name="LoadLibrary" call_pid="2036" call_name="Scan_TT_Form_0986.exe" call_time="13:20:23.759">
	<exInfo_list count="1">
		<exInfo value="HarddiskVolume1\WINDOWS\system32\msctf.dll" descr="动态链接库"/>
	</exInfo_list>
	</action>
 </action_list><action_list name="加载模块" level="1" descr="加载模块 HarddiskVolume1\WINDOWS\system32\msctfime.ime" times="0">
	<action field="start_boot" type="Memory" name="LoadLibrary" call_pid="2036" call_name="Scan_TT_Form_0986.exe" call_time="13:20:23.856">
	<exInfo_list count="1">
		<exInfo value="HarddiskVolume1\WINDOWS\system32\msctfime.ime" descr="动态链接库"/>
	</exInfo_list>
	</action>
 </action_list><action_list name="遍历进程列表" level="3" descr="病毒木马通常会通过遍历系统进程列表，查找是否有需要关闭的进程" times="0">
	<action field="start_boot" type="Process" name="TraverseProcess" call_pid="2036" call_name="Scan_TT_Form_0986.exe" call_time="13:21:09.332">
	<exInfo_list count="0">
	</exInfo_list>
	</action>
 </action_list><action_list name="检测虚拟机" level="3" descr="通过 NtQueryInformationProcess(31) 技术检测虚拟机或调试器，逃避分析与查杀" times="0">
	<action field="start_boot" type="System" name="DetectDebugger" call_pid="2036" call_name="Scan_TT_Form_0986.exe" call_time="13:21:09.430">
	<exInfo_list count="1">
		<exInfo value="NtQueryInformationProcess(31)" descr="技术手段"/>
	</exInfo_list>
	</action>
 </action_list><action_list name="检测虚拟机" level="3" descr="通过 NtQueryInformationProcess(30) 技术检测虚拟机或调试器，逃避分析与查杀" times="0">
	<action field="start_boot" type="System" name="DetectDebugger" call_pid="2036" call_name="Scan_TT_Form_0986.exe" call_time="13:21:09.431">
	<exInfo_list count="1">
		<exInfo value="NtQueryInformationProcess(30)" descr="技术手段"/>
	</exInfo_list>
	</action>
 </action_list><action_list name="映射文件" level="1" descr="映射文件 HarddiskVolume1\vastest\Scan_TT_Form_0986.exe" times="0">
	<action field="start_boot" type="File" name="ReadFileToCreate" call_pid="2036" call_name="Scan_TT_Form_0986.exe" call_time="13:21:09.837">
	<exInfo_list count="1">
		<exInfo value="HarddiskVolume1\vastest\Scan_TT_Form_0986.exe" descr="文件路径"/>
	</exInfo_list>
	</action>
 </action_list><action_list name="创建进程" level="3" descr="创建进程  &quot;C:\vastest\Scan_TT_Form_0986.exe&quot; " times="0">
	<action field="start_boot" type="Process" name="CreateProcess" call_pid="2036" call_name="Scan_TT_Form_0986.exe" call_time="13:21:09.765">
	<exInfo_list count="1">
		<exInfo value=" &quot;C:\vastest\Scan_TT_Form_0986.exe&quot; " descr="进程名"/>
	</exInfo_list>
	</action>
 </action_list><action_list name="跨进程内存读取" level="3" descr="读取 Scan_TT_Form_0986.exe 进程中的数据，窃取信息" times="0">
	<action field="start_boot" type="Memory" name="ReadRemoteMemory" call_pid="2036" call_name="Scan_TT_Form_0986.exe" call_time="13:21:09.875">
	<exInfo_list count="1">
		<exInfo value="Scan_TT_Form_0986.exe" descr="目标进程"/>
	</exInfo_list>
	</action>
 </action_list><action_list name="跨进程内存写入" level="3" descr="修改进程 Scan_TT_Form_0986.exe 的内存数据" times="0">
	<action field="start_boot" type="Memory" name="WriteRemoteMemory" call_pid="2036" call_name="Scan_TT_Form_0986.exe" call_time="13:21:09.878">
	<exInfo_list count="1">
		<exInfo value="Scan_TT_Form_0986.exe" descr="目标进程"/>
	</exInfo_list>
	</action>
 </action_list><action_list name="设置线程环境" level="3" descr="设置 Scan_TT_Form_0986.exe 进程中的线程上下文，干扰其运行" times="0">
	<action field="start_boot" type="Process" name="SetRemoteThreadContext" call_pid="2036" call_name="Scan_TT_Form_0986.exe" call_time="13:21:09.881">
	<exInfo_list count="1">
		<exInfo value="Scan_TT_Form_0986.exe" descr="被干扰进程"/>
	</exInfo_list>
	</action>
 </action_list><action_list name="跨进程内存写入" level="3" descr="修改进程 Scan_TT_Form_0986.exe 的内存数据" times="0">
	<action field="start_boot" type="Memory" name="WriteRemoteMemory" call_pid="2036" call_name="Scan_TT_Form_0986.exe" call_time="13:21:09.884">
	<exInfo_list count="1">
		<exInfo value="Scan_TT_Form_0986.exe" descr="目标进程"/>
	</exInfo_list>
	</action>
 </action_list><action_list name="程序退出" level="-1" descr="Scan_TT_Form_0986.exe 退出" times="0">
	<action field="start_boot" type="Process" name="TerminateProcess" call_pid="2036" call_name="Scan_TT_Form_0986.exe" call_time="13:21:09.898">
	<exInfo_list count="1">
		<exInfo value="Scan_TT_Form_0986.exe" descr="结束进程名"/>
	</exInfo_list>
	</action>
 </action_list><action_list name="进程开始执行" level="1" descr="被 Scan_TT_Form_09（2036）创建的进程开始执行" times="0">
	<action field="start_boot" type="Process" name="BeCreated" call_pid="788" call_name="Scan_TT_Form_0986.exe" call_time="13:21:10.054">
	<exInfo_list count="2">
		<exInfo value="Scan_TT_Form_09" descr="父进程名"/>
		<exInfo value="2036" descr="父进程ID"/>
	</exInfo_list>
	</action>
 </action_list><action_list name="进程开始执行" level="1" descr="被 Scan_TT_Form_09（2036）通过参数 &quot;C:\vastest\Scan_TT_Form_0986.exe&quot;  以 direct 方式创建的进程开始执行" times="0">
	<action field="start_boot" type="Process" name="BeCreatedEx" call_pid="788" call_name="Scan_TT_Form_0986.exe" call_time="13:21:10.055">
	<exInfo_list count="4">
		<exInfo value="Scan_TT_Form_09" descr="父进程名"/>
		<exInfo value="2036" descr="父进程ID"/>
		<exInfo value="&quot;C:\vastest\Scan_TT_Form_0986.exe&quot; " descr="启动参数"/>
		<exInfo value="direct" descr="创建方式"/>
	</exInfo_list>
	</action>
 </action_list><action_list name="加载模块" level="1" descr="加载模块 HarddiskVolume1\WINDOWS\system32\advapi32.dll" times="0">
	<action field="start_boot" type="Memory" name="LoadLibrary" call_pid="788" call_name="Scan_TT_Form_0986.exe" call_time="13:21:10.132">
	<exInfo_list count="1">
		<exInfo value="HarddiskVolume1\WINDOWS\system32\advapi32.dll" descr="动态链接库"/>
	</exInfo_list>
	</action>
 </action_list><action_list name="加载模块" level="1" descr="加载模块 HarddiskVolume1\WINDOWS\system32\rpcrt4.dll" times="0">
	<action field="start_boot" type="Memory" name="LoadLibrary" call_pid="788" call_name="Scan_TT_Form_0986.exe" call_time="13:21:10.137">
	<exInfo_list count="1">
		<exInfo value="HarddiskVolume1\WINDOWS\system32\rpcrt4.dll" descr="动态链接库"/>
	</exInfo_list>
	</action>
 </action_list><action_list name="加载模块" level="1" descr="加载模块 HarddiskVolume1\WINDOWS\system32\secur32.dll" times="0">
	<action field="start_boot" type="Memory" name="LoadLibrary" call_pid="788" call_name="Scan_TT_Form_0986.exe" call_time="13:21:10.141">
	<exInfo_list count="1">
		<exInfo value="HarddiskVolume1\WINDOWS\system32\secur32.dll" descr="动态链接库"/>
	</exInfo_list>
	</action>
 </action_list><action_list name="加载模块" level="1" descr="加载模块 HarddiskVolume1\WINDOWS\system32\ole32.dll" times="0">
	<action field="start_boot" type="Memory" name="LoadLibrary" call_pid="788" call_name="Scan_TT_Form_0986.exe" call_time="13:21:10.154">
	<exInfo_list count="1">
		<exInfo value="HarddiskVolume1\WINDOWS\system32\ole32.dll" descr="动态链接库"/>
	</exInfo_list>
	</action>
 </action_list><action_list name="加载模块" level="1" descr="加载模块 HarddiskVolume1\WINDOWS\system32\gdi32.dll" times="0">
	<action field="start_boot" type="Memory" name="LoadLibrary" call_pid="788" call_name="Scan_TT_Form_0986.exe" call_time="13:21:10.158">
	<exInfo_list count="1">
		<exInfo value="HarddiskVolume1\WINDOWS\system32\gdi32.dll" descr="动态链接库"/>
	</exInfo_list>
	</action>
 </action_list><action_list name="加载模块" level="1" descr="加载模块 HarddiskVolume1\WINDOWS\system32\user32.dll" times="0">
	<action field="start_boot" type="Memory" name="LoadLibrary" call_pid="788" call_name="Scan_TT_Form_0986.exe" call_time="13:21:10.162">
	<exInfo_list count="1">
		<exInfo value="HarddiskVolume1\WINDOWS\system32\user32.dll" descr="动态链接库"/>
	</exInfo_list>
	</action>
 </action_list><action_list name="加载模块" level="1" descr="加载模块 HarddiskVolume1\WINDOWS\system32\msvcrt.dll" times="0">
	<action field="start_boot" type="Memory" name="LoadLibrary" call_pid="788" call_name="Scan_TT_Form_0986.exe" call_time="13:21:10.166">
	<exInfo_list count="1">
		<exInfo value="HarddiskVolume1\WINDOWS\system32\msvcrt.dll" descr="动态链接库"/>
	</exInfo_list>
	</action>
 </action_list><action_list name="加载模块" level="1" descr="加载模块 HarddiskVolume1\WINDOWS\system32\shell32.dll" times="0">
	<action field="start_boot" type="Memory" name="LoadLibrary" call_pid="788" call_name="Scan_TT_Form_0986.exe" call_time="13:21:10.188">
	<exInfo_list count="1">
		<exInfo value="HarddiskVolume1\WINDOWS\system32\shell32.dll" descr="动态链接库"/>
	</exInfo_list>
	</action>
 </action_list><action_list name="加载模块" level="1" descr="加载模块 HarddiskVolume1\WINDOWS\system32\shlwapi.dll" times="0">
	<action field="start_boot" type="Memory" name="LoadLibrary" call_pid="788" call_name="Scan_TT_Form_0986.exe" call_time="13:21:10.200">
	<exInfo_list count="1">
		<exInfo value="HarddiskVolume1\WINDOWS\system32\shlwapi.dll" descr="动态链接库"/>
	</exInfo_list>
	</action>
 </action_list><action_list name="加载模块" level="1" descr="加载模块 HarddiskVolume1\WINDOWS\system32\userenv.dll" times="0">
	<action field="start_boot" type="Memory" name="LoadLibrary" call_pid="788" call_name="Scan_TT_Form_0986.exe" call_time="13:21:10.232">
	<exInfo_list count="1">
		<exInfo value="HarddiskVolume1\WINDOWS\system32\userenv.dll" descr="动态链接库"/>
	</exInfo_list>
	</action>
 </action_list><action_list name="加载模块" level="1" descr="加载模块 HarddiskVolume1\WINDOWS\system32\wininet.dll" times="0">
	<action field="start_boot" type="Memory" name="LoadLibrary" call_pid="788" call_name="Scan_TT_Form_0986.exe" call_time="13:21:10.248">
	<exInfo_list count="1">
		<exInfo value="HarddiskVolume1\WINDOWS\system32\wininet.dll" descr="动态链接库"/>
	</exInfo_list>
	</action>
 </action_list><action_list name="加载模块" level="1" descr="加载模块 HarddiskVolume1\WINDOWS\system32\crypt32.dll" times="0">
	<action field="start_boot" type="Memory" name="LoadLibrary" call_pid="788" call_name="Scan_TT_Form_0986.exe" call_time="13:21:10.252">
	<exInfo_list count="1">
		<exInfo value="HarddiskVolume1\WINDOWS\system32\crypt32.dll" descr="动态链接库"/>
	</exInfo_list>
	</action>
 </action_list><action_list name="加载模块" level="1" descr="加载模块 HarddiskVolume1\WINDOWS\system32\msasn1.dll" times="0">
	<action field="start_boot" type="Memory" name="LoadLibrary" call_pid="788" call_name="Scan_TT_Form_0986.exe" call_time="13:21:10.256">
	<exInfo_list count="1">
		<exInfo value="HarddiskVolume1\WINDOWS\system32\msasn1.dll" descr="动态链接库"/>
	</exInfo_list>
	</action>
 </action_list><action_list name="加载模块" level="1" descr="加载模块 HarddiskVolume1\WINDOWS\system32\oleaut32.dll" times="0">
	<action field="start_boot" type="Memory" name="LoadLibrary" call_pid="788" call_name="Scan_TT_Form_0986.exe" call_time="13:21:10.281">
	<exInfo_list count="1">
		<exInfo value="HarddiskVolume1\WINDOWS\system32\oleaut32.dll" descr="动态链接库"/>
	</exInfo_list>
	</action>
 </action_list><action_list name="加载模块" level="1" descr="加载模块 HarddiskVolume1\WINDOWS\system32\wsock32.dll" times="0">
	<action field="start_boot" type="Memory" name="LoadLibrary" call_pid="788" call_name="Scan_TT_Form_0986.exe" call_time="13:21:10.304">
	<exInfo_list count="1">
		<exInfo value="HarddiskVolume1\WINDOWS\system32\wsock32.dll" descr="动态链接库"/>
	</exInfo_list>
	</action>
 </action_list><action_list name="加载模块" level="1" descr="加载模块 HarddiskVolume1\WINDOWS\system32\ws2_32.dll" times="0">
	<action field="start_boot" type="Memory" name="LoadLibrary" call_pid="788" call_name="Scan_TT_Form_0986.exe" call_time="13:21:10.309">
	<exInfo_list count="1">
		<exInfo value="HarddiskVolume1\WINDOWS\system32\ws2_32.dll" descr="动态链接库"/>
	</exInfo_list>
	</action>
 </action_list><action_list name="加载模块" level="1" descr="加载模块 HarddiskVolume1\WINDOWS\system32\ws2help.dll" times="0">
	<action field="start_boot" type="Memory" name="LoadLibrary" call_pid="788" call_name="Scan_TT_Form_0986.exe" call_time="13:21:10.320">
	<exInfo_list count="1">
		<exInfo value="HarddiskVolume1\WINDOWS\system32\ws2help.dll" descr="动态链接库"/>
	</exInfo_list>
	</action>
 </action_list><action_list name="自我读取" level="1" descr="读取文件 HarddiskVolume1\vastest\Scan_TT_Form_0986.exe" times="0">
	<action field="start_boot" type="File" name="ReadFile" call_pid="788" call_name="Scan_TT_Form_0986.exe" call_time="13:21:10.334">
	<exInfo_list count="1">
		<exInfo value="HarddiskVolume1\vastest\Scan_TT_Form_0986.exe" descr="文件路径"/>
	</exInfo_list>
	</action>
 </action_list><action_list name="加载模块" level="1" descr="加载模块 HarddiskVolume1\WINDOWS\system32\imm32.dll" times="0">
	<action field="start_boot" type="Memory" name="LoadLibrary" call_pid="788" call_name="Scan_TT_Form_0986.exe" call_time="13:21:10.421">
	<exInfo_list count="1">
		<exInfo value="HarddiskVolume1\WINDOWS\system32\imm32.dll" descr="动态链接库"/>
	</exInfo_list>
	</action>
 </action_list><action_list name="加载模块" level="1" descr="加载模块 HarddiskVolume1\WINDOWS\system32\lpk.dll" times="0">
	<action field="start_boot" type="Memory" name="LoadLibrary" call_pid="788" call_name="Scan_TT_Form_0986.exe" call_time="13:21:10.451">
	<exInfo_list count="1">
		<exInfo value="HarddiskVolume1\WINDOWS\system32\lpk.dll" descr="动态链接库"/>
	</exInfo_list>
	</action>
 </action_list><action_list name="加载模块" level="1" descr="加载模块 HarddiskVolume1\WINDOWS\system32\usp10.dll" times="0">
	<action field="start_boot" type="Memory" name="LoadLibrary" call_pid="788" call_name="Scan_TT_Form_0986.exe" call_time="13:21:10.456">
	<exInfo_list count="1">
		<exInfo value="HarddiskVolume1\WINDOWS\system32\usp10.dll" descr="动态链接库"/>
	</exInfo_list>
	</action>
 </action_list><action_list name="加载模块" level="1" descr="加载模块 HarddiskVolume1\WINDOWS\WinSxS\x86_Microsoft.Windows.Common-Controls_6595b64144ccf1df_6.0.2600.5512_x-ww_35d4ce83\comctl32.dll" times="0">
	<action field="start_boot" type="Memory" name="LoadLibrary" call_pid="788" call_name="Scan_TT_Form_0986.exe" call_time="13:21:10.591">
	<exInfo_list count="1">
		<exInfo value="HarddiskVolume1\WINDOWS\WinSxS\x86_Microsoft.Windows.Common-Controls_6595b64144ccf1df_6.0.2600.5512_x-ww_35d4ce83\comctl32.dll" descr="动态链接库"/>
	</exInfo_list>
	</action>
 </action_list><action_list name="加载模块" level="1" descr="加载模块 HarddiskVolume1\WINDOWS\system32\comctl32.dll" times="0">
	<action field="start_boot" type="Memory" name="LoadLibrary" call_pid="788" call_name="Scan_TT_Form_0986.exe" call_time="13:21:10.681">
	<exInfo_list count="1">
		<exInfo value="HarddiskVolume1\WINDOWS\system32\comctl32.dll" descr="动态链接库"/>
	</exInfo_list>
	</action>
 </action_list><action_list name="加载模块" level="1" descr="加载模块 HarddiskVolume1\WINDOWS\system32\msctf.dll" times="0">
	<action field="start_boot" type="Memory" name="LoadLibrary" call_pid="788" call_name="Scan_TT_Form_0986.exe" call_time="13:21:10.623">
	<exInfo_list count="1">
		<exInfo value="HarddiskVolume1\WINDOWS\system32\msctf.dll" descr="动态链接库"/>
	</exInfo_list>
	</action>
 </action_list><action_list name="加载模块" level="1" descr="加载模块 HarddiskVolume1\WINDOWS\system32\netapi32.dll" times="0">
	<action field="start_boot" type="Memory" name="LoadLibrary" call_pid="788" call_name="Scan_TT_Form_0986.exe" call_time="13:21:10.682">
	<exInfo_list count="1">
		<exInfo value="HarddiskVolume1\WINDOWS\system32\netapi32.dll" descr="动态链接库"/>
	</exInfo_list>
	</action>
 </action_list><action_list name="加载模块" level="1" descr="加载模块 HarddiskVolume1\WINDOWS\system32\msi.dll" times="0">
	<action field="start_boot" type="Memory" name="LoadLibrary" call_pid="788" call_name="Scan_TT_Form_0986.exe" call_time="13:21:10.704">
	<exInfo_list count="1">
		<exInfo value="HarddiskVolume1\WINDOWS\system32\msi.dll" descr="动态链接库"/>
	</exInfo_list>
	</action>
 </action_list><action_list name="加载模块" level="1" descr="加载模块 HarddiskVolume1\WINDOWS\system32\pstorec.dll" times="0">
	<action field="start_boot" type="Memory" name="LoadLibrary" call_pid="788" call_name="Scan_TT_Form_0986.exe" call_time="13:21:10.741">
	<exInfo_list count="1">
		<exInfo value="HarddiskVolume1\WINDOWS\system32\pstorec.dll" descr="动态链接库"/>
	</exInfo_list>
	</action>
 </action_list><action_list name="加载模块" level="1" descr="加载模块 HarddiskVolume1\WINDOWS\system32\atl.dll" times="0">
	<action field="start_boot" type="Memory" name="LoadLibrary" call_pid="788" call_name="Scan_TT_Form_0986.exe" call_time="13:21:10.752">
	<exInfo_list count="1">
		<exInfo value="HarddiskVolume1\WINDOWS\system32\atl.dll" descr="动态链接库"/>
	</exInfo_list>
	</action>
 </action_list><action_list name="分析结束" level="-1" descr="动态分析结束" times="0">
	<action field="start_boot" type="System" name="AnalyzeStop" call_pid="0" call_name="" call_time="13:21:20.451">
	<exInfo_list count="0">
	</exInfo_list>
	</action>
 </action_list></file>