<?xml version="1.0" encoding="UTF-8"?> 

<file name="1.maff" 文件扩展名信息="  描述：Mozilla Archive Format   使用信息: Mozilla Firefox (with add-on)" sha1="c3a1800f0f19e946f6967c8003cbd43f67e248bc" md5="e54b6a045005b7447a3ebc2fc565244d" CRC32="f95ddc15" SSDEEP="786432:ap0bOjrWDybt4S5nWCNhXLyZiugBs5wfTJ8bPoYQ7mywOujeRjaRKcETlADF7:apMybtDhWZfN52TJ81Ww1jeRGtETmp7" size="47370439" type="maff" error="0" virusresult="" vp_name="klo07" reportType="final" exiftool="File Name                       : 1.maff--list--File Size                       : 45 MB--list--File Modification Date/Time     : 2020:06:19 13:20:05+08:00--list--File Access Date/Time           : 2020:06:19 13:20:05+08:00--list--File Inode Change Date/Time     : 2020:06:19 13:20:05+08:00--list--File Type                       : ZIP--list--File Type Extension             : zip--list--MIME Type                       : application/zip--list--Zip Required Version            : 20--list--Zip Bit Flag                    : 0x0808--list--Zip Compression                 : Deflated--list--Zip Modify Date                 : 2018:05:24 12:22:19--list--Zip CRC                         : 0x00000000--list--Zip Compressed Size             : 2--list--Zip Uncompressed Size           : 0--list--Zip File Name                   : _MANUAL_produkey/--list--" system="winxp" filetype="Zip archive data, at least v2.0 to extract"><action_list name="分析开始" level="-1" descr="动态分析开始" times="0">
	<action field="start_boot" type="System" name="AnalyzeStart" call_pid="0" call_name="" call_time="13:20:28.000">
	<exInfo_list count="0">
	</exInfo_list>
	</action>
 </action_list><action_list name="分析引擎信息" level="-1" descr="12.6, 40, 2020-06-19_13:20:24==2020-06-19_13:20:28" times="0">
	<action field="start_boot" type="System" name="VasInfo" call_pid="0" call_name="" call_time="13:20:28.001">
	<exInfo_list count="3">
		<exInfo value="12.6" descr="分析引擎版本"/>
		<exInfo value="40" descr="最大并发数量"/>
		<exInfo value="2020-06-19_13:20:24==2020-06-19_13:20:28" descr="镜像加载耗时"/>
	</exInfo_list>
	</action>
 </action_list><action_list name="进程开始执行" level="1" descr="被 vasstarter.exe（1676）创建的进程开始执行" times="0">
	<action field="start_boot" type="Process" name="BeCreated" call_pid="208" call_name="vaslauncher.exe" call_time="13:20:28.002">
	<exInfo_list count="2">
		<exInfo value="vasstarter.exe" descr="父进程名"/>
		<exInfo value="1676" descr="父进程ID"/>
	</exInfo_list>
	</action>
 </action_list><action_list name="进程开始执行" level="1" descr="被 vasstarter.exe（1676）通过参数 D:\vaslauncher.exe 以 direct 方式创建的进程开始执行" times="0">
	<action field="start_boot" type="Process" name="BeCreatedEx" call_pid="208" call_name="vaslauncher.exe" call_time="13:20:28.003">
	<exInfo_list count="4">
		<exInfo value="vasstarter.exe" descr="父进程名"/>
		<exInfo value="1676" descr="父进程ID"/>
		<exInfo value="D:\vaslauncher.exe" descr="启动参数"/>
		<exInfo value="direct" descr="创建方式"/>
	</exInfo_list>
	</action>
 </action_list><action_list name="样本打开异常" level="2" descr="分析环境与样本格式不匹配" times="0">
	<action field="start_boot" type="Process" name="BadPeFormat" call_pid="0" call_name="0" call_time="0">
	<exInfo_list count="0">
	</exInfo_list>
	</action>
 </action_list><action_list name="分析结束" level="-1" descr="动态分析结束" times="0">
	<action field="start_boot" type="System" name="AnalyzeStop" call_pid="0" call_name="" call_time="13:22:28.004">
	<exInfo_list count="0">
	</exInfo_list>
	</action>
 </action_list></file>