<?xml version="1.0" encoding="UTF-8"?> 

<file name="1.dll" 文件扩展名信息="  描述：Dynamic-link library   使用信息: Windows 3.x - OS/2" sha1="2d4fb0be95773f890439a1e3781cb5eaf3386c74" md5="c45c8c6da1a99f533b35eb43b7a4deb9" CRC32="9c715542" SSDEEP="1536:YjV8y93KQpFQmPLRk7G50zy/riF12jvRyo0hQk7ZMIciBqR53gGzC6z:c8y93KQjy7G55riF1cMo03iIciYRNgGD" ImportHash="2f4ddcfebbcad3bacadc879747151f6f" size="78275" type="dll" error="0" virusresult="" vp_name="klo07" reportType="final" exiftool="File Name                       : 1.dll--list--File Size                       : 76 kB--list--File Modification Date/Time     : 2020:06:19 15:03:03+08:00--list--File Access Date/Time           : 2020:06:19 15:03:03+08:00--list--File Inode Change Date/Time     : 2020:06:19 15:03:03+08:00--list--File Type                       : Win32 DLL--list--File Type Extension             : dll--list--MIME Type                       : application/octet-stream--list--Machine Type                    : Intel 386 or later, and compatibles--list--Time Stamp                      : 2012:12:07 01:32:32+08:00--list--PE Type                         : PE32--list--Linker Version                  : 6.0--list--Code Size                       : 61440--list--Initialized Data Size           : 4096--list--Uninitialized Data Size         : 126976--list--Entry Point                     : 0x2df80--list--OS Version                      : 4.0--list--Image Version                   : 0.0--list--Subsystem Version               : 4.0--list--Subsystem                       : Windows GUI--list--File Version Number             : 5.1.2600.5512--list--Product Version Number          : 5.1.2600.5512--list--File Flags Mask                 : 0x003f--list--File Flags                      : (none)--list--File OS                         : Windows NT 32-bit--list--Object File Type                : Dynamic link library--list--File Subtype                    : 0--list--Language Code                   : English (U.S.)--list--Character Set                   : Unicode--list--Comments                        : --list--Company Name                    : Microsoft Corporation--list--File Description                : LanguagePack--list--File Version                    : 5, 1, 2600, 5512--list--Internal Name                   : LanguagePack--list--Legal Copyright                 : (C) Microsoft Corporation. All rights reserved.--list--Legal Trademarks                : --list--Original File Name              : LanguagePack--list--Private Build                   : --list--Product Name                    : Microsoft(C) Windows(C) Operating System--list--Product Version                 : 5, 1, 2600, 5512--list--Special Build                   : --list--" system="winxp" peinfo="加壳信息 :  UPX v0.89.6 - v1.02 / v1.05 - v1.22 DLL--list--文件熵 :  7.674705 (可能存在加壳)--list--cpl分析 :  未检测到威胁--list--fpu反调试 :  未检测到--list--载入地址 :  可疑的载入点--list--代码入口信息 :  可能是伪造入口--list--DOS stub : :  正常--list--TLS表信息 :  未发现--list--段信息 :  3--list--UPX0 可疑的名称  长度为0  可能存在自修改代码--list--UPX1 可疑的名称  可能存在自修改代码--list--资源段 :  未见异常--list--时间戳 :  未见异常--list--ASLR ：  未开启--list--DEP/NX ：  未开启--list--SEH ：  开启" AI_Scan="1" filetype="PE32 executable (DLL) (GUI) Intel 80386, for MS Windows, UPX compressed"><action_list name="分析开始" level="-1" descr="动态分析开始" times="0">
	<action field="start_boot" type="System" name="AnalyzeStart" call_pid="0" call_name="" call_time="15:03:15.000">
	<exInfo_list count="0">
	</exInfo_list>
	</action>
 </action_list><action_list name="分析引擎信息" level="-1" descr="12.6, 40, 2020-06-19_15:03:11==2020-06-19_15:03:15" times="0">
	<action field="start_boot" type="System" name="VasInfo" call_pid="0" call_name="" call_time="15:03:15.001">
	<exInfo_list count="3">
		<exInfo value="12.6" descr="分析引擎版本"/>
		<exInfo value="40" descr="最大并发数量"/>
		<exInfo value="2020-06-19_15:03:11==2020-06-19_15:03:15" descr="镜像加载耗时"/>
	</exInfo_list>
	</action>
 </action_list><action_list name="进程开始执行" level="1" descr="被 vasstarter.exe（1676）创建的进程开始执行" times="0">
	<action field="start_boot" type="Process" name="BeCreated" call_pid="208" call_name="vaslauncher.exe" call_time="15:03:15.002">
	<exInfo_list count="2">
		<exInfo value="vasstarter.exe" descr="父进程名"/>
		<exInfo value="1676" descr="父进程ID"/>
	</exInfo_list>
	</action>
 </action_list><action_list name="进程开始执行" level="1" descr="被 vasstarter.exe（1676）通过参数 D:\vaslauncher.exe 以 direct 方式创建的进程开始执行" times="0">
	<action field="start_boot" type="Process" name="BeCreatedEx" call_pid="208" call_name="vaslauncher.exe" call_time="15:03:15.003">
	<exInfo_list count="4">
		<exInfo value="vasstarter.exe" descr="父进程名"/>
		<exInfo value="1676" descr="父进程ID"/>
		<exInfo value="D:\vaslauncher.exe" descr="启动参数"/>
		<exInfo value="direct" descr="创建方式"/>
	</exInfo_list>
	</action>
 </action_list><action_list name="进程开始执行" level="1" descr="被 vaslauncher.exe（208）创建的进程开始执行" times="0">
	<action field="start_boot" type="Process" name="BeCreated" call_pid="2036" call_name="vasdllloader.exe" call_time="15:03:18.004">
	<exInfo_list count="2">
		<exInfo value="vaslauncher.exe" descr="父进程名"/>
		<exInfo value="208" descr="父进程ID"/>
	</exInfo_list>
	</action>
 </action_list><action_list name="进程开始执行" level="1" descr="被 vaslauncher.exe（208）通过参数 &quot;C:\vastest\vasdllloader.exe&quot;  以 direct 方式创建的进程开始执行" times="0">
	<action field="start_boot" type="Process" name="BeCreatedEx" call_pid="2036" call_name="vasdllloader.exe" call_time="15:03:18.005">
	<exInfo_list count="4">
		<exInfo value="vaslauncher.exe" descr="父进程名"/>
		<exInfo value="208" descr="父进程ID"/>
		<exInfo value="&quot;C:\vastest\vasdllloader.exe&quot; " descr="启动参数"/>
		<exInfo value="direct" descr="创建方式"/>
	</exInfo_list>
	</action>
 </action_list><action_list name="加载模块" level="1" descr="加载模块 HarddiskVolume1\WINDOWS\system32\advapi32.dll" times="0">
	<action field="start_boot" type="Memory" name="LoadLibrary" call_pid="2036" call_name="vasdllloader.exe" call_time="15:03:18.085">
	<exInfo_list count="1">
		<exInfo value="HarddiskVolume1\WINDOWS\system32\advapi32.dll" descr="动态链接库"/>
	</exInfo_list>
	</action>
 </action_list><action_list name="加载模块" level="1" descr="加载模块 HarddiskVolume1\WINDOWS\system32\rpcrt4.dll" times="0">
	<action field="start_boot" type="Memory" name="LoadLibrary" call_pid="2036" call_name="vasdllloader.exe" call_time="15:03:18.091">
	<exInfo_list count="1">
		<exInfo value="HarddiskVolume1\WINDOWS\system32\rpcrt4.dll" descr="动态链接库"/>
	</exInfo_list>
	</action>
 </action_list><action_list name="加载模块" level="1" descr="加载模块 HarddiskVolume1\WINDOWS\system32\secur32.dll" times="0">
	<action field="start_boot" type="Memory" name="LoadLibrary" call_pid="2036" call_name="vasdllloader.exe" call_time="15:03:18.095">
	<exInfo_list count="1">
		<exInfo value="HarddiskVolume1\WINDOWS\system32\secur32.dll" descr="动态链接库"/>
	</exInfo_list>
	</action>
 </action_list><action_list name="检测分析环境" level="1" descr="通过 MemoryOperation 技术检测虚拟机或调试器，逃避分析与查杀" times="0">
	<action field="start_boot" type="System" name="DetectDebugger" call_pid="2036" call_name="vasdllloader.exe" call_time="15:03:18.227">
	<exInfo_list count="1">
		<exInfo value="MemoryOperation" descr="技术手段"/>
	</exInfo_list>
	</action>
 </action_list><action_list name="配置权限" level="1" descr="改变进程的权限" times="0">
	<action field="start_boot" type="Process" name="AdjustPrivilege" call_pid="2036" call_name="vasdllloader.exe" call_time="15:03:18.261">
	<exInfo_list count="0">
	</exInfo_list>
	</action>
 </action_list><action_list name="加载模块" level="1" descr="加载模块 CdRom0\1.dll" times="0">
	<action field="start_boot" type="Memory" name="LoadLibrary" call_pid="2036" call_name="vasdllloader.exe" call_time="15:03:18.288">
	<exInfo_list count="1">
		<exInfo value="CdRom0\1.dll" descr="动态链接库"/>
	</exInfo_list>
	</action>
 </action_list><action_list name="加载模块" level="1" descr="加载模块 HarddiskVolume1\WINDOWS\system32\user32.dll" times="0">
	<action field="start_boot" type="Memory" name="LoadLibrary" call_pid="2036" call_name="vasdllloader.exe" call_time="15:03:18.299">
	<exInfo_list count="1">
		<exInfo value="HarddiskVolume1\WINDOWS\system32\user32.dll" descr="动态链接库"/>
	</exInfo_list>
	</action>
 </action_list><action_list name="加载模块" level="1" descr="加载模块 HarddiskVolume1\WINDOWS\system32\gdi32.dll" times="0">
	<action field="start_boot" type="Memory" name="LoadLibrary" call_pid="2036" call_name="vasdllloader.exe" call_time="15:03:18.303">
	<exInfo_list count="1">
		<exInfo value="HarddiskVolume1\WINDOWS\system32\gdi32.dll" descr="动态链接库"/>
	</exInfo_list>
	</action>
 </action_list><action_list name="加载模块" level="1" descr="加载模块 HarddiskVolume1\WINDOWS\system32\imm32.dll" times="0">
	<action field="start_boot" type="Memory" name="LoadLibrary" call_pid="2036" call_name="vasdllloader.exe" call_time="15:03:18.342">
	<exInfo_list count="1">
		<exInfo value="HarddiskVolume1\WINDOWS\system32\imm32.dll" descr="动态链接库"/>
	</exInfo_list>
	</action>
 </action_list><action_list name="加载模块" level="1" descr="加载模块 HarddiskVolume1\WINDOWS\system32\lpk.dll" times="0">
	<action field="start_boot" type="Memory" name="LoadLibrary" call_pid="2036" call_name="vasdllloader.exe" call_time="15:03:18.363">
	<exInfo_list count="1">
		<exInfo value="HarddiskVolume1\WINDOWS\system32\lpk.dll" descr="动态链接库"/>
	</exInfo_list>
	</action>
 </action_list><action_list name="加载模块" level="1" descr="加载模块 HarddiskVolume1\WINDOWS\system32\usp10.dll" times="0">
	<action field="start_boot" type="Memory" name="LoadLibrary" call_pid="2036" call_name="vasdllloader.exe" call_time="15:03:18.368">
	<exInfo_list count="1">
		<exInfo value="HarddiskVolume1\WINDOWS\system32\usp10.dll" descr="动态链接库"/>
	</exInfo_list>
	</action>
 </action_list><action_list name="配置权限" level="1" descr="改变进程的权限" times="0">
	<action field="start_boot" type="Process" name="AdjustPrivilege" call_pid="2036" call_name="vasdllloader.exe" call_time="15:03:18.853">
	<exInfo_list count="0">
	</exInfo_list>
	</action>
 </action_list><action_list name="加载模块" level="1" descr="加载模块 HarddiskVolume1\WINDOWS\system32\wintrust.dll" times="0">
	<action field="start_boot" type="Memory" name="LoadLibrary" call_pid="2036" call_name="vasdllloader.exe" call_time="15:03:18.905">
	<exInfo_list count="1">
		<exInfo value="HarddiskVolume1\WINDOWS\system32\wintrust.dll" descr="动态链接库"/>
	</exInfo_list>
	</action>
 </action_list><action_list name="加载模块" level="1" descr="加载模块 HarddiskVolume1\WINDOWS\system32\crypt32.dll" times="0">
	<action field="start_boot" type="Memory" name="LoadLibrary" call_pid="2036" call_name="vasdllloader.exe" call_time="15:03:18.909">
	<exInfo_list count="1">
		<exInfo value="HarddiskVolume1\WINDOWS\system32\crypt32.dll" descr="动态链接库"/>
	</exInfo_list>
	</action>
 </action_list><action_list name="加载模块" level="1" descr="加载模块 HarddiskVolume1\WINDOWS\system32\msasn1.dll" times="0">
	<action field="start_boot" type="Memory" name="LoadLibrary" call_pid="2036" call_name="vasdllloader.exe" call_time="15:03:18.913">
	<exInfo_list count="1">
		<exInfo value="HarddiskVolume1\WINDOWS\system32\msasn1.dll" descr="动态链接库"/>
	</exInfo_list>
	</action>
 </action_list><action_list name="加载模块" level="1" descr="加载模块 HarddiskVolume1\WINDOWS\system32\msvcrt.dll" times="0">
	<action field="start_boot" type="Memory" name="LoadLibrary" call_pid="2036" call_name="vasdllloader.exe" call_time="15:03:18.917">
	<exInfo_list count="1">
		<exInfo value="HarddiskVolume1\WINDOWS\system32\msvcrt.dll" descr="动态链接库"/>
	</exInfo_list>
	</action>
 </action_list><action_list name="加载模块" level="1" descr="加载模块 HarddiskVolume1\WINDOWS\system32\imagehlp.dll" times="0">
	<action field="start_boot" type="Memory" name="LoadLibrary" call_pid="2036" call_name="vasdllloader.exe" call_time="15:03:18.940">
	<exInfo_list count="1">
		<exInfo value="HarddiskVolume1\WINDOWS\system32\imagehlp.dll" descr="动态链接库"/>
	</exInfo_list>
	</action>
 </action_list><action_list name="检测分析环境" level="1" descr="通过 CpuCheck 技术检测虚拟机或调试器，逃避分析与查杀" times="0">
	<action field="start_boot" type="System" name="DetectDebugger" call_pid="2036" call_name="vasdllloader.exe" call_time="15:03:18.996">
	<exInfo_list count="1">
		<exInfo value="CpuCheck" descr="技术手段"/>
	</exInfo_list>
	</action>
 </action_list><action_list name="加载模块" level="1" descr="加载模块 HarddiskVolume1\WINDOWS\system32\ws2help.dll" times="0">
	<action field="start_boot" type="Memory" name="LoadLibrary" call_pid="2036" call_name="vasdllloader.exe" call_time="15:03:18.705">
	<exInfo_list count="1">
		<exInfo value="HarddiskVolume1\WINDOWS\system32\ws2help.dll" descr="动态链接库"/>
	</exInfo_list>
	</action>
 </action_list><action_list name="读取文件" level="2" descr="读取文件 CdRom0\1.dll" times="0">
	<action field="start_boot" type="File" name="ReadFile" call_pid="2036" call_name="vasdllloader.exe" call_time="15:03:18.061">
	<exInfo_list count="1">
		<exInfo value="CdRom0\1.dll" descr="文件路径"/>
	</exInfo_list>
	</action>
 </action_list><action_list name="遍历进程列表" level="3" descr="病毒木马通常会通过遍历系统进程列表，查找是否有需要关闭的进程" times="0">
	<action field="start_boot" type="Process" name="TraverseProcess" call_pid="2036" call_name="vasdllloader.exe" call_time="15:03:19.900">
	<exInfo_list count="0">
	</exInfo_list>
	</action>
 </action_list><action_list name="遍历模块列表" level="2" descr="遍历系统中的模块" times="0">
	<action field="start_boot" type="Memory" name="TraverseModule" call_pid="2036" call_name="vasdllloader.exe" call_time="15:03:19.972">
	<exInfo_list count="0">
	</exInfo_list>
	</action>
 </action_list><action_list name="读取系统文件" level="2" descr="读取文件 HarddiskVolume1\WINDOWS\system32\ntdll.dll" times="0">
	<action field="start_boot" type="File" name="ReadFile" call_pid="2036" call_name="vasdllloader.exe" call_time="15:03:19.368">
	<exInfo_list count="1">
		<exInfo value="HarddiskVolume1\WINDOWS\system32\ntdll.dll" descr="文件路径"/>
	</exInfo_list>
	</action>
 </action_list><action_list name="读取系统文件" level="2" descr="读取文件 HarddiskVolume1\WINDOWS\system32\kernel32.dll" times="0">
	<action field="start_boot" type="File" name="ReadFile" call_pid="2036" call_name="vasdllloader.exe" call_time="15:03:19.772">
	<exInfo_list count="1">
		<exInfo value="HarddiskVolume1\WINDOWS\system32\kernel32.dll" descr="文件路径"/>
	</exInfo_list>
	</action>
 </action_list><action_list name="读取系统文件" level="2" descr="读取文件 HarddiskVolume1\WINDOWS\system32\advapi32.dll" times="0">
	<action field="start_boot" type="File" name="ReadFile" call_pid="2036" call_name="vasdllloader.exe" call_time="15:03:19.315">
	<exInfo_list count="1">
		<exInfo value="HarddiskVolume1\WINDOWS\system32\advapi32.dll" descr="文件路径"/>
	</exInfo_list>
	</action>
 </action_list><action_list name="读取系统文件" level="2" descr="读取文件 HarddiskVolume1\WINDOWS\system32\rpcrt4.dll" times="0">
	<action field="start_boot" type="File" name="ReadFile" call_pid="2036" call_name="vasdllloader.exe" call_time="15:03:19.738">
	<exInfo_list count="1">
		<exInfo value="HarddiskVolume1\WINDOWS\system32\rpcrt4.dll" descr="文件路径"/>
	</exInfo_list>
	</action>
 </action_list><action_list name="读取系统文件" level="2" descr="读取文件 HarddiskVolume1\WINDOWS\system32\secur32.dll" times="0">
	<action field="start_boot" type="File" name="ReadFile" call_pid="2036" call_name="vasdllloader.exe" call_time="15:03:19.138">
	<exInfo_list count="1">
		<exInfo value="HarddiskVolume1\WINDOWS\system32\secur32.dll" descr="文件路径"/>
	</exInfo_list>
	</action>
 </action_list><action_list name="读取文件" level="2" descr="读取文件 CdRom0\1.dll" times="0">
	<action field="start_boot" type="File" name="ReadFile" call_pid="2036" call_name="vasdllloader.exe" call_time="15:03:19.401">
	<exInfo_list count="1">
		<exInfo value="CdRom0\1.dll" descr="文件路径"/>
	</exInfo_list>
	</action>
 </action_list><action_list name="读取系统文件" level="2" descr="读取文件 HarddiskVolume1\WINDOWS\system32\user32.dll" times="0">
	<action field="start_boot" type="File" name="ReadFile" call_pid="2036" call_name="vasdllloader.exe" call_time="15:03:19.652">
	<exInfo_list count="1">
		<exInfo value="HarddiskVolume1\WINDOWS\system32\user32.dll" descr="文件路径"/>
	</exInfo_list>
	</action>
 </action_list><action_list name="读取系统文件" level="2" descr="读取文件 HarddiskVolume1\WINDOWS\system32\gdi32.dll" times="0">
	<action field="start_boot" type="File" name="ReadFile" call_pid="2036" call_name="vasdllloader.exe" call_time="15:03:19.054">
	<exInfo_list count="1">
		<exInfo value="HarddiskVolume1\WINDOWS\system32\gdi32.dll" descr="文件路径"/>
	</exInfo_list>
	</action>
 </action_list><action_list name="读取系统文件" level="2" descr="读取文件 HarddiskVolume1\WINDOWS\system32\imm32.dll" times="0">
	<action field="start_boot" type="File" name="ReadFile" call_pid="2036" call_name="vasdllloader.exe" call_time="15:03:19.375">
	<exInfo_list count="1">
		<exInfo value="HarddiskVolume1\WINDOWS\system32\imm32.dll" descr="文件路径"/>
	</exInfo_list>
	</action>
 </action_list><action_list name="读取系统文件" level="2" descr="读取文件 HarddiskVolume1\WINDOWS\system32\lpk.dll" times="0">
	<action field="start_boot" type="File" name="ReadFile" call_pid="2036" call_name="vasdllloader.exe" call_time="15:03:19.647">
	<exInfo_list count="1">
		<exInfo value="HarddiskVolume1\WINDOWS\system32\lpk.dll" descr="文件路径"/>
	</exInfo_list>
	</action>
 </action_list><action_list name="读取系统文件" level="2" descr="读取文件 HarddiskVolume1\WINDOWS\system32\usp10.dll" times="0">
	<action field="start_boot" type="File" name="ReadFile" call_pid="2036" call_name="vasdllloader.exe" call_time="15:03:19.897">
	<exInfo_list count="1">
		<exInfo value="HarddiskVolume1\WINDOWS\system32\usp10.dll" descr="文件路径"/>
	</exInfo_list>
	</action>
 </action_list><action_list name="读取系统文件" level="2" descr="读取文件 HarddiskVolume1\WINDOWS\system32\wintrust.dll" times="0">
	<action field="start_boot" type="File" name="ReadFile" call_pid="2036" call_name="vasdllloader.exe" call_time="15:03:19.246">
	<exInfo_list count="1">
		<exInfo value="HarddiskVolume1\WINDOWS\system32\wintrust.dll" descr="文件路径"/>
	</exInfo_list>
	</action>
 </action_list><action_list name="读取系统文件" level="2" descr="读取文件 HarddiskVolume1\WINDOWS\system32\crypt32.dll" times="0">
	<action field="start_boot" type="File" name="ReadFile" call_pid="2036" call_name="vasdllloader.exe" call_time="15:03:19.535">
	<exInfo_list count="1">
		<exInfo value="HarddiskVolume1\WINDOWS\system32\crypt32.dll" descr="文件路径"/>
	</exInfo_list>
	</action>
 </action_list><action_list name="读取系统文件" level="2" descr="读取文件 HarddiskVolume1\WINDOWS\system32\msasn1.dll" times="0">
	<action field="start_boot" type="File" name="ReadFile" call_pid="2036" call_name="vasdllloader.exe" call_time="15:03:19.937">
	<exInfo_list count="1">
		<exInfo value="HarddiskVolume1\WINDOWS\system32\msasn1.dll" descr="文件路径"/>
	</exInfo_list>
	</action>
 </action_list><action_list name="读取系统文件" level="2" descr="读取文件 HarddiskVolume1\WINDOWS\system32\msvcrt.dll" times="0">
	<action field="start_boot" type="File" name="ReadFile" call_pid="2036" call_name="vasdllloader.exe" call_time="15:03:19.199">
	<exInfo_list count="1">
		<exInfo value="HarddiskVolume1\WINDOWS\system32\msvcrt.dll" descr="文件路径"/>
	</exInfo_list>
	</action>
 </action_list><action_list name="读取系统文件" level="2" descr="读取文件 HarddiskVolume1\WINDOWS\system32\imagehlp.dll" times="0">
	<action field="start_boot" type="File" name="ReadFile" call_pid="2036" call_name="vasdllloader.exe" call_time="15:03:19.537">
	<exInfo_list count="1">
		<exInfo value="HarddiskVolume1\WINDOWS\system32\imagehlp.dll" descr="文件路径"/>
	</exInfo_list>
	</action>
 </action_list><action_list name="读取系统文件" level="2" descr="读取文件 HarddiskVolume1\WINDOWS\system32\ws2help.dll" times="0">
	<action field="start_boot" type="File" name="ReadFile" call_pid="2036" call_name="vasdllloader.exe" call_time="15:03:19.824">
	<exInfo_list count="1">
		<exInfo value="HarddiskVolume1\WINDOWS\system32\ws2help.dll" descr="文件路径"/>
	</exInfo_list>
	</action>
 </action_list><action_list name="读取文件" level="2" descr="读取文件 CdRom0\1.dll" times="0">
	<action field="start_boot" type="File" name="ReadFile" call_pid="2036" call_name="vasdllloader.exe" call_time="15:03:19.432">
	<exInfo_list count="1">
		<exInfo value="CdRom0\1.dll" descr="文件路径"/>
	</exInfo_list>
	</action>
 </action_list><action_list name="加载模块" level="1" descr="加载模块 HarddiskVolume1\WINDOWS\system32\msctf.dll" times="0">
	<action field="start_boot" type="Memory" name="LoadLibrary" call_pid="2036" call_name="vasdllloader.exe" call_time="15:03:19.539">
	<exInfo_list count="1">
		<exInfo value="HarddiskVolume1\WINDOWS\system32\msctf.dll" descr="动态链接库"/>
	</exInfo_list>
	</action>
 </action_list><action_list name="加载模块" level="1" descr="加载模块 HarddiskVolume1\WINDOWS\system32\version.dll" times="0">
	<action field="start_boot" type="Memory" name="LoadLibrary" call_pid="2036" call_name="vasdllloader.exe" call_time="15:03:19.208">
	<exInfo_list count="1">
		<exInfo value="HarddiskVolume1\WINDOWS\system32\version.dll" descr="动态链接库"/>
	</exInfo_list>
	</action>
 </action_list><action_list name="加载模块" level="1" descr="加载模块 HarddiskVolume1\WINDOWS\system32\msctfime.ime" times="0">
	<action field="start_boot" type="Memory" name="LoadLibrary" call_pid="2036" call_name="vasdllloader.exe" call_time="15:03:19.341">
	<exInfo_list count="1">
		<exInfo value="HarddiskVolume1\WINDOWS\system32\msctfime.ime" descr="动态链接库"/>
	</exInfo_list>
	</action>
 </action_list><action_list name="加载模块" level="1" descr="加载模块 HarddiskVolume1\WINDOWS\system32\ole32.dll" times="0">
	<action field="start_boot" type="Memory" name="LoadLibrary" call_pid="2036" call_name="vasdllloader.exe" call_time="15:03:19.388">
	<exInfo_list count="1">
		<exInfo value="HarddiskVolume1\WINDOWS\system32\ole32.dll" descr="动态链接库"/>
	</exInfo_list>
	</action>
 </action_list><action_list name="分析结束" level="-1" descr="动态分析结束" times="0">
	<action field="start_boot" type="System" name="AnalyzeStop" call_pid="0" call_name="" call_time="15:08:15.538">
	<exInfo_list count="0">
	</exInfo_list>
	</action>
 </action_list></file>