<?xml version="1.0" encoding="UTF-8"?> 

<file name="1.dll" 文件扩展名信息="  描述：Dynamic-link library   使用信息: Windows 3.x - OS/2" sha1="58a46a89fdab20dad2874d0472cea0796645e116" md5="4688d1df80286e8221a9b8bb437aee8c" CRC32="b42420b9" SSDEEP="12288:LzXUSxlnzcYGVkpQPUhCMTtpf8enrJq0aSVZM:nUmlnzcD6psUhCMTtp5ng0ZVe" ImportHash="c54bfc94290cf9670c62cfee43b8404a" size="632832" type="dll" error="0" virusresult="" vp_name="klo07" reportType="final" exiftool="File Name                       : 1.dll--list--File Size                       : 618 kB--list--File Modification Date/Time     : 2020:06:19 15:42:25+08:00--list--File Access Date/Time           : 2020:06:19 15:42:25+08:00--list--File Inode Change Date/Time     : 2020:06:19 15:42:25+08:00--list--File Type                       : Win64 DLL--list--File Type Extension             : dll--list--MIME Type                       : application/octet-stream--list--Machine Type                    : AMD AMD64--list--Time Stamp                      : 2018:02:04 13:19:25+08:00--list--PE Type                         : PE32+--list--Linker Version                  : 12.0--list--Code Size                       : 474112--list--Initialized Data Size           : 293888--list--Uninitialized Data Size         : 0--list--Entry Point                     : 0x63f80--list--OS Version                      : 5.2--list--Image Version                   : 0.0--list--Subsystem Version               : 5.2--list--Subsystem                       : Windows GUI--list--" system="win7x64" peinfo="加壳信息 :  未发现加壳--list--文件熵 :  6.161461 (正常)--list--cpl分析 :  未检测到威胁--list--fpu反调试 :  未检测到--list--载入地址 :  可疑的载入点--list--代码入口信息 :  正常的入口--list--DOS stub : :  正常--list--TLS表信息 :  未发现--list--段信息 :  6--list--代码段 :  未见异常--list--只读数据段 :  未见异常--list--数据段 :  未见异常--list--.pdata 未见异常--list--资源段 :  未见异常--list--重定位段 :  未见异常--list--时间戳 :  未见异常--list--ASLR ：  开启--list--DEP/NX ：  开启--list--SEH ：  开启" AI_Scan="0" filetype="PE32+ executable (DLL) (GUI) x86-64, for MS Windows"><action_list name="分析开始" level="-1" descr="动态分析开始" times="0">
	<action field="start_boot" type="System" name="AnalyzeStart" call_pid="0" call_name="" call_time="15:42:43.000">
	<exInfo_list count="0">
	</exInfo_list>
	</action>
 </action_list><action_list name="分析引擎信息" level="-1" descr="12.6, 40, 2020-06-19_15:42:37==2020-06-19_15:42:43" times="0">
	<action field="start_boot" type="System" name="VasInfo" call_pid="0" call_name="" call_time="15:42:43.001">
	<exInfo_list count="3">
		<exInfo value="12.6" descr="分析引擎版本"/>
		<exInfo value="40" descr="最大并发数量"/>
		<exInfo value="2020-06-19_15:42:37==2020-06-19_15:42:43" descr="镜像加载耗时"/>
	</exInfo_list>
	</action>
 </action_list><action_list name="进程开始执行" level="1" descr="被 vasstarter.exe（1348）创建的进程开始执行" times="0">
	<action field="start_boot" type="Process" name="BeCreated" call_pid="744" call_name="vaslauncher.exe" call_time="15:42:45.002">
	<exInfo_list count="2">
		<exInfo value="vasstarter.exe" descr="父进程名"/>
		<exInfo value="1348" descr="父进程ID"/>
	</exInfo_list>
	</action>
 </action_list><action_list name="进程开始执行" level="1" descr="被 vasstarter.exe（1348）通过参数 D:\vaslauncher.exe 以 direct 方式创建的进程开始执行" times="0">
	<action field="start_boot" type="Process" name="BeCreatedEx" call_pid="744" call_name="vaslauncher.exe" call_time="15:42:45.003">
	<exInfo_list count="4">
		<exInfo value="vasstarter.exe" descr="父进程名"/>
		<exInfo value="1348" descr="父进程ID"/>
		<exInfo value="D:\vaslauncher.exe" descr="启动参数"/>
		<exInfo value="direct" descr="创建方式"/>
	</exInfo_list>
	</action>
 </action_list><action_list name="进程开始执行" level="1" descr="被 vaslauncher.ex（744）创建的进程开始执行" times="0">
	<action field="start_boot" type="Process" name="BeCreated" call_pid="2020" call_name="vasdllloader64.exe" call_time="15:42:51.004">
	<exInfo_list count="2">
		<exInfo value="vaslauncher.ex" descr="父进程名"/>
		<exInfo value="744" descr="父进程ID"/>
	</exInfo_list>
	</action>
 </action_list><action_list name="进程开始执行" level="1" descr="被 vaslauncher.ex（744）通过参数 &quot;C:\vastest\vasdllloader64.exe&quot;  以 direct 方式创建的进程开始执行" times="0">
	<action field="start_boot" type="Process" name="BeCreatedEx" call_pid="2020" call_name="vasdllloader64.exe" call_time="15:42:51.005">
	<exInfo_list count="4">
		<exInfo value="vaslauncher.ex" descr="父进程名"/>
		<exInfo value="744" descr="父进程ID"/>
		<exInfo value="&quot;C:\vastest\vasdllloader64.exe&quot; " descr="启动参数"/>
		<exInfo value="direct" descr="创建方式"/>
	</exInfo_list>
	</action>
 </action_list><action_list name="自解压" level="3" descr="代码自解压，逃避分析与查杀" times="0">
	<action field="start_boot" type="Memory" name="UnpackSelf" call_pid="2020" call_name="vasdllloader64.exe" call_time="15:42:51.006">
	<exInfo_list count="0">
	</exInfo_list>
	</action>
 </action_list><action_list name="加载模块" level="1" descr="加载模块 HarddiskVolume2\Windows\System32\wow64win.dll" times="0">
	<action field="start_boot" type="Memory" name="LoadLibrary" call_pid="2020" call_name="vasdllloader64.exe" call_time="15:42:51.009">
	<exInfo_list count="1">
		<exInfo value="HarddiskVolume2\Windows\System32\wow64win.dll" descr="动态链接库"/>
	</exInfo_list>
	</action>
 </action_list><action_list name="加载模块" level="1" descr="加载模块 HarddiskVolume2\Windows\System32\wow64cpu.dll" times="0">
	<action field="start_boot" type="Memory" name="LoadLibrary" call_pid="2020" call_name="vasdllloader64.exe" call_time="15:42:51.012">
	<exInfo_list count="1">
		<exInfo value="HarddiskVolume2\Windows\System32\wow64cpu.dll" descr="动态链接库"/>
	</exInfo_list>
	</action>
 </action_list><action_list name="加载模块" level="1" descr="加载模块 HarddiskVolume2\Windows\System32\kernel32.dll" times="0">
	<action field="start_boot" type="Memory" name="LoadLibrary" call_pid="2020" call_name="vasdllloader64.exe" call_time="15:42:51.015">
	<exInfo_list count="1">
		<exInfo value="HarddiskVolume2\Windows\System32\kernel32.dll" descr="动态链接库"/>
	</exInfo_list>
	</action>
 </action_list><action_list name="加载模块" level="1" descr="加载模块 HarddiskVolume2\Windows\SysWOW64\kernel32.dll" times="0">
	<action field="start_boot" type="Memory" name="LoadLibrary" call_pid="2020" call_name="vasdllloader64.exe" call_time="15:42:51.017">
	<exInfo_list count="1">
		<exInfo value="HarddiskVolume2\Windows\SysWOW64\kernel32.dll" descr="动态链接库"/>
	</exInfo_list>
	</action>
 </action_list><action_list name="加载模块" level="1" descr="加载模块 HarddiskVolume2\Windows\System32\kernel32.dll" times="0">
	<action field="start_boot" type="Memory" name="LoadLibrary" call_pid="2020" call_name="vasdllloader64.exe" call_time="15:42:51.019">
	<exInfo_list count="1">
		<exInfo value="HarddiskVolume2\Windows\System32\kernel32.dll" descr="动态链接库"/>
	</exInfo_list>
	</action>
 </action_list><action_list name="加载模块" level="1" descr="加载模块 HarddiskVolume2\Windows\System32\user32.dll" times="0">
	<action field="start_boot" type="Memory" name="LoadLibrary" call_pid="2020" call_name="vasdllloader64.exe" call_time="15:42:51.021">
	<exInfo_list count="1">
		<exInfo value="HarddiskVolume2\Windows\System32\user32.dll" descr="动态链接库"/>
	</exInfo_list>
	</action>
 </action_list><action_list name="加载模块" level="1" descr="加载模块 HarddiskVolume2\Windows\SysWOW64\kernel32.dll" times="0">
	<action field="start_boot" type="Memory" name="LoadLibrary" call_pid="2020" call_name="vasdllloader64.exe" call_time="15:42:51.030">
	<exInfo_list count="1">
		<exInfo value="HarddiskVolume2\Windows\SysWOW64\kernel32.dll" descr="动态链接库"/>
	</exInfo_list>
	</action>
 </action_list><action_list name="加载模块" level="1" descr="加载模块 HarddiskVolume2\Windows\SysWOW64\KernelBase.dll" times="0">
	<action field="start_boot" type="Memory" name="LoadLibrary" call_pid="2020" call_name="vasdllloader64.exe" call_time="15:42:51.032">
	<exInfo_list count="1">
		<exInfo value="HarddiskVolume2\Windows\SysWOW64\KernelBase.dll" descr="动态链接库"/>
	</exInfo_list>
	</action>
 </action_list><action_list name="加载模块" level="1" descr="加载模块 HarddiskVolume2\Windows\SysWOW64\advapi32.dll" times="0">
	<action field="start_boot" type="Memory" name="LoadLibrary" call_pid="2020" call_name="vasdllloader64.exe" call_time="15:42:51.043">
	<exInfo_list count="1">
		<exInfo value="HarddiskVolume2\Windows\SysWOW64\advapi32.dll" descr="动态链接库"/>
	</exInfo_list>
	</action>
 </action_list><action_list name="加载模块" level="1" descr="加载模块 HarddiskVolume2\Windows\SysWOW64\msvcrt.dll" times="0">
	<action field="start_boot" type="Memory" name="LoadLibrary" call_pid="2020" call_name="vasdllloader64.exe" call_time="15:42:51.045">
	<exInfo_list count="1">
		<exInfo value="HarddiskVolume2\Windows\SysWOW64\msvcrt.dll" descr="动态链接库"/>
	</exInfo_list>
	</action>
 </action_list><action_list name="加载模块" level="1" descr="加载模块 HarddiskVolume2\Windows\SysWOW64\sechost.dll" times="0">
	<action field="start_boot" type="Memory" name="LoadLibrary" call_pid="2020" call_name="vasdllloader64.exe" call_time="15:42:51.047">
	<exInfo_list count="1">
		<exInfo value="HarddiskVolume2\Windows\SysWOW64\sechost.dll" descr="动态链接库"/>
	</exInfo_list>
	</action>
 </action_list><action_list name="加载模块" level="1" descr="加载模块 HarddiskVolume2\Windows\SysWOW64\rpcrt4.dll" times="0">
	<action field="start_boot" type="Memory" name="LoadLibrary" call_pid="2020" call_name="vasdllloader64.exe" call_time="15:42:51.050">
	<exInfo_list count="1">
		<exInfo value="HarddiskVolume2\Windows\SysWOW64\rpcrt4.dll" descr="动态链接库"/>
	</exInfo_list>
	</action>
 </action_list><action_list name="加载模块" level="1" descr="加载模块 HarddiskVolume2\Windows\SysWOW64\sspicli.dll" times="0">
	<action field="start_boot" type="Memory" name="LoadLibrary" call_pid="2020" call_name="vasdllloader64.exe" call_time="15:42:51.052">
	<exInfo_list count="1">
		<exInfo value="HarddiskVolume2\Windows\SysWOW64\sspicli.dll" descr="动态链接库"/>
	</exInfo_list>
	</action>
 </action_list><action_list name="加载模块" level="1" descr="加载模块 HarddiskVolume2\Windows\SysWOW64\cryptbase.dll" times="0">
	<action field="start_boot" type="Memory" name="LoadLibrary" call_pid="2020" call_name="vasdllloader64.exe" call_time="15:42:51.054">
	<exInfo_list count="1">
		<exInfo value="HarddiskVolume2\Windows\SysWOW64\cryptbase.dll" descr="动态链接库"/>
	</exInfo_list>
	</action>
 </action_list><action_list name="加载模块" level="1" descr="加载模块 HarddiskVolume2\Windows\SysWOW64\apphelp.dll" times="0">
	<action field="start_boot" type="Memory" name="LoadLibrary" call_pid="2020" call_name="vasdllloader64.exe" call_time="15:42:51.057">
	<exInfo_list count="1">
		<exInfo value="HarddiskVolume2\Windows\SysWOW64\apphelp.dll" descr="动态链接库"/>
	</exInfo_list>
	</action>
 </action_list><action_list name="加载模块" level="1" descr="加载模块 HarddiskVolume2\Windows\AppPatch\AcLayers.dll" times="0">
	<action field="start_boot" type="Memory" name="LoadLibrary" call_pid="2020" call_name="vasdllloader64.exe" call_time="15:42:51.089">
	<exInfo_list count="1">
		<exInfo value="HarddiskVolume2\Windows\AppPatch\AcLayers.dll" descr="动态链接库"/>
	</exInfo_list>
	</action>
 </action_list><action_list name="加载模块" level="1" descr="加载模块 HarddiskVolume2\Windows\SysWOW64\user32.dll" times="0">
	<action field="start_boot" type="Memory" name="LoadLibrary" call_pid="2020" call_name="vasdllloader64.exe" call_time="15:42:51.092">
	<exInfo_list count="1">
		<exInfo value="HarddiskVolume2\Windows\SysWOW64\user32.dll" descr="动态链接库"/>
	</exInfo_list>
	</action>
 </action_list><action_list name="加载模块" level="1" descr="加载模块 HarddiskVolume2\Windows\SysWOW64\gdi32.dll" times="0">
	<action field="start_boot" type="Memory" name="LoadLibrary" call_pid="2020" call_name="vasdllloader64.exe" call_time="15:42:51.094">
	<exInfo_list count="1">
		<exInfo value="HarddiskVolume2\Windows\SysWOW64\gdi32.dll" descr="动态链接库"/>
	</exInfo_list>
	</action>
 </action_list><action_list name="加载模块" level="1" descr="加载模块 HarddiskVolume2\Windows\SysWOW64\lpk.dll" times="0">
	<action field="start_boot" type="Memory" name="LoadLibrary" call_pid="2020" call_name="vasdllloader64.exe" call_time="15:42:51.096">
	<exInfo_list count="1">
		<exInfo value="HarddiskVolume2\Windows\SysWOW64\lpk.dll" descr="动态链接库"/>
	</exInfo_list>
	</action>
 </action_list><action_list name="加载模块" level="1" descr="加载模块 HarddiskVolume2\Windows\SysWOW64\usp10.dll" times="0">
	<action field="start_boot" type="Memory" name="LoadLibrary" call_pid="2020" call_name="vasdllloader64.exe" call_time="15:42:51.098">
	<exInfo_list count="1">
		<exInfo value="HarddiskVolume2\Windows\SysWOW64\usp10.dll" descr="动态链接库"/>
	</exInfo_list>
	</action>
 </action_list><action_list name="加载模块" level="1" descr="加载模块 HarddiskVolume2\Windows\SysWOW64\shell32.dll" times="0">
	<action field="start_boot" type="Memory" name="LoadLibrary" call_pid="2020" call_name="vasdllloader64.exe" call_time="15:42:51.100">
	<exInfo_list count="1">
		<exInfo value="HarddiskVolume2\Windows\SysWOW64\shell32.dll" descr="动态链接库"/>
	</exInfo_list>
	</action>
 </action_list><action_list name="加载模块" level="1" descr="加载模块 HarddiskVolume2\Windows\SysWOW64\shlwapi.dll" times="0">
	<action field="start_boot" type="Memory" name="LoadLibrary" call_pid="2020" call_name="vasdllloader64.exe" call_time="15:42:51.102">
	<exInfo_list count="1">
		<exInfo value="HarddiskVolume2\Windows\SysWOW64\shlwapi.dll" descr="动态链接库"/>
	</exInfo_list>
	</action>
 </action_list><action_list name="加载模块" level="1" descr="加载模块 HarddiskVolume2\Windows\SysWOW64\ole32.dll" times="0">
	<action field="start_boot" type="Memory" name="LoadLibrary" call_pid="2020" call_name="vasdllloader64.exe" call_time="15:42:51.104">
	<exInfo_list count="1">
		<exInfo value="HarddiskVolume2\Windows\SysWOW64\ole32.dll" descr="动态链接库"/>
	</exInfo_list>
	</action>
 </action_list><action_list name="加载模块" level="1" descr="加载模块 HarddiskVolume2\Windows\SysWOW64\oleaut32.dll" times="0">
	<action field="start_boot" type="Memory" name="LoadLibrary" call_pid="2020" call_name="vasdllloader64.exe" call_time="15:42:51.106">
	<exInfo_list count="1">
		<exInfo value="HarddiskVolume2\Windows\SysWOW64\oleaut32.dll" descr="动态链接库"/>
	</exInfo_list>
	</action>
 </action_list><action_list name="加载模块" level="1" descr="加载模块 HarddiskVolume2\Windows\SysWOW64\userenv.dll" times="0">
	<action field="start_boot" type="Memory" name="LoadLibrary" call_pid="2020" call_name="vasdllloader64.exe" call_time="15:42:51.108">
	<exInfo_list count="1">
		<exInfo value="HarddiskVolume2\Windows\SysWOW64\userenv.dll" descr="动态链接库"/>
	</exInfo_list>
	</action>
 </action_list><action_list name="加载模块" level="1" descr="加载模块 HarddiskVolume2\Windows\SysWOW64\profapi.dll" times="0">
	<action field="start_boot" type="Memory" name="LoadLibrary" call_pid="2020" call_name="vasdllloader64.exe" call_time="15:42:51.111">
	<exInfo_list count="1">
		<exInfo value="HarddiskVolume2\Windows\SysWOW64\profapi.dll" descr="动态链接库"/>
	</exInfo_list>
	</action>
 </action_list><action_list name="加载模块" level="1" descr="加载模块 HarddiskVolume2\Windows\SysWOW64\winspool.drv" times="0">
	<action field="start_boot" type="Memory" name="LoadLibrary" call_pid="2020" call_name="vasdllloader64.exe" call_time="15:42:51.114">
	<exInfo_list count="1">
		<exInfo value="HarddiskVolume2\Windows\SysWOW64\winspool.drv" descr="动态链接库"/>
	</exInfo_list>
	</action>
 </action_list><action_list name="加载模块" level="1" descr="加载模块 HarddiskVolume2\Windows\SysWOW64\mpr.dll" times="0">
	<action field="start_boot" type="Memory" name="LoadLibrary" call_pid="2020" call_name="vasdllloader64.exe" call_time="15:42:51.117">
	<exInfo_list count="1">
		<exInfo value="HarddiskVolume2\Windows\SysWOW64\mpr.dll" descr="动态链接库"/>
	</exInfo_list>
	</action>
 </action_list><action_list name="加载模块" level="1" descr="加载模块 HarddiskVolume2\Windows\SysWOW64\imm32.dll" times="0">
	<action field="start_boot" type="Memory" name="LoadLibrary" call_pid="2020" call_name="vasdllloader64.exe" call_time="15:42:51.176">
	<exInfo_list count="1">
		<exInfo value="HarddiskVolume2\Windows\SysWOW64\imm32.dll" descr="动态链接库"/>
	</exInfo_list>
	</action>
 </action_list><action_list name="加载模块" level="1" descr="加载模块 HarddiskVolume2\Windows\SysWOW64\msctf.dll" times="0">
	<action field="start_boot" type="Memory" name="LoadLibrary" call_pid="2020" call_name="vasdllloader64.exe" call_time="15:42:51.179">
	<exInfo_list count="1">
		<exInfo value="HarddiskVolume2\Windows\SysWOW64\msctf.dll" descr="动态链接库"/>
	</exInfo_list>
	</action>
 </action_list><action_list name="配置权限" level="1" descr="改变进程的权限" times="0">
	<action field="start_boot" type="Process" name="AdjustPrivilege" call_pid="2020" call_name="vasdllloader64.exe" call_time="15:42:51.230">
	<exInfo_list count="0">
	</exInfo_list>
	</action>
 </action_list><action_list name="读取文件" level="2" descr="读取文件 CdRom0\vasdllinfo" times="0">
	<action field="start_boot" type="File" name="ReadFile" call_pid="2020" call_name="vasdllloader64.exe" call_time="15:42:51.234">
	<exInfo_list count="1">
		<exInfo value="CdRom0\vasdllinfo" descr="文件路径"/>
	</exInfo_list>
	</action>
 </action_list><action_list name="加载模块" level="1" descr="加载模块 CdRom0\1.dll" times="0">
	<action field="start_boot" type="Memory" name="LoadLibrary" call_pid="2020" call_name="vasdllloader64.exe" call_time="15:42:51.237">
	<exInfo_list count="1">
		<exInfo value="CdRom0\1.dll" descr="动态链接库"/>
	</exInfo_list>
	</action>
 </action_list><action_list name="程序退出" level="-1" descr="vasdllloader64.exe 退出" times="0">
	<action field="start_boot" type="Process" name="TerminateProcess" call_pid="2020" call_name="vasdllloader64.exe" call_time="15:42:51.245">
	<exInfo_list count="1">
		<exInfo value="vasdllloader64.exe" descr="结束进程名"/>
	</exInfo_list>
	</action>
 </action_list><action_list name="检测分析环境" level="1" descr="通过 sleep(60s) 技术检测虚拟机或调试器，逃避分析与查杀" times="0">
	<action field="start_boot" type="System" name="DetectDebugger" call_pid="2020" call_name="vasdllloader64.exe" call_time="15:42:52.285">
	<exInfo_list count="1">
		<exInfo value="sleep(60s)" descr="技术手段"/>
	</exInfo_list>
	</action>
 </action_list><action_list name="程序退出" level="-1" descr="vasdllloader64.exe 退出" times="0">
	<action field="start_boot" type="Process" name="TerminateProcess" call_pid="2020" call_name="vasdllloader64.exe" call_time="15:42:52.292">
	<exInfo_list count="1">
		<exInfo value="vasdllloader64.exe" descr="结束进程名"/>
	</exInfo_list>
	</action>
 </action_list><action_list name="进程开始执行" level="1" descr="被 vasdllloader64（2020）间接创建的进程开始执行" times="0">
	<action field="start_boot" type="Process" name="BeCreatedIndirectly" call_pid="568" call_name="mscorsvw.exe" call_time="15:47:23.293">
	<exInfo_list count="2">
		<exInfo value="vasdllloader64" descr="父进程名"/>
		<exInfo value="2020" descr="父进程ID"/>
	</exInfo_list>
	</action>
 </action_list><action_list name="进程开始执行" level="1" descr="被 vasdllloader64（2020）通过参数 C:\Windows\Microsoft.NET\Framework64\v4.0.30319\mscorsvw.exe -UseCLSID {FD2DB28A-26EA-478A-8953-F9B90D08D86C} -Comment &quot;NGen Worker Process&quot; 以 indirect 方式创建的进程开始执行" times="0">
	<action field="start_boot" type="Process" name="BeCreatedEx" call_pid="568" call_name="mscorsvw.exe" call_time="15:47:23.294">
	<exInfo_list count="4">
		<exInfo value="vasdllloader64" descr="父进程名"/>
		<exInfo value="2020" descr="父进程ID"/>
		<exInfo value="C:\Windows\Microsoft.NET\Framework64\v4.0.30319\mscorsvw.exe -UseCLSID {FD2DB28A-26EA-478A-8953-F9B90D08D86C} -Comment &quot;NGen Worker Process&quot;" descr="启动参数"/>
		<exInfo value="indirect" descr="创建方式"/>
	</exInfo_list>
	</action>
 </action_list><action_list name="加载模块" level="1" descr="加载模块 HarddiskVolume2\Windows\System32\kernel32.dll" times="0">
	<action field="start_boot" type="Memory" name="LoadLibrary" call_pid="568" call_name="mscorsvw.exe" call_time="15:47:23.295">
	<exInfo_list count="1">
		<exInfo value="HarddiskVolume2\Windows\System32\kernel32.dll" descr="动态链接库"/>
	</exInfo_list>
	</action>
 </action_list><action_list name="加载模块" level="1" descr="加载模块 HarddiskVolume2\Windows\System32\KernelBase.dll" times="0">
	<action field="start_boot" type="Memory" name="LoadLibrary" call_pid="568" call_name="mscorsvw.exe" call_time="15:47:23.297">
	<exInfo_list count="1">
		<exInfo value="HarddiskVolume2\Windows\System32\KernelBase.dll" descr="动态链接库"/>
	</exInfo_list>
	</action>
 </action_list><action_list name="加载模块" level="1" descr="加载模块 HarddiskVolume2\Windows\System32\msvcr100_clr0400.dll" times="0">
	<action field="start_boot" type="Memory" name="LoadLibrary" call_pid="568" call_name="mscorsvw.exe" call_time="15:47:23.308">
	<exInfo_list count="1">
		<exInfo value="HarddiskVolume2\Windows\System32\msvcr100_clr0400.dll" descr="动态链接库"/>
	</exInfo_list>
	</action>
 </action_list><action_list name="加载模块" level="1" descr="加载模块 HarddiskVolume2\Windows\System32\advapi32.dll" times="0">
	<action field="start_boot" type="Memory" name="LoadLibrary" call_pid="568" call_name="mscorsvw.exe" call_time="15:47:23.311">
	<exInfo_list count="1">
		<exInfo value="HarddiskVolume2\Windows\System32\advapi32.dll" descr="动态链接库"/>
	</exInfo_list>
	</action>
 </action_list><action_list name="加载模块" level="1" descr="加载模块 HarddiskVolume2\Windows\System32\msvcrt.dll" times="0">
	<action field="start_boot" type="Memory" name="LoadLibrary" call_pid="568" call_name="mscorsvw.exe" call_time="15:47:23.313">
	<exInfo_list count="1">
		<exInfo value="HarddiskVolume2\Windows\System32\msvcrt.dll" descr="动态链接库"/>
	</exInfo_list>
	</action>
 </action_list><action_list name="加载模块" level="1" descr="加载模块 HarddiskVolume2\Windows\System32\sechost.dll" times="0">
	<action field="start_boot" type="Memory" name="LoadLibrary" call_pid="568" call_name="mscorsvw.exe" call_time="15:47:23.315">
	<exInfo_list count="1">
		<exInfo value="HarddiskVolume2\Windows\System32\sechost.dll" descr="动态链接库"/>
	</exInfo_list>
	</action>
 </action_list><action_list name="加载模块" level="1" descr="加载模块 HarddiskVolume2\Windows\System32\rpcrt4.dll" times="0">
	<action field="start_boot" type="Memory" name="LoadLibrary" call_pid="568" call_name="mscorsvw.exe" call_time="15:47:23.318">
	<exInfo_list count="1">
		<exInfo value="HarddiskVolume2\Windows\System32\rpcrt4.dll" descr="动态链接库"/>
	</exInfo_list>
	</action>
 </action_list><action_list name="加载模块" level="1" descr="加载模块 HarddiskVolume2\Windows\System32\user32.dll" times="0">
	<action field="start_boot" type="Memory" name="LoadLibrary" call_pid="568" call_name="mscorsvw.exe" call_time="15:47:23.320">
	<exInfo_list count="1">
		<exInfo value="HarddiskVolume2\Windows\System32\user32.dll" descr="动态链接库"/>
	</exInfo_list>
	</action>
 </action_list><action_list name="加载模块" level="1" descr="加载模块 HarddiskVolume2\Windows\System32\gdi32.dll" times="0">
	<action field="start_boot" type="Memory" name="LoadLibrary" call_pid="568" call_name="mscorsvw.exe" call_time="15:47:23.322">
	<exInfo_list count="1">
		<exInfo value="HarddiskVolume2\Windows\System32\gdi32.dll" descr="动态链接库"/>
	</exInfo_list>
	</action>
 </action_list><action_list name="加载模块" level="1" descr="加载模块 HarddiskVolume2\Windows\System32\lpk.dll" times="0">
	<action field="start_boot" type="Memory" name="LoadLibrary" call_pid="568" call_name="mscorsvw.exe" call_time="15:47:23.324">
	<exInfo_list count="1">
		<exInfo value="HarddiskVolume2\Windows\System32\lpk.dll" descr="动态链接库"/>
	</exInfo_list>
	</action>
 </action_list><action_list name="加载模块" level="1" descr="加载模块 HarddiskVolume2\Windows\System32\usp10.dll" times="0">
	<action field="start_boot" type="Memory" name="LoadLibrary" call_pid="568" call_name="mscorsvw.exe" call_time="15:47:23.326">
	<exInfo_list count="1">
		<exInfo value="HarddiskVolume2\Windows\System32\usp10.dll" descr="动态链接库"/>
	</exInfo_list>
	</action>
 </action_list><action_list name="加载模块" level="1" descr="加载模块 HarddiskVolume2\Windows\System32\mscoree.dll" times="0">
	<action field="start_boot" type="Memory" name="LoadLibrary" call_pid="568" call_name="mscorsvw.exe" call_time="15:47:23.328">
	<exInfo_list count="1">
		<exInfo value="HarddiskVolume2\Windows\System32\mscoree.dll" descr="动态链接库"/>
	</exInfo_list>
	</action>
 </action_list><action_list name="加载模块" level="1" descr="加载模块 HarddiskVolume2\Windows\System32\ole32.dll" times="0">
	<action field="start_boot" type="Memory" name="LoadLibrary" call_pid="568" call_name="mscorsvw.exe" call_time="15:47:23.333">
	<exInfo_list count="1">
		<exInfo value="HarddiskVolume2\Windows\System32\ole32.dll" descr="动态链接库"/>
	</exInfo_list>
	</action>
 </action_list><action_list name="加载模块" level="1" descr="加载模块 HarddiskVolume2\Windows\System32\oleaut32.dll" times="0">
	<action field="start_boot" type="Memory" name="LoadLibrary" call_pid="568" call_name="mscorsvw.exe" call_time="15:47:23.335">
	<exInfo_list count="1">
		<exInfo value="HarddiskVolume2\Windows\System32\oleaut32.dll" descr="动态链接库"/>
	</exInfo_list>
	</action>
 </action_list><action_list name="加载模块" level="1" descr="加载模块 HarddiskVolume2\Windows\System32\imm32.dll" times="0">
	<action field="start_boot" type="Memory" name="LoadLibrary" call_pid="568" call_name="mscorsvw.exe" call_time="15:47:23.365">
	<exInfo_list count="1">
		<exInfo value="HarddiskVolume2\Windows\System32\imm32.dll" descr="动态链接库"/>
	</exInfo_list>
	</action>
 </action_list><action_list name="加载模块" level="1" descr="加载模块 HarddiskVolume2\Windows\System32\msctf.dll" times="0">
	<action field="start_boot" type="Memory" name="LoadLibrary" call_pid="568" call_name="mscorsvw.exe" call_time="15:47:23.368">
	<exInfo_list count="1">
		<exInfo value="HarddiskVolume2\Windows\System32\msctf.dll" descr="动态链接库"/>
	</exInfo_list>
	</action>
 </action_list><action_list name="加载模块" level="1" descr="加载模块 HarddiskVolume2\Windows\System32\cryptbase.dll" times="0">
	<action field="start_boot" type="Memory" name="LoadLibrary" call_pid="568" call_name="mscorsvw.exe" call_time="15:47:23.474">
	<exInfo_list count="1">
		<exInfo value="HarddiskVolume2\Windows\System32\cryptbase.dll" descr="动态链接库"/>
	</exInfo_list>
	</action>
 </action_list><action_list name="加载模块" level="1" descr="加载模块 HarddiskVolume2\Windows\System32\clbcatq.dll" times="0">
	<action field="start_boot" type="Memory" name="LoadLibrary" call_pid="568" call_name="mscorsvw.exe" call_time="15:47:23.482">
	<exInfo_list count="1">
		<exInfo value="HarddiskVolume2\Windows\System32\clbcatq.dll" descr="动态链接库"/>
	</exInfo_list>
	</action>
 </action_list><action_list name="加载模块" level="1" descr="加载模块 HarddiskVolume2\Windows\System32\cryptsp.dll" times="0">
	<action field="start_boot" type="Memory" name="LoadLibrary" call_pid="568" call_name="mscorsvw.exe" call_time="15:47:23.502">
	<exInfo_list count="1">
		<exInfo value="HarddiskVolume2\Windows\System32\cryptsp.dll" descr="动态链接库"/>
	</exInfo_list>
	</action>
 </action_list><action_list name="加载模块" level="1" descr="加载模块 HarddiskVolume2\Windows\System32\rsaenh.dll" times="0">
	<action field="start_boot" type="Memory" name="LoadLibrary" call_pid="568" call_name="mscorsvw.exe" call_time="15:47:23.519">
	<exInfo_list count="1">
		<exInfo value="HarddiskVolume2\Windows\System32\rsaenh.dll" descr="动态链接库"/>
	</exInfo_list>
	</action>
 </action_list><action_list name="加载模块" level="1" descr="加载模块 HarddiskVolume2\Windows\System32\RpcRtRemote.dll" times="0">
	<action field="start_boot" type="Memory" name="LoadLibrary" call_pid="568" call_name="mscorsvw.exe" call_time="15:47:23.538">
	<exInfo_list count="1">
		<exInfo value="HarddiskVolume2\Windows\System32\RpcRtRemote.dll" descr="动态链接库"/>
	</exInfo_list>
	</action>
 </action_list><action_list name="检测虚拟机" level="3" descr="通过 IsDebuggerPresent 技术检测虚拟机或调试器，逃避分析与查杀" times="0">
	<action field="start_boot" type="System" name="DetectDebugger" call_pid="568" call_name="mscorsvw.exe" call_time="15:47:23.556">
	<exInfo_list count="1">
		<exInfo value="IsDebuggerPresent" descr="技术手段"/>
	</exInfo_list>
	</action>
 </action_list><action_list name="检测分析环境" level="1" descr="通过 sleep(60s) 技术检测虚拟机或调试器，逃避分析与查杀" times="0">
	<action field="start_boot" type="System" name="DetectDebugger" call_pid="568" call_name="mscorsvw.exe" call_time="15:47:23.557">
	<exInfo_list count="1">
		<exInfo value="sleep(60s)" descr="技术手段"/>
	</exInfo_list>
	</action>
 </action_list><action_list name="加载模块" level="1" descr="加载模块 HarddiskVolume2\Windows\System32\sxs.dll" times="0">
	<action field="start_boot" type="Memory" name="LoadLibrary" call_pid="568" call_name="mscorsvw.exe" call_time="15:47:23.573">
	<exInfo_list count="1">
		<exInfo value="HarddiskVolume2\Windows\System32\sxs.dll" descr="动态链接库"/>
	</exInfo_list>
	</action>
 </action_list><action_list name="检测虚拟机" level="3" descr="通过 IsDebuggerPresent 技术检测虚拟机或调试器，逃避分析与查杀" times="0">
	<action field="start_boot" type="System" name="DetectDebugger" call_pid="568" call_name="mscorsvw.exe" call_time="15:47:23.582">
	<exInfo_list count="1">
		<exInfo value="IsDebuggerPresent" descr="技术手段"/>
	</exInfo_list>
	</action>
 </action_list><action_list name="读取系统文件" level="2" descr="读取文件 HarddiskVolume2\Windows\Microsoft.NET\Framework64\v4.0.30319\mscoree.tlb" times="0">
	<action field="start_boot" type="File" name="ReadFile" call_pid="568" call_name="mscorsvw.exe" call_time="15:47:23.597">
	<exInfo_list count="1">
		<exInfo value="HarddiskVolume2\Windows\Microsoft.NET\Framework64\v4.0.30319\mscoree.tlb" descr="文件路径"/>
	</exInfo_list>
	</action>
 </action_list><action_list name="读取系统文件" level="2" descr="读取文件 HarddiskVolume2\Windows\System32\stdole2.tlb" times="0">
	<action field="start_boot" type="File" name="ReadFile" call_pid="568" call_name="mscorsvw.exe" call_time="15:47:23.640">
	<exInfo_list count="1">
		<exInfo value="HarddiskVolume2\Windows\System32\stdole2.tlb" descr="文件路径"/>
	</exInfo_list>
	</action>
 </action_list><action_list name="读取系统文件" level="2" descr="读取文件 HarddiskVolume2\Windows\Microsoft.NET\Framework64\v4.0.30319\mscoree.tlb" times="0">
	<action field="start_boot" type="File" name="ReadFile" call_pid="568" call_name="mscorsvw.exe" call_time="15:47:23.706">
	<exInfo_list count="1">
		<exInfo value="HarddiskVolume2\Windows\Microsoft.NET\Framework64\v4.0.30319\mscoree.tlb" descr="文件路径"/>
	</exInfo_list>
	</action>
 </action_list><action_list name="读取系统文件" level="2" descr="读取文件 HarddiskVolume2\Windows\System32\stdole2.tlb" times="0">
	<action field="start_boot" type="File" name="ReadFile" call_pid="568" call_name="mscorsvw.exe" call_time="15:47:23.749">
	<exInfo_list count="1">
		<exInfo value="HarddiskVolume2\Windows\System32\stdole2.tlb" descr="文件路径"/>
	</exInfo_list>
	</action>
 </action_list><action_list name="加载模块" level="1" descr="加载模块 HarddiskVolume2\Windows\Microsoft.NET\Framework64\v4.0.30319\mscoreei.dll" times="0">
	<action field="start_boot" type="Memory" name="LoadLibrary" call_pid="568" call_name="mscorsvw.exe" call_time="15:47:24.800">
	<exInfo_list count="1">
		<exInfo value="HarddiskVolume2\Windows\Microsoft.NET\Framework64\v4.0.30319\mscoreei.dll" descr="动态链接库"/>
	</exInfo_list>
	</action>
 </action_list><action_list name="加载模块" level="1" descr="加载模块 HarddiskVolume2\Windows\Microsoft.NET\Framework64\v4.0.30319\clr.dll" times="0">
	<action field="start_boot" type="Memory" name="LoadLibrary" call_pid="568" call_name="mscorsvw.exe" call_time="15:47:24.851">
	<exInfo_list count="1">
		<exInfo value="HarddiskVolume2\Windows\Microsoft.NET\Framework64\v4.0.30319\clr.dll" descr="动态链接库"/>
	</exInfo_list>
	</action>
 </action_list><action_list name="加载模块" level="1" descr="加载模块 HarddiskVolume2\Windows\System32\shlwapi.dll" times="0">
	<action field="start_boot" type="Memory" name="LoadLibrary" call_pid="568" call_name="mscorsvw.exe" call_time="15:47:24.855">
	<exInfo_list count="1">
		<exInfo value="HarddiskVolume2\Windows\System32\shlwapi.dll" descr="动态链接库"/>
	</exInfo_list>
	</action>
 </action_list><action_list name="读取系统文件" level="2" descr="读取文件 HarddiskVolume2\Windows\Microsoft.NET\Framework64\v4.0.30319\mscoree.tlb" times="0">
	<action field="start_boot" type="File" name="ReadFile" call_pid="568" call_name="mscorsvw.exe" call_time="15:47:24.049">
	<exInfo_list count="1">
		<exInfo value="HarddiskVolume2\Windows\Microsoft.NET\Framework64\v4.0.30319\mscoree.tlb" descr="文件路径"/>
	</exInfo_list>
	</action>
 </action_list><action_list name="读取系统文件" level="2" descr="读取文件 HarddiskVolume2\Windows\System32\stdole2.tlb" times="0">
	<action field="start_boot" type="File" name="ReadFile" call_pid="568" call_name="mscorsvw.exe" call_time="15:47:24.091">
	<exInfo_list count="1">
		<exInfo value="HarddiskVolume2\Windows\System32\stdole2.tlb" descr="文件路径"/>
	</exInfo_list>
	</action>
 </action_list><action_list name="读取系统文件" level="2" descr="读取文件 HarddiskVolume2\Windows\Microsoft.NET\Framework64\v4.0.30319\mscoree.tlb" times="0">
	<action field="start_boot" type="File" name="ReadFile" call_pid="568" call_name="mscorsvw.exe" call_time="15:47:24.146">
	<exInfo_list count="1">
		<exInfo value="HarddiskVolume2\Windows\Microsoft.NET\Framework64\v4.0.30319\mscoree.tlb" descr="文件路径"/>
	</exInfo_list>
	</action>
 </action_list><action_list name="读取系统文件" level="2" descr="读取文件 HarddiskVolume2\Windows\System32\stdole2.tlb" times="0">
	<action field="start_boot" type="File" name="ReadFile" call_pid="568" call_name="mscorsvw.exe" call_time="15:47:24.189">
	<exInfo_list count="1">
		<exInfo value="HarddiskVolume2\Windows\System32\stdole2.tlb" descr="文件路径"/>
	</exInfo_list>
	</action>
 </action_list><action_list name="读取系统文件" level="2" descr="读取文件 HarddiskVolume2\Windows\Microsoft.NET\Framework64\v4.0.30319\Config\machine.config" times="0">
	<action field="start_boot" type="File" name="ReadFile" call_pid="568" call_name="mscorsvw.exe" call_time="15:47:24.253">
	<exInfo_list count="1">
		<exInfo value="HarddiskVolume2\Windows\Microsoft.NET\Framework64\v4.0.30319\Config\machine.config" descr="文件路径"/>
	</exInfo_list>
	</action>
 </action_list><action_list name="检测虚拟机" level="3" descr="通过 IsDebuggerPresent 技术检测虚拟机或调试器，逃避分析与查杀" times="0">
	<action field="start_boot" type="System" name="DetectDebugger" call_pid="568" call_name="mscorsvw.exe" call_time="15:47:24.320">
	<exInfo_list count="1">
		<exInfo value="IsDebuggerPresent" descr="技术手段"/>
	</exInfo_list>
	</action>
 </action_list><action_list name="检测分析环境" level="1" descr="通过 sleep(60s) 技术检测虚拟机或调试器，逃避分析与查杀" times="0">
	<action field="start_boot" type="System" name="DetectDebugger" call_pid="568" call_name="mscorsvw.exe" call_time="15:47:24.329">
	<exInfo_list count="1">
		<exInfo value="sleep(60s)" descr="技术手段"/>
	</exInfo_list>
	</action>
 </action_list><action_list name="检测分析环境" level="1" descr="通过 MemoryOperation 技术检测虚拟机或调试器，逃避分析与查杀" times="0">
	<action field="start_boot" type="System" name="DetectDebugger" call_pid="568" call_name="mscorsvw.exe" call_time="15:47:24.332">
	<exInfo_list count="1">
		<exInfo value="MemoryOperation" descr="技术手段"/>
	</exInfo_list>
	</action>
 </action_list><action_list name="加载模块" level="1" descr="加载模块 HarddiskVolume2\Windows\assembly\NativeImages_v4.0.30319_64\mscorlib\a7e82e3e824a3a255f5a8ce723973870\mscorlib.ni.dll" times="0">
	<action field="start_boot" type="Memory" name="LoadLibrary" call_pid="568" call_name="mscorsvw.exe" call_time="15:47:25.365">
	<exInfo_list count="1">
		<exInfo value="HarddiskVolume2\Windows\assembly\NativeImages_v4.0.30319_64\mscorlib\a7e82e3e824a3a255f5a8ce723973870\mscorlib.ni.dll" descr="动态链接库"/>
	</exInfo_list>
	</action>
 </action_list><action_list name="加载模块" level="1" descr="加载模块 HarddiskVolume2\Windows\Microsoft.NET\Framework64\v4.0.30319\clrjit.dll" times="0">
	<action field="start_boot" type="Memory" name="LoadLibrary" call_pid="568" call_name="mscorsvw.exe" call_time="15:47:25.379">
	<exInfo_list count="1">
		<exInfo value="HarddiskVolume2\Windows\Microsoft.NET\Framework64\v4.0.30319\clrjit.dll" descr="动态链接库"/>
	</exInfo_list>
	</action>
 </action_list><action_list name="加载模块" level="1" descr="加载模块 HarddiskVolume2\Windows\Microsoft.NET\Framework64\v4.0.30319\nlssorting.dll" times="0">
	<action field="start_boot" type="Memory" name="LoadLibrary" call_pid="568" call_name="mscorsvw.exe" call_time="15:47:25.400">
	<exInfo_list count="1">
		<exInfo value="HarddiskVolume2\Windows\Microsoft.NET\Framework64\v4.0.30319\nlssorting.dll" descr="动态链接库"/>
	</exInfo_list>
	</action>
 </action_list><action_list name="读取系统文件" level="2" descr="读取文件 HarddiskVolume2\Windows\Microsoft.NET\Framework64\v4.0.30319\msbuild.exe.config" times="0">
	<action field="start_boot" type="File" name="ReadFile" call_pid="568" call_name="mscorsvw.exe" call_time="15:47:26.734">
	<exInfo_list count="1">
		<exInfo value="HarddiskVolume2\Windows\Microsoft.NET\Framework64\v4.0.30319\msbuild.exe.config" descr="文件路径"/>
	</exInfo_list>
	</action>
 </action_list><action_list name="读取系统文件" level="2" descr="读取文件 HarddiskVolume2\Windows\Microsoft.NET\Framework64\v4.0.30319\Config\machine.config" times="0">
	<action field="start_boot" type="File" name="ReadFile" call_pid="568" call_name="mscorsvw.exe" call_time="15:47:26.863">
	<exInfo_list count="1">
		<exInfo value="HarddiskVolume2\Windows\Microsoft.NET\Framework64\v4.0.30319\Config\machine.config" descr="文件路径"/>
	</exInfo_list>
	</action>
 </action_list><action_list name="读取系统文件" level="2" descr="读取文件 HarddiskVolume2\Windows\Microsoft.NET\assembly\GAC_MSIL\System.Data.SqlXml\v4.0_4.0.0.0__b77a5c561934e089\System.Data.SqlXml.dll" times="0">
	<action field="start_boot" type="File" name="ReadFile" call_pid="568" call_name="mscorsvw.exe" call_time="15:47:26.092">
	<exInfo_list count="1">
		<exInfo value="HarddiskVolume2\Windows\Microsoft.NET\assembly\GAC_MSIL\System.Data.SqlXml\v4.0_4.0.0.0__b77a5c561934e089\System.Data.SqlXml.dll" descr="文件路径"/>
	</exInfo_list>
	</action>
 </action_list><action_list name="加载模块" level="1" descr="加载模块 HarddiskVolume2\Windows\System32\version.dll" times="0">
	<action field="start_boot" type="Memory" name="LoadLibrary" call_pid="568" call_name="mscorsvw.exe" call_time="15:47:26.100">
	<exInfo_list count="1">
		<exInfo value="HarddiskVolume2\Windows\System32\version.dll" descr="动态链接库"/>
	</exInfo_list>
	</action>
 </action_list><action_list name="读取系统文件" level="2" descr="读取文件 HarddiskVolume2\Windows\Microsoft.NET\assembly\GAC_64\mscorlib\v4.0_4.0.0.0__b77a5c561934e089\mscorlib.dll" times="0">
	<action field="start_boot" type="File" name="ReadFile" call_pid="568" call_name="mscorsvw.exe" call_time="15:47:26.153">
	<exInfo_list count="1">
		<exInfo value="HarddiskVolume2\Windows\Microsoft.NET\assembly\GAC_64\mscorlib\v4.0_4.0.0.0__b77a5c561934e089\mscorlib.dll" descr="文件路径"/>
	</exInfo_list>
	</action>
 </action_list><action_list name="加载模块" level="1" descr="加载模块 HarddiskVolume2\Windows\Microsoft.NET\assembly\GAC_64\mscorlib\v4.0_4.0.0.0__b77a5c561934e089\mscorlib.dll" times="0">
	<action field="start_boot" type="Memory" name="LoadLibrary" call_pid="568" call_name="mscorsvw.exe" call_time="15:47:26.154">
	<exInfo_list count="1">
		<exInfo value="HarddiskVolume2\Windows\Microsoft.NET\assembly\GAC_64\mscorlib\v4.0_4.0.0.0__b77a5c561934e089\mscorlib.dll" descr="动态链接库"/>
	</exInfo_list>
	</action>
 </action_list><action_list name="读取系统文件" level="2" descr="读取文件 HarddiskVolume2\Windows\Microsoft.NET\assembly\GAC_MSIL\System.Data.SqlXml\v4.0_4.0.0.0__b77a5c561934e089\System.Data.SqlXml.dll" times="0">
	<action field="start_boot" type="File" name="ReadFile" call_pid="568" call_name="mscorsvw.exe" call_time="15:47:26.169">
	<exInfo_list count="1">
		<exInfo value="HarddiskVolume2\Windows\Microsoft.NET\assembly\GAC_MSIL\System.Data.SqlXml\v4.0_4.0.0.0__b77a5c561934e089\System.Data.SqlXml.dll" descr="文件路径"/>
	</exInfo_list>
	</action>
 </action_list><action_list name="加载模块" level="1" descr="加载模块 HarddiskVolume2\Windows\assembly\NativeImages_v4.0.30319_64\System\d0b654e0abfe955e60cbd5260c5e6a3a\System.ni.dll" times="0">
	<action field="start_boot" type="Memory" name="LoadLibrary" call_pid="568" call_name="mscorsvw.exe" call_time="15:47:27.294">
	<exInfo_list count="1">
		<exInfo value="HarddiskVolume2\Windows\assembly\NativeImages_v4.0.30319_64\System\d0b654e0abfe955e60cbd5260c5e6a3a\System.ni.dll" descr="动态链接库"/>
	</exInfo_list>
	</action>
 </action_list><action_list name="加载模块" level="1" descr="加载模块 HarddiskVolume2\Windows\assembly\NativeImages_v4.0.30319_64\System.Xml\bac6c54ea4ab53fae5af69e5f53f191c\System.Xml.ni.dll" times="0">
	<action field="start_boot" type="Memory" name="LoadLibrary" call_pid="568" call_name="mscorsvw.exe" call_time="15:47:27.339">
	<exInfo_list count="1">
		<exInfo value="HarddiskVolume2\Windows\assembly\NativeImages_v4.0.30319_64\System.Xml\bac6c54ea4ab53fae5af69e5f53f191c\System.Xml.ni.dll" descr="动态链接库"/>
	</exInfo_list>
	</action>
 </action_list><action_list name="读取系统文件" level="2" descr="读取文件 HarddiskVolume2\Windows\Microsoft.NET\assembly\GAC_MSIL\System.Xml\v4.0_4.0.0.0__b77a5c561934e089\System.XML.dll" times="0">
	<action field="start_boot" type="File" name="ReadFile" call_pid="568" call_name="mscorsvw.exe" call_time="15:47:27.355">
	<exInfo_list count="1">
		<exInfo value="HarddiskVolume2\Windows\Microsoft.NET\assembly\GAC_MSIL\System.Xml\v4.0_4.0.0.0__b77a5c561934e089\System.XML.dll" descr="文件路径"/>
	</exInfo_list>
	</action>
 </action_list><action_list name="读取系统文件" level="2" descr="读取文件 HarddiskVolume2\Windows\Microsoft.NET\assembly\GAC_MSIL\System\v4.0_4.0.0.0__b77a5c561934e089\System.dll" times="0">
	<action field="start_boot" type="File" name="ReadFile" call_pid="568" call_name="mscorsvw.exe" call_time="15:47:27.403">
	<exInfo_list count="1">
		<exInfo value="HarddiskVolume2\Windows\Microsoft.NET\assembly\GAC_MSIL\System\v4.0_4.0.0.0__b77a5c561934e089\System.dll" descr="文件路径"/>
	</exInfo_list>
	</action>
 </action_list><action_list name="分析结束" level="-1" descr="动态分析结束" times="0">
	<action field="start_boot" type="System" name="AnalyzeStop" call_pid="0" call_name="" call_time="15:47:43.589">
	<exInfo_list count="0">
	</exInfo_list>
	</action>
 </action_list></file>