<?xml version="1.0" encoding="UTF-8"?> 

<file name="1.dll" 文件扩展名信息="  描述：Dynamic-link library   使用信息: Windows 3.x - OS/2" sha1="41f4f5b8671843656441c330ad87badc8527c59b" md5="7c0c401e151e62b22cdea563790f0f9a" CRC32="0241b548" SSDEEP="6144:WjoMLHLEbfdFpwPgHL8VjzKFc/OgEzGlD81rec:WVLr8drwsL8B2DgEeA1rl" ImportHash="d0dda3661e7a88423b25d6907b5198ad" size="227232" type="dll" error="0" virusresult="" vp_name="klo07" reportType="final" exiftool="File Name                       : 1.dll--list--File Size                       : 222 kB--list--File Modification Date/Time     : 2020:06:19 17:46:28+08:00--list--File Access Date/Time           : 2020:06:19 17:46:28+08:00--list--File Inode Change Date/Time     : 2020:06:19 17:46:28+08:00--list--File Type                       : Win32 DLL--list--File Type Extension             : dll--list--MIME Type                       : application/octet-stream--list--Machine Type                    : Intel 386 or later, and compatibles--list--Time Stamp                      : 2009:03:31 23:15:28+08:00--list--PE Type                         : PE32--list--Linker Version                  : 7.10--list--Code Size                       : 147456--list--Initialized Data Size           : 69632--list--Uninitialized Data Size         : 0--list--Entry Point                     : 0x136e7--list--OS Version                      : 4.0--list--Image Version                   : 0.0--list--Subsystem Version               : 4.0--list--Subsystem                       : Windows GUI--list--File Version Number             : 1.2.323.2--list--Product Version Number          : 1.2.323.2--list--File Flags Mask                 : 0x0017--list--File Flags                      : (none)--list--File OS                         : Win32--list--Object File Type                : Dynamic link library--list--File Subtype                    : 0--list--Language Code                   : English (U.S.)--list--Character Set                   : Unicode--list--Company Name                    : TMRG,  Inc.--list--File Description                : Relevant-Knowledge--list--File Version                    : 1, 2, 323, 2--list--Internal Name                   : --list--Legal Copyright                 : Copyright © 2001-2008--list--Original File Name              : --list--Product Name                    : Relevant-Knowledge--list--Product Version                 : 1, 2, 323, 2--list--" system="winxp" peinfo="加壳信息 :  Microsoft Visual C++ v7.1 DLL--list--文件熵 :  6.141893 (正常)--list--cpl分析 :  未检测到威胁--list--fpu反调试 :  未检测到--list--载入地址 :  可疑的载入点--list--代码入口信息 :  正常的入口--list--DOS stub : :  正常--list--TLS表信息 :  未发现--list--段信息 :  5--list--代码段 :  未见异常--list--只读数据段 :  未见异常--list--数据段 :  未见异常--list--资源段 :  未见异常--list--重定位段 :  未见异常--list--时间戳 :  未见异常--list--ASLR ：  未开启--list--DEP/NX ：  未开启--list--SEH ：  开启--list--数字签名类型 ：  PKCS签名--list--签名链 ： --list--@ Symantec Time Stamping Services CA - G2--list--@ Symantec Time Stamping Services Signer - G4--list--@ TMRG Inc.--list--@ Symantec Class 3 SHA256 Code Signing CA" AI_Scan="0" 签名链验证="证书错误" filetype="PE32 executable (DLL) (GUI) Intel 80386, for MS Windows"><action_list name="分析开始" level="-1" descr="动态分析开始" times="0">
	<action field="start_boot" type="System" name="AnalyzeStart" call_pid="0" call_name="" call_time="17:46:41.000">
	<exInfo_list count="0">
	</exInfo_list>
	</action>
 </action_list><action_list name="分析引擎信息" level="-1" descr="12.6, 40, 2020-06-19_17:46:37==2020-06-19_17:46:41" times="0">
	<action field="start_boot" type="System" name="VasInfo" call_pid="0" call_name="" call_time="17:46:41.001">
	<exInfo_list count="3">
		<exInfo value="12.6" descr="分析引擎版本"/>
		<exInfo value="40" descr="最大并发数量"/>
		<exInfo value="2020-06-19_17:46:37==2020-06-19_17:46:41" descr="镜像加载耗时"/>
	</exInfo_list>
	</action>
 </action_list><action_list name="进程开始执行" level="1" descr="被 vasstarter.exe（1676）创建的进程开始执行" times="0">
	<action field="start_boot" type="Process" name="BeCreated" call_pid="208" call_name="vaslauncher.exe" call_time="17:46:41.002">
	<exInfo_list count="2">
		<exInfo value="vasstarter.exe" descr="父进程名"/>
		<exInfo value="1676" descr="父进程ID"/>
	</exInfo_list>
	</action>
 </action_list><action_list name="进程开始执行" level="1" descr="被 vasstarter.exe（1676）通过参数 D:\vaslauncher.exe 以 direct 方式创建的进程开始执行" times="0">
	<action field="start_boot" type="Process" name="BeCreatedEx" call_pid="208" call_name="vaslauncher.exe" call_time="17:46:41.003">
	<exInfo_list count="4">
		<exInfo value="vasstarter.exe" descr="父进程名"/>
		<exInfo value="1676" descr="父进程ID"/>
		<exInfo value="D:\vaslauncher.exe" descr="启动参数"/>
		<exInfo value="direct" descr="创建方式"/>
	</exInfo_list>
	</action>
 </action_list><action_list name="进程开始执行" level="1" descr="被 vaslauncher.exe（208）创建的进程开始执行" times="0">
	<action field="start_boot" type="Process" name="BeCreated" call_pid="2036" call_name="vasdllloader.exe" call_time="17:46:43.004">
	<exInfo_list count="2">
		<exInfo value="vaslauncher.exe" descr="父进程名"/>
		<exInfo value="208" descr="父进程ID"/>
	</exInfo_list>
	</action>
 </action_list><action_list name="进程开始执行" level="1" descr="被 vaslauncher.exe（208）通过参数 &quot;C:\vastest\vasdllloader.exe&quot;  以 direct 方式创建的进程开始执行" times="0">
	<action field="start_boot" type="Process" name="BeCreatedEx" call_pid="2036" call_name="vasdllloader.exe" call_time="17:46:43.005">
	<exInfo_list count="4">
		<exInfo value="vaslauncher.exe" descr="父进程名"/>
		<exInfo value="208" descr="父进程ID"/>
		<exInfo value="&quot;C:\vastest\vasdllloader.exe&quot; " descr="启动参数"/>
		<exInfo value="direct" descr="创建方式"/>
	</exInfo_list>
	</action>
 </action_list><action_list name="加载模块" level="1" descr="加载模块 HarddiskVolume1\WINDOWS\system32\advapi32.dll" times="0">
	<action field="start_boot" type="Memory" name="LoadLibrary" call_pid="2036" call_name="vasdllloader.exe" call_time="17:46:43.085">
	<exInfo_list count="1">
		<exInfo value="HarddiskVolume1\WINDOWS\system32\advapi32.dll" descr="动态链接库"/>
	</exInfo_list>
	</action>
 </action_list><action_list name="加载模块" level="1" descr="加载模块 HarddiskVolume1\WINDOWS\system32\rpcrt4.dll" times="0">
	<action field="start_boot" type="Memory" name="LoadLibrary" call_pid="2036" call_name="vasdllloader.exe" call_time="17:46:43.091">
	<exInfo_list count="1">
		<exInfo value="HarddiskVolume1\WINDOWS\system32\rpcrt4.dll" descr="动态链接库"/>
	</exInfo_list>
	</action>
 </action_list><action_list name="加载模块" level="1" descr="加载模块 HarddiskVolume1\WINDOWS\system32\secur32.dll" times="0">
	<action field="start_boot" type="Memory" name="LoadLibrary" call_pid="2036" call_name="vasdllloader.exe" call_time="17:46:43.095">
	<exInfo_list count="1">
		<exInfo value="HarddiskVolume1\WINDOWS\system32\secur32.dll" descr="动态链接库"/>
	</exInfo_list>
	</action>
 </action_list><action_list name="检测分析环境" level="1" descr="通过 MemoryOperation 技术检测虚拟机或调试器，逃避分析与查杀" times="0">
	<action field="start_boot" type="System" name="DetectDebugger" call_pid="2036" call_name="vasdllloader.exe" call_time="17:46:43.227">
	<exInfo_list count="1">
		<exInfo value="MemoryOperation" descr="技术手段"/>
	</exInfo_list>
	</action>
 </action_list><action_list name="配置权限" level="1" descr="改变进程的权限" times="0">
	<action field="start_boot" type="Process" name="AdjustPrivilege" call_pid="2036" call_name="vasdllloader.exe" call_time="17:46:43.261">
	<exInfo_list count="0">
	</exInfo_list>
	</action>
 </action_list><action_list name="加载模块" level="1" descr="加载模块 CdRom0\1.dll" times="0">
	<action field="start_boot" type="Memory" name="LoadLibrary" call_pid="2036" call_name="vasdllloader.exe" call_time="17:46:44.288">
	<exInfo_list count="1">
		<exInfo value="CdRom0\1.dll" descr="动态链接库"/>
	</exInfo_list>
	</action>
 </action_list><action_list name="分析结束" level="-1" descr="动态分析结束" times="0">
	<action field="start_boot" type="System" name="AnalyzeStop" call_pid="0" call_name="" call_time="17:51:41.641">
	<exInfo_list count="0">
	</exInfo_list>
	</action>
 </action_list></file>