<?xml version="1.0" encoding="UTF-8"?> 

<file name="1.dll" 文件扩展名信息="  描述：Dynamic-link library   使用信息: Windows 3.x - OS/2" sha1="7571b74d9a3c98838238141f069877bdc7f47ad2" md5="8b5f1943a9fb9b998f26d9726052af8d" CRC32="76b7d4ab" SSDEEP="12288:ROovrs2EvrXEThQMSjy6qbWgU/Fqp9q9Cn5+E/S6qhYg6R:RjvVEvrXEThQMSuJbhE4p9q9CnAQqq7" ImportHash="0c7371cbd8b6e46973273605daf12555" size="983040" type="dll" error="0" virusresult="" vp_name="klo07" reportType="final" exiftool="File Name                       : 1.dll--list--File Size                       : 960 kB--list--File Modification Date/Time     : 2020:06:19 22:07:54+08:00--list--File Access Date/Time           : 2020:06:19 22:07:54+08:00--list--File Inode Change Date/Time     : 2020:06:19 22:07:54+08:00--list--File Type                       : Win32 DLL--list--File Type Extension             : dll--list--MIME Type                       : application/octet-stream--list--Machine Type                    : Intel 386 or later, and compatibles--list--Time Stamp                      : 2009:10:02 19:21:54+08:00--list--PE Type                         : PE32--list--Linker Version                  : 8.0--list--Code Size                       : 737280--list--Initialized Data Size           : 188416--list--Uninitialized Data Size         : 0--list--Entry Point                     : 0x77200--list--OS Version                      : 4.0--list--Image Version                   : 0.0--list--Subsystem Version               : 4.0--list--Subsystem                       : Windows GUI--list--File Version Number             : 5.0.0.18331--list--Product Version Number          : 5.0.0.18331--list--File Flags Mask                 : 0x003f--list--File Flags                      : Special build--list--File OS                         : Windows NT 32-bit--list--Object File Type                : Dynamic link library--list--File Subtype                    : 0--list--Language Code                   : English (U.S.)--list--Character Set                   : Unicode--list--Comments                        : VCore 3.3.8.145--list--Company Name                    : Microgaming--list--File Description                : SimplePickUntilBonus--list--File Version                    : 5.0.0.18331--list--Internal Name                   : SimplePickUntilBonus--list--Legal Copyright                 : Copyright © Microgaming 2000 - 2009--list--Legal Trademarks                : --list--Original File Name              : SimplePickUntilBonus.dll--list--Private Build                   : --list--Product Name                    : SimplePickUntilBonus--list--Product Version                 : 5.0.0.18331--list--Special Build                   : Gold Release--list--" system="winxp" peinfo="加壳信息 :  未发现加壳--list--文件熵 :  5.603618 (正常)--list--cpl分析 :  未检测到威胁--list--fpu反调试 :  未检测到--list--载入地址 :  可疑的载入点--list--代码入口信息 :  正常的入口--list--DOS stub : :  正常--list--TLS表信息 :  未发现--list--段信息 :  7--list--代码段 :  未见异常--list--只读数据段 :  未见异常--list--数据段 :  未见异常--list--输入表段 :  未见异常--list--资源段 :  未见异常--list--重定位段 :  未见异常--list--.rmnet 可能存在自修改代码--list--时间戳 :  未见异常--list--ASLR ：  未开启--list--DEP/NX ：  未开启--list--SEH ：  开启" AI_Scan="1" filetype="PE32 executable (DLL) (GUI) Intel 80386, for MS Windows"><action_list name="分析开始" level="-1" descr="动态分析开始" times="0">
	<action field="start_boot" type="System" name="AnalyzeStart" call_pid="0" call_name="" call_time="22:08:12.000">
	<exInfo_list count="0">
	</exInfo_list>
	</action>
 </action_list><action_list name="分析引擎信息" level="-1" descr="12.6, 40, 2020-06-19_22:08:09==2020-06-19_22:08:12" times="0">
	<action field="start_boot" type="System" name="VasInfo" call_pid="0" call_name="" call_time="22:08:12.001">
	<exInfo_list count="3">
		<exInfo value="12.6" descr="分析引擎版本"/>
		<exInfo value="40" descr="最大并发数量"/>
		<exInfo value="2020-06-19_22:08:09==2020-06-19_22:08:12" descr="镜像加载耗时"/>
	</exInfo_list>
	</action>
 </action_list><action_list name="进程开始执行" level="1" descr="被 vasstarter.exe（1676）创建的进程开始执行" times="0">
	<action field="start_boot" type="Process" name="BeCreated" call_pid="208" call_name="vaslauncher.exe" call_time="22:08:13.002">
	<exInfo_list count="2">
		<exInfo value="vasstarter.exe" descr="父进程名"/>
		<exInfo value="1676" descr="父进程ID"/>
	</exInfo_list>
	</action>
 </action_list><action_list name="进程开始执行" level="1" descr="被 vasstarter.exe（1676）通过参数 D:\vaslauncher.exe 以 direct 方式创建的进程开始执行" times="0">
	<action field="start_boot" type="Process" name="BeCreatedEx" call_pid="208" call_name="vaslauncher.exe" call_time="22:08:13.003">
	<exInfo_list count="4">
		<exInfo value="vasstarter.exe" descr="父进程名"/>
		<exInfo value="1676" descr="父进程ID"/>
		<exInfo value="D:\vaslauncher.exe" descr="启动参数"/>
		<exInfo value="direct" descr="创建方式"/>
	</exInfo_list>
	</action>
 </action_list><action_list name="进程开始执行" level="1" descr="被 vaslauncher.exe（208）创建的进程开始执行" times="0">
	<action field="start_boot" type="Process" name="BeCreated" call_pid="2036" call_name="vasdllloader.exe" call_time="22:08:15.004">
	<exInfo_list count="2">
		<exInfo value="vaslauncher.exe" descr="父进程名"/>
		<exInfo value="208" descr="父进程ID"/>
	</exInfo_list>
	</action>
 </action_list><action_list name="进程开始执行" level="1" descr="被 vaslauncher.exe（208）通过参数 &quot;C:\vastest\vasdllloader.exe&quot;  以 direct 方式创建的进程开始执行" times="0">
	<action field="start_boot" type="Process" name="BeCreatedEx" call_pid="2036" call_name="vasdllloader.exe" call_time="22:08:15.005">
	<exInfo_list count="4">
		<exInfo value="vaslauncher.exe" descr="父进程名"/>
		<exInfo value="208" descr="父进程ID"/>
		<exInfo value="&quot;C:\vastest\vasdllloader.exe&quot; " descr="启动参数"/>
		<exInfo value="direct" descr="创建方式"/>
	</exInfo_list>
	</action>
 </action_list><action_list name="加载模块" level="1" descr="加载模块 HarddiskVolume1\WINDOWS\system32\advapi32.dll" times="0">
	<action field="start_boot" type="Memory" name="LoadLibrary" call_pid="2036" call_name="vasdllloader.exe" call_time="22:08:15.085">
	<exInfo_list count="1">
		<exInfo value="HarddiskVolume1\WINDOWS\system32\advapi32.dll" descr="动态链接库"/>
	</exInfo_list>
	</action>
 </action_list><action_list name="加载模块" level="1" descr="加载模块 HarddiskVolume1\WINDOWS\system32\rpcrt4.dll" times="0">
	<action field="start_boot" type="Memory" name="LoadLibrary" call_pid="2036" call_name="vasdllloader.exe" call_time="22:08:15.091">
	<exInfo_list count="1">
		<exInfo value="HarddiskVolume1\WINDOWS\system32\rpcrt4.dll" descr="动态链接库"/>
	</exInfo_list>
	</action>
 </action_list><action_list name="加载模块" level="1" descr="加载模块 HarddiskVolume1\WINDOWS\system32\secur32.dll" times="0">
	<action field="start_boot" type="Memory" name="LoadLibrary" call_pid="2036" call_name="vasdllloader.exe" call_time="22:08:15.095">
	<exInfo_list count="1">
		<exInfo value="HarddiskVolume1\WINDOWS\system32\secur32.dll" descr="动态链接库"/>
	</exInfo_list>
	</action>
 </action_list><action_list name="检测分析环境" level="1" descr="通过 MemoryOperation 技术检测虚拟机或调试器，逃避分析与查杀" times="0">
	<action field="start_boot" type="System" name="DetectDebugger" call_pid="2036" call_name="vasdllloader.exe" call_time="22:08:15.227">
	<exInfo_list count="1">
		<exInfo value="MemoryOperation" descr="技术手段"/>
	</exInfo_list>
	</action>
 </action_list><action_list name="配置权限" level="1" descr="改变进程的权限" times="0">
	<action field="start_boot" type="Process" name="AdjustPrivilege" call_pid="2036" call_name="vasdllloader.exe" call_time="22:08:15.261">
	<exInfo_list count="0">
	</exInfo_list>
	</action>
 </action_list><action_list name="加载模块" level="1" descr="加载模块 CdRom0\1.dll" times="0">
	<action field="start_boot" type="Memory" name="LoadLibrary" call_pid="2036" call_name="vasdllloader.exe" call_time="22:08:15.288">
	<exInfo_list count="1">
		<exInfo value="CdRom0\1.dll" descr="动态链接库"/>
	</exInfo_list>
	</action>
 </action_list><action_list name="加载模块" level="1" descr="加载模块 HarddiskVolume1\WINDOWS\system32\user32.dll" times="0">
	<action field="start_boot" type="Memory" name="LoadLibrary" call_pid="2036" call_name="vasdllloader.exe" call_time="22:08:15.298">
	<exInfo_list count="1">
		<exInfo value="HarddiskVolume1\WINDOWS\system32\user32.dll" descr="动态链接库"/>
	</exInfo_list>
	</action>
 </action_list><action_list name="加载模块" level="1" descr="加载模块 HarddiskVolume1\WINDOWS\system32\gdi32.dll" times="0">
	<action field="start_boot" type="Memory" name="LoadLibrary" call_pid="2036" call_name="vasdllloader.exe" call_time="22:08:15.302">
	<exInfo_list count="1">
		<exInfo value="HarddiskVolume1\WINDOWS\system32\gdi32.dll" descr="动态链接库"/>
	</exInfo_list>
	</action>
 </action_list><action_list name="加载模块" level="1" descr="加载模块 CdRom0\1.dll" times="0">
	<action field="start_boot" type="Memory" name="LoadLibrary" call_pid="2036" call_name="vasdllloader.exe" call_time="22:08:15.322">
	<exInfo_list count="1">
		<exInfo value="CdRom0\1.dll" descr="动态链接库"/>
	</exInfo_list>
	</action>
 </action_list><action_list name="分析结束" level="-1" descr="动态分析结束" times="0">
	<action field="start_boot" type="System" name="AnalyzeStop" call_pid="0" call_name="" call_time="22:13:12.131">
	<exInfo_list count="0">
	</exInfo_list>
	</action>
 </action_list></file>