<?xml version="1.0" encoding="UTF-8"?> 

<file name="1.exe" 文件扩展名信息="  描述：Directly executable program   使用信息: DOS, OpenVMS, Microsoft Windows, Symbian or OS/2" sha1="4a817c5dac60890d6f1e3b173a87f193b399f809" md5="275d9409807932d321b2589a829e4ce6" CRC32="0af0d998" SSDEEP="12288:fZ/GMrzlqGHasiBabDWZkcCdWFITAbTS9RayvBs66WzjjXkNA3:B/xzlQGiZ7FIEa9RayZsnWz/Xd3" ImportHash="7fa974366048f9c551ef45714595665e" size="588208" type="exe" error="0" virusresult="not-a-virus:Monitor.Win32.EliteKeylogger.gen," vp_name="klo07" reportType="final" exiftool="File Name                       : 1.exe--list--File Size                       : 574 kB--list--File Modification Date/Time     : 2020:01:15 22:32:36+08:00--list--File Access Date/Time           : 2020:01:15 22:32:36+08:00--list--File Inode Change Date/Time     : 2020:01:15 22:32:36+08:00--list--File Type                       : Win32 EXE--list--File Type Extension             : exe--list--MIME Type                       : application/octet-stream--list--Machine Type                    : Intel 386 or later, and compatibles--list--Time Stamp                      : 2009:12:06 06:50:29+08:00--list--PE Type                         : PE32--list--Linker Version                  : 6.0--list--Code Size                       : 23552--list--Initialized Data Size           : 3783680--list--Uninitialized Data Size         : 1024--list--Entry Point                     : 0x30de--list--OS Version                      : 4.0--list--Image Version                   : 6.0--list--Subsystem Version               : 4.0--list--Subsystem                       : Windows GUI--list--File Version Number             : 4.9.0.357--list--Product Version Number          : 4.9.0.357--list--File Flags Mask                 : 0x0000--list--File Flags                      : (none)--list--File OS                         : Win32--list--Object File Type                : Executable application--list--File Subtype                    : 0--list--Language Code                   : Neutral--list--Character Set                   : Windows, Latin1--list--Comments                        : --list--Company Name                    : --list--File Description                : --list--File Version                    : build &amp;lt;manual&amp;gt;--list--Legal Copyright                 : --list--Legal Trademarks                : --list--Product Name                    : --list--" system="winxp" peinfo="加壳信息 :  未发现加壳--list--文件熵 :  7.942641 (可能存在加壳)--list--fpu反调试 :  未检测到--list--载入地址 :  正常的载入点--list--代码入口信息 :  正常的入口--list--DOS stub : :  正常--list--TLS表信息 :  未发现--list--段信息 :  5--list--代码段 :  未见异常--list--只读数据段 :  未见异常--list--数据段 :  未见异常--list--.ndata 长度为0--list--资源段 :  未见异常--list--时间戳 :  未见异常--list--ASLR ：  未开启--list--DEP/NX ：  未开启--list--SEH ：  开启" AI_Scan="1" filetype="PE32 executable (GUI) Intel 80386, for MS Windows, Nullsoft Installer self-extracting archive"><action_list name="分析开始" level="-1" descr="动态分析开始" times="0">
	<action field="start_boot" type="System" name="AnalyzeStart" call_pid="0" call_name="" call_time="22:32:56.000">
	<exInfo_list count="0">
	</exInfo_list>
	</action>
 </action_list><action_list name="分析引擎信息" level="-1" descr="12.6, 40, 2020-01-15_22:32:53==2020-01-15_22:32:56" times="0">
	<action field="start_boot" type="System" name="VasInfo" call_pid="0" call_name="" call_time="22:32:56.001">
	<exInfo_list count="3">
		<exInfo value="12.6" descr="分析引擎版本"/>
		<exInfo value="40" descr="最大并发数量"/>
		<exInfo value="2020-01-15_22:32:53==2020-01-15_22:32:56" descr="镜像加载耗时"/>
	</exInfo_list>
	</action>
 </action_list><action_list name="进程开始执行" level="1" descr="被 vasstarter.exe（1676）创建的进程开始执行" times="0">
	<action field="start_boot" type="Process" name="BeCreated" call_pid="208" call_name="vaslauncher.exe" call_time="22:32:57.002">
	<exInfo_list count="2">
		<exInfo value="vasstarter.exe" descr="父进程名"/>
		<exInfo value="1676" descr="父进程ID"/>
	</exInfo_list>
	</action>
 </action_list><action_list name="进程开始执行" level="1" descr="被 vasstarter.exe（1676）通过参数 D:\vaslauncher.exe 以 direct 方式创建的进程开始执行" times="0">
	<action field="start_boot" type="Process" name="BeCreatedEx" call_pid="208" call_name="vaslauncher.exe" call_time="22:32:57.003">
	<exInfo_list count="4">
		<exInfo value="vasstarter.exe" descr="父进程名"/>
		<exInfo value="1676" descr="父进程ID"/>
		<exInfo value="D:\vaslauncher.exe" descr="启动参数"/>
		<exInfo value="direct" descr="创建方式"/>
	</exInfo_list>
	</action>
 </action_list><action_list name="进程开始执行" level="1" descr="被 vaslauncher.exe（208）创建的进程开始执行" times="0">
	<action field="start_boot" type="Process" name="BeCreated" call_pid="2036" call_name="1.exe" call_time="22:32:59.004">
	<exInfo_list count="2">
		<exInfo value="vaslauncher.exe" descr="父进程名"/>
		<exInfo value="208" descr="父进程ID"/>
	</exInfo_list>
	</action>
 </action_list><action_list name="进程开始执行" level="1" descr="被 vaslauncher.exe（208）通过参数 &quot;C:\vastest\1.exe&quot;  以 direct 方式创建的进程开始执行" times="0">
	<action field="start_boot" type="Process" name="BeCreatedEx" call_pid="2036" call_name="1.exe" call_time="22:32:59.005">
	<exInfo_list count="4">
		<exInfo value="vaslauncher.exe" descr="父进程名"/>
		<exInfo value="208" descr="父进程ID"/>
		<exInfo value="&quot;C:\vastest\1.exe&quot; " descr="启动参数"/>
		<exInfo value="direct" descr="创建方式"/>
	</exInfo_list>
	</action>
 </action_list><action_list name="加载模块" level="1" descr="加载模块 HarddiskVolume1\WINDOWS\system32\user32.dll" times="0">
	<action field="start_boot" type="Memory" name="LoadLibrary" call_pid="2036" call_name="1.exe" call_time="22:32:59.081">
	<exInfo_list count="1">
		<exInfo value="HarddiskVolume1\WINDOWS\system32\user32.dll" descr="动态链接库"/>
	</exInfo_list>
	</action>
 </action_list><action_list name="加载模块" level="1" descr="加载模块 HarddiskVolume1\WINDOWS\system32\gdi32.dll" times="0">
	<action field="start_boot" type="Memory" name="LoadLibrary" call_pid="2036" call_name="1.exe" call_time="22:32:59.086">
	<exInfo_list count="1">
		<exInfo value="HarddiskVolume1\WINDOWS\system32\gdi32.dll" descr="动态链接库"/>
	</exInfo_list>
	</action>
 </action_list><action_list name="加载模块" level="1" descr="加载模块 HarddiskVolume1\WINDOWS\system32\shell32.dll" times="0">
	<action field="start_boot" type="Memory" name="LoadLibrary" call_pid="2036" call_name="1.exe" call_time="22:32:59.109">
	<exInfo_list count="1">
		<exInfo value="HarddiskVolume1\WINDOWS\system32\shell32.dll" descr="动态链接库"/>
	</exInfo_list>
	</action>
 </action_list><action_list name="加载模块" level="1" descr="加载模块 HarddiskVolume1\WINDOWS\system32\advapi32.dll" times="0">
	<action field="start_boot" type="Memory" name="LoadLibrary" call_pid="2036" call_name="1.exe" call_time="22:32:59.114">
	<exInfo_list count="1">
		<exInfo value="HarddiskVolume1\WINDOWS\system32\advapi32.dll" descr="动态链接库"/>
	</exInfo_list>
	</action>
 </action_list><action_list name="加载模块" level="1" descr="加载模块 HarddiskVolume1\WINDOWS\system32\rpcrt4.dll" times="0">
	<action field="start_boot" type="Memory" name="LoadLibrary" call_pid="2036" call_name="1.exe" call_time="22:32:59.118">
	<exInfo_list count="1">
		<exInfo value="HarddiskVolume1\WINDOWS\system32\rpcrt4.dll" descr="动态链接库"/>
	</exInfo_list>
	</action>
 </action_list><action_list name="加载模块" level="1" descr="加载模块 HarddiskVolume1\WINDOWS\system32\secur32.dll" times="0">
	<action field="start_boot" type="Memory" name="LoadLibrary" call_pid="2036" call_name="1.exe" call_time="22:32:59.122">
	<exInfo_list count="1">
		<exInfo value="HarddiskVolume1\WINDOWS\system32\secur32.dll" descr="动态链接库"/>
	</exInfo_list>
	</action>
 </action_list><action_list name="加载模块" level="1" descr="加载模块 HarddiskVolume1\WINDOWS\system32\msvcrt.dll" times="0">
	<action field="start_boot" type="Memory" name="LoadLibrary" call_pid="2036" call_name="1.exe" call_time="22:32:59.126">
	<exInfo_list count="1">
		<exInfo value="HarddiskVolume1\WINDOWS\system32\msvcrt.dll" descr="动态链接库"/>
	</exInfo_list>
	</action>
 </action_list><action_list name="加载模块" level="1" descr="加载模块 HarddiskVolume1\WINDOWS\system32\shlwapi.dll" times="0">
	<action field="start_boot" type="Memory" name="LoadLibrary" call_pid="2036" call_name="1.exe" call_time="22:32:59.142">
	<exInfo_list count="1">
		<exInfo value="HarddiskVolume1\WINDOWS\system32\shlwapi.dll" descr="动态链接库"/>
	</exInfo_list>
	</action>
 </action_list><action_list name="加载模块" level="1" descr="加载模块 HarddiskVolume1\WINDOWS\WinSxS\x86_Microsoft.Windows.Common-Controls_6595b64144ccf1df_6.0.2600.5512_x-ww_35d4ce83\comctl32.dll" times="0">
	<action field="start_boot" type="Memory" name="LoadLibrary" call_pid="2036" call_name="1.exe" call_time="22:32:59.178">
	<exInfo_list count="1">
		<exInfo value="HarddiskVolume1\WINDOWS\WinSxS\x86_Microsoft.Windows.Common-Controls_6595b64144ccf1df_6.0.2600.5512_x-ww_35d4ce83\comctl32.dll" descr="动态链接库"/>
	</exInfo_list>
	</action>
 </action_list><action_list name="加载模块" level="1" descr="加载模块 HarddiskVolume1\WINDOWS\system32\ole32.dll" times="0">
	<action field="start_boot" type="Memory" name="LoadLibrary" call_pid="2036" call_name="1.exe" call_time="22:32:59.217">
	<exInfo_list count="1">
		<exInfo value="HarddiskVolume1\WINDOWS\system32\ole32.dll" descr="动态链接库"/>
	</exInfo_list>
	</action>
 </action_list><action_list name="加载模块" level="1" descr="加载模块 HarddiskVolume1\WINDOWS\system32\version.dll" times="0">
	<action field="start_boot" type="Memory" name="LoadLibrary" call_pid="2036" call_name="1.exe" call_time="22:32:59.234">
	<exInfo_list count="1">
		<exInfo value="HarddiskVolume1\WINDOWS\system32\version.dll" descr="动态链接库"/>
	</exInfo_list>
	</action>
 </action_list><action_list name="自我读取" level="1" descr="读取文件 HarddiskVolume1\vastest\1.exe" times="0">
	<action field="start_boot" type="File" name="ReadFile" call_pid="2036" call_name="1.exe" call_time="22:32:59.247">
	<exInfo_list count="1">
		<exInfo value="HarddiskVolume1\vastest\1.exe" descr="文件路径"/>
	</exInfo_list>
	</action>
 </action_list><action_list name="加载模块" level="1" descr="加载模块 HarddiskVolume1\WINDOWS\system32\imm32.dll" times="0">
	<action field="start_boot" type="Memory" name="LoadLibrary" call_pid="2036" call_name="1.exe" call_time="22:32:59.303">
	<exInfo_list count="1">
		<exInfo value="HarddiskVolume1\WINDOWS\system32\imm32.dll" descr="动态链接库"/>
	</exInfo_list>
	</action>
 </action_list><action_list name="加载模块" level="1" descr="加载模块 HarddiskVolume1\WINDOWS\system32\lpk.dll" times="0">
	<action field="start_boot" type="Memory" name="LoadLibrary" call_pid="2036" call_name="1.exe" call_time="22:32:59.328">
	<exInfo_list count="1">
		<exInfo value="HarddiskVolume1\WINDOWS\system32\lpk.dll" descr="动态链接库"/>
	</exInfo_list>
	</action>
 </action_list><action_list name="加载模块" level="1" descr="加载模块 HarddiskVolume1\WINDOWS\system32\usp10.dll" times="0">
	<action field="start_boot" type="Memory" name="LoadLibrary" call_pid="2036" call_name="1.exe" call_time="22:32:59.333">
	<exInfo_list count="1">
		<exInfo value="HarddiskVolume1\WINDOWS\system32\usp10.dll" descr="动态链接库"/>
	</exInfo_list>
	</action>
 </action_list><action_list name="加载模块" level="1" descr="加载模块 HarddiskVolume1\WINDOWS\system32\msctf.dll" times="0">
	<action field="start_boot" type="Memory" name="LoadLibrary" call_pid="2036" call_name="1.exe" call_time="22:33:00.572">
	<exInfo_list count="1">
		<exInfo value="HarddiskVolume1\WINDOWS\system32\msctf.dll" descr="动态链接库"/>
	</exInfo_list>
	</action>
 </action_list><action_list name="加载模块" level="1" descr="加载模块 HarddiskVolume1\WINDOWS\system32\shfolder.dll" times="0">
	<action field="start_boot" type="Memory" name="LoadLibrary" call_pid="2036" call_name="1.exe" call_time="22:33:00.639">
	<exInfo_list count="1">
		<exInfo value="HarddiskVolume1\WINDOWS\system32\shfolder.dll" descr="动态链接库"/>
	</exInfo_list>
	</action>
 </action_list><action_list name="加载模块" level="1" descr="加载模块 HarddiskVolume1\WINDOWS\system32\setupapi.dll" times="0">
	<action field="start_boot" type="Memory" name="LoadLibrary" call_pid="2036" call_name="1.exe" call_time="22:33:00.719">
	<exInfo_list count="1">
		<exInfo value="HarddiskVolume1\WINDOWS\system32\setupapi.dll" descr="动态链接库"/>
	</exInfo_list>
	</action>
 </action_list><action_list name="检测分析环境" level="1" descr="通过 MemoryOperation 技术检测虚拟机或调试器，逃避分析与查杀" times="0">
	<action field="start_boot" type="System" name="DetectDebugger" call_pid="2036" call_name="1.exe" call_time="22:33:00.784">
	<exInfo_list count="1">
		<exInfo value="MemoryOperation" descr="技术手段"/>
	</exInfo_list>
	</action>
 </action_list><action_list name="变更权限" level="3" descr="改变进程的权限" times="0">
	<action field="start_boot" type="Process" name="AdjustPrivilege" call_pid="2036" call_name="1.exe" call_time="22:33:00.828">
	<exInfo_list count="0">
	</exInfo_list>
	</action>
 </action_list><action_list name="设置注册表中键值" level="2" descr="设置注册表中键 \REGISTRY\USER\S-1-5-21-117609710-838170752-515967899-1003\SOFTWARE\MICROSOFT\WINDOWS\CURRENTVERSION\EXPLORER\MOUNTPOINTS2\{05CFC942-435A-11E6-BABC-806D6172696F} 的值 BaseClass" times="0">
	<action field="start_boot" type="Reg" name="SetKeyValue" call_pid="2036" call_name="1.exe" call_time="22:33:00.878">
	<exInfo_list count="2">
		<exInfo value="\REGISTRY\USER\S-1-5-21-117609710-838170752-515967899-1003\SOFTWARE\MICROSOFT\WINDOWS\CURRENTVERSION\EXPLORER\MOUNTPOINTS2\{05CFC942-435A-11E6-BABC-806D6172696F}" descr="键名"/>
		<exInfo value="BaseClass" descr="键值"/>
	</exInfo_list>
	</action>
 </action_list><action_list name="设置注册表中键值" level="2" descr="设置注册表中键 \REGISTRY\USER\S-1-5-21-117609710-838170752-515967899-1003\SOFTWARE\MICROSOFT\WINDOWS\CURRENTVERSION\EXPLORER\MOUNTPOINTS2\{05CFC940-435A-11E6-BABC-806D6172696F} 的值 BaseClass" times="0">
	<action field="start_boot" type="Reg" name="SetKeyValue" call_pid="2036" call_name="1.exe" call_time="22:33:00.888">
	<exInfo_list count="2">
		<exInfo value="\REGISTRY\USER\S-1-5-21-117609710-838170752-515967899-1003\SOFTWARE\MICROSOFT\WINDOWS\CURRENTVERSION\EXPLORER\MOUNTPOINTS2\{05CFC940-435A-11E6-BABC-806D6172696F}" descr="键名"/>
		<exInfo value="BaseClass" descr="键值"/>
	</exInfo_list>
	</action>
 </action_list><action_list name="删除文件" level="2" descr="删除文件 C:\DOCUME~1\xpuser\LOCALS~1\Temp\nss7.tmp" times="0">
	<action field="start_boot" type="File" name="DeleteFile" call_pid="2036" call_name="1.exe" call_time="22:33:00.913">
	<exInfo_list count="1">
		<exInfo value="C:\DOCUME~1\xpuser\LOCALS~1\Temp\nss7.tmp" descr="文件路径"/>
	</exInfo_list>
	</action>
 </action_list><action_list name="自我读取" level="1" descr="读取文件 HarddiskVolume1\vastest\1.exe" times="0">
	<action field="start_boot" type="File" name="ReadFile" call_pid="2036" call_name="1.exe" call_time="22:33:00.921">
	<exInfo_list count="1">
		<exInfo value="HarddiskVolume1\vastest\1.exe" descr="文件路径"/>
	</exInfo_list>
	</action>
 </action_list><action_list name="创建可执行程序" level="3" descr="创建可执行程序 HarddiskVolume1\DOCUME~1\xpuser\LOCALS~1\Temp\~nsu.tmp\Au_.exe" times="0">
	<action field="start_boot" type="File" name="WritePEFile" call_pid="2036" call_name="1.exe" call_time="22:33:00.145">
	<exInfo_list count="1">
		<exInfo value="HarddiskVolume1\DOCUME~1\xpuser\LOCALS~1\Temp\~nsu.tmp\Au_.exe" descr="PE文件路径"/>
	</exInfo_list>
	</action>
 </action_list><action_list name="自我读取" level="1" descr="读取文件 HarddiskVolume1\vastest\1.exe" times="0">
	<action field="start_boot" type="File" name="ReadFile" call_pid="2036" call_name="1.exe" call_time="22:33:00.146">
	<exInfo_list count="1">
		<exInfo value="HarddiskVolume1\vastest\1.exe" descr="文件路径"/>
	</exInfo_list>
	</action>
 </action_list><action_list name="创建可执行程序" level="3" descr="创建可执行程序 HarddiskVolume1\DOCUME~1\xpuser\LOCALS~1\Temp\~nsu.tmp\Au_.exe" times="0">
	<action field="start_boot" type="File" name="WritePEFile" call_pid="2036" call_name="1.exe" call_time="22:33:00.147">
	<exInfo_list count="1">
		<exInfo value="HarddiskVolume1\DOCUME~1\xpuser\LOCALS~1\Temp\~nsu.tmp\Au_.exe" descr="PE文件路径"/>
	</exInfo_list>
	</action>
 </action_list><action_list name="自我读取" level="1" descr="读取文件 HarddiskVolume1\vastest\1.exe" times="0">
	<action field="start_boot" type="File" name="ReadFile" call_pid="2036" call_name="1.exe" call_time="22:33:00.148">
	<exInfo_list count="1">
		<exInfo value="HarddiskVolume1\vastest\1.exe" descr="文件路径"/>
	</exInfo_list>
	</action>
 </action_list><action_list name="创建可执行程序" level="3" descr="创建可执行程序 HarddiskVolume1\DOCUME~1\xpuser\LOCALS~1\Temp\~nsu.tmp\Au_.exe" times="0">
	<action field="start_boot" type="File" name="WritePEFile" call_pid="2036" call_name="1.exe" call_time="22:33:00.149">
	<exInfo_list count="1">
		<exInfo value="HarddiskVolume1\DOCUME~1\xpuser\LOCALS~1\Temp\~nsu.tmp\Au_.exe" descr="PE文件路径"/>
	</exInfo_list>
	</action>
 </action_list><action_list name="自我读取" level="1" descr="读取文件 HarddiskVolume1\vastest\1.exe" times="0">
	<action field="start_boot" type="File" name="ReadFile" call_pid="2036" call_name="1.exe" call_time="22:33:00.150">
	<exInfo_list count="1">
		<exInfo value="HarddiskVolume1\vastest\1.exe" descr="文件路径"/>
	</exInfo_list>
	</action>
 </action_list><action_list name="创建可执行程序" level="3" descr="创建可执行程序 HarddiskVolume1\DOCUME~1\xpuser\LOCALS~1\Temp\~nsu.tmp\Au_.exe" times="0">
	<action field="start_boot" type="File" name="WritePEFile" call_pid="2036" call_name="1.exe" call_time="22:33:00.151">
	<exInfo_list count="1">
		<exInfo value="HarddiskVolume1\DOCUME~1\xpuser\LOCALS~1\Temp\~nsu.tmp\Au_.exe" descr="PE文件路径"/>
	</exInfo_list>
	</action>
 </action_list><action_list name="自我读取" level="1" descr="读取文件 HarddiskVolume1\vastest\1.exe" times="0">
	<action field="start_boot" type="File" name="ReadFile" call_pid="2036" call_name="1.exe" call_time="22:33:00.152">
	<exInfo_list count="1">
		<exInfo value="HarddiskVolume1\vastest\1.exe" descr="文件路径"/>
	</exInfo_list>
	</action>
 </action_list><action_list name="创建可执行程序" level="3" descr="创建可执行程序 HarddiskVolume1\DOCUME~1\xpuser\LOCALS~1\Temp\~nsu.tmp\Au_.exe" times="0">
	<action field="start_boot" type="File" name="WritePEFile" call_pid="2036" call_name="1.exe" call_time="22:33:00.153">
	<exInfo_list count="1">
		<exInfo value="HarddiskVolume1\DOCUME~1\xpuser\LOCALS~1\Temp\~nsu.tmp\Au_.exe" descr="PE文件路径"/>
	</exInfo_list>
	</action>
 </action_list><action_list name="自我读取" level="1" descr="读取文件 HarddiskVolume1\vastest\1.exe" times="0">
	<action field="start_boot" type="File" name="ReadFile" call_pid="2036" call_name="1.exe" call_time="22:33:00.154">
	<exInfo_list count="1">
		<exInfo value="HarddiskVolume1\vastest\1.exe" descr="文件路径"/>
	</exInfo_list>
	</action>
 </action_list><action_list name="创建可执行程序" level="3" descr="创建可执行程序 HarddiskVolume1\DOCUME~1\xpuser\LOCALS~1\Temp\~nsu.tmp\Au_.exe" times="0">
	<action field="start_boot" type="File" name="WritePEFile" call_pid="2036" call_name="1.exe" call_time="22:33:00.155">
	<exInfo_list count="1">
		<exInfo value="HarddiskVolume1\DOCUME~1\xpuser\LOCALS~1\Temp\~nsu.tmp\Au_.exe" descr="PE文件路径"/>
	</exInfo_list>
	</action>
 </action_list><action_list name="自我读取" level="1" descr="读取文件 HarddiskVolume1\vastest\1.exe" times="0">
	<action field="start_boot" type="File" name="ReadFile" call_pid="2036" call_name="1.exe" call_time="22:33:00.156">
	<exInfo_list count="1">
		<exInfo value="HarddiskVolume1\vastest\1.exe" descr="文件路径"/>
	</exInfo_list>
	</action>
 </action_list><action_list name="创建可执行程序" level="3" descr="创建可执行程序 HarddiskVolume1\DOCUME~1\xpuser\LOCALS~1\Temp\~nsu.tmp\Au_.exe" times="0">
	<action field="start_boot" type="File" name="WritePEFile" call_pid="2036" call_name="1.exe" call_time="22:33:00.157">
	<exInfo_list count="1">
		<exInfo value="HarddiskVolume1\DOCUME~1\xpuser\LOCALS~1\Temp\~nsu.tmp\Au_.exe" descr="PE文件路径"/>
	</exInfo_list>
	</action>
 </action_list><action_list name="自我读取" level="1" descr="读取文件 HarddiskVolume1\vastest\1.exe" times="0">
	<action field="start_boot" type="File" name="ReadFile" call_pid="2036" call_name="1.exe" call_time="22:33:00.158">
	<exInfo_list count="1">
		<exInfo value="HarddiskVolume1\vastest\1.exe" descr="文件路径"/>
	</exInfo_list>
	</action>
 </action_list><action_list name="创建可执行程序" level="3" descr="创建可执行程序 HarddiskVolume1\DOCUME~1\xpuser\LOCALS~1\Temp\~nsu.tmp\Au_.exe" times="0">
	<action field="start_boot" type="File" name="WritePEFile" call_pid="2036" call_name="1.exe" call_time="22:33:00.159">
	<exInfo_list count="1">
		<exInfo value="HarddiskVolume1\DOCUME~1\xpuser\LOCALS~1\Temp\~nsu.tmp\Au_.exe" descr="PE文件路径"/>
	</exInfo_list>
	</action>
 </action_list><action_list name="自我读取" level="1" descr="读取文件 HarddiskVolume1\vastest\1.exe" times="0">
	<action field="start_boot" type="File" name="ReadFile" call_pid="2036" call_name="1.exe" call_time="22:33:00.160">
	<exInfo_list count="1">
		<exInfo value="HarddiskVolume1\vastest\1.exe" descr="文件路径"/>
	</exInfo_list>
	</action>
 </action_list><action_list name="创建可执行程序" level="3" descr="创建可执行程序 HarddiskVolume1\DOCUME~1\xpuser\LOCALS~1\Temp\~nsu.tmp\Au_.exe" times="0">
	<action field="start_boot" type="File" name="WritePEFile" call_pid="2036" call_name="1.exe" call_time="22:33:00.161">
	<exInfo_list count="1">
		<exInfo value="HarddiskVolume1\DOCUME~1\xpuser\LOCALS~1\Temp\~nsu.tmp\Au_.exe" descr="PE文件路径"/>
	</exInfo_list>
	</action>
 </action_list><action_list name="自我读取" level="1" descr="读取文件 HarddiskVolume1\vastest\1.exe" times="0">
	<action field="start_boot" type="File" name="ReadFile" call_pid="2036" call_name="1.exe" call_time="22:33:00.162">
	<exInfo_list count="1">
		<exInfo value="HarddiskVolume1\vastest\1.exe" descr="文件路径"/>
	</exInfo_list>
	</action>
 </action_list><action_list name="自我复制" level="3" descr="复制 C:\vastest\1.exe 到 C:\DOCUME~1\xpuser\LOCALS~1\Temp\~nsu.tmp\Au_.exe，实现感染" times="0">
	<action field="start_boot" type="File" name="CopyFile" call_pid="2036" call_name="1.exe" call_time="22:33:00.122">
	<exInfo_list count="2">
		<exInfo value="C:\vastest\1.exe" descr="源路径"/>
		<exInfo value="C:\DOCUME~1\xpuser\LOCALS~1\Temp\~nsu.tmp\Au_.exe" descr="目的路径"/>
	</exInfo_list>
	</action>
 </action_list><action_list name="设置注册表中键值" level="2" descr="设置注册表中键 \REGISTRY\MACHINE\SYSTEM\CONTROLSET001\CONTROL\SESSION MANAGER 的值 PendingFileRenameOperations" times="0">
	<action field="start_boot" type="Reg" name="SetKeyValue" call_pid="2036" call_name="1.exe" call_time="22:33:00.172">
	<exInfo_list count="2">
		<exInfo value="\REGISTRY\MACHINE\SYSTEM\CONTROLSET001\CONTROL\SESSION MANAGER" descr="键名"/>
		<exInfo value="PendingFileRenameOperations" descr="键值"/>
	</exInfo_list>
	</action>
 </action_list><action_list name="移动文件" level="3" descr="移动文件 C:\DOCUME~1\xpuser\LOCALS~1\Temp\~nsu.tmp\Au_.exe 到 " times="0">
	<action field="start_boot" type="File" name="MoveFile" call_pid="2036" call_name="1.exe" call_time="22:33:00.167">
	<exInfo_list count="2">
		<exInfo value="C:\DOCUME~1\xpuser\LOCALS~1\Temp\~nsu.tmp\Au_.exe" descr="源路径"/>
		<exInfo value="" descr="目的路径"/>
	</exInfo_list>
	</action>
 </action_list><action_list name="加载模块" level="1" descr="加载模块 HarddiskVolume1\WINDOWS\system32\apphelp.dll" times="0">
	<action field="start_boot" type="Memory" name="LoadLibrary" call_pid="2036" call_name="1.exe" call_time="22:33:00.188">
	<exInfo_list count="1">
		<exInfo value="HarddiskVolume1\WINDOWS\system32\apphelp.dll" descr="动态链接库"/>
	</exInfo_list>
	</action>
 </action_list><action_list name="映射文件" level="1" descr="映射文件 HarddiskVolume1\DOCUME~1\xpuser\LOCALS~1\Temp\~nsu.tmp\Au_.exe" times="0">
	<action field="start_boot" type="File" name="ReadFileToCreate" call_pid="2036" call_name="1.exe" call_time="22:33:00.275">
	<exInfo_list count="1">
		<exInfo value="HarddiskVolume1\DOCUME~1\xpuser\LOCALS~1\Temp\~nsu.tmp\Au_.exe" descr="文件路径"/>
	</exInfo_list>
	</action>
 </action_list><action_list name="创建进程" level="3" descr="创建进程  &quot;C:\DOCUME~1\xpuser\LOCALS~1\Temp\~nsu.tmp\Au_.exe&quot;   _?=C:\vastest\" times="0">
	<action field="start_boot" type="Process" name="CreateProcess" call_pid="2036" call_name="1.exe" call_time="22:33:00.178">
	<exInfo_list count="1">
		<exInfo value=" &quot;C:\DOCUME~1\xpuser\LOCALS~1\Temp\~nsu.tmp\Au_.exe&quot;   _?=C:\vastest\" descr="进程名"/>
	</exInfo_list>
	</action>
 </action_list><action_list name="删除文件" level="2" descr="删除文件 C:\DOCUME~1\xpuser\LOCALS~1\Temp\~nsu.tmp\Bu_.exe" times="0">
	<action field="start_boot" type="File" name="DeleteFile" call_pid="2036" call_name="1.exe" call_time="22:33:00.308">
	<exInfo_list count="1">
		<exInfo value="C:\DOCUME~1\xpuser\LOCALS~1\Temp\~nsu.tmp\Bu_.exe" descr="文件路径"/>
	</exInfo_list>
	</action>
 </action_list><action_list name="进程开始执行" level="1" descr="被 1.exe（2036）创建的进程开始执行" times="0">
	<action field="start_boot" type="Process" name="BeCreated" call_pid="1928" call_name="Au_.exe" call_time="22:33:00.309">
	<exInfo_list count="2">
		<exInfo value="1.exe" descr="父进程名"/>
		<exInfo value="2036" descr="父进程ID"/>
	</exInfo_list>
	</action>
 </action_list><action_list name="进程开始执行" level="1" descr="被 1.exe（2036）通过参数 &quot;C:\DOCUME~1\xpuser\LOCALS~1\Temp\~nsu.tmp\Au_.exe&quot;   _?=C:\vastest\ 以 direct 方式创建的进程开始执行" times="0">
	<action field="start_boot" type="Process" name="BeCreatedEx" call_pid="1928" call_name="Au_.exe" call_time="22:33:00.310">
	<exInfo_list count="4">
		<exInfo value="1.exe" descr="父进程名"/>
		<exInfo value="2036" descr="父进程ID"/>
		<exInfo value="&quot;C:\DOCUME~1\xpuser\LOCALS~1\Temp\~nsu.tmp\Au_.exe&quot;   _?=C:\vastest\" descr="启动参数"/>
		<exInfo value="direct" descr="创建方式"/>
	</exInfo_list>
	</action>
 </action_list><action_list name="设置注册表中键值" level="2" descr="设置注册表中键 \REGISTRY\MACHINE\SYSTEM\CONTROLSET001\CONTROL\SESSION MANAGER 的值 PendingFileRenameOperations" times="0">
	<action field="start_boot" type="Reg" name="SetKeyValue" call_pid="2036" call_name="1.exe" call_time="22:33:00.378">
	<exInfo_list count="2">
		<exInfo value="\REGISTRY\MACHINE\SYSTEM\CONTROLSET001\CONTROL\SESSION MANAGER" descr="键名"/>
		<exInfo value="PendingFileRenameOperations" descr="键值"/>
	</exInfo_list>
	</action>
 </action_list><action_list name="移动文件" level="3" descr="移动文件 C:\DOCUME~1\xpuser\LOCALS~1\Temp\~nsu.tmp 到 " times="0">
	<action field="start_boot" type="File" name="MoveFile" call_pid="2036" call_name="1.exe" call_time="22:33:00.376">
	<exInfo_list count="2">
		<exInfo value="C:\DOCUME~1\xpuser\LOCALS~1\Temp\~nsu.tmp" descr="源路径"/>
		<exInfo value="" descr="目的路径"/>
	</exInfo_list>
	</action>
 </action_list><action_list name="程序退出" level="-1" descr="1.exe 退出" times="0">
	<action field="start_boot" type="Process" name="TerminateProcess" call_pid="2036" call_name="1.exe" call_time="22:33:00.396">
	<exInfo_list count="1">
		<exInfo value="1.exe" descr="结束进程名"/>
	</exInfo_list>
	</action>
 </action_list><action_list name="加载模块" level="1" descr="加载模块 HarddiskVolume1\WINDOWS\system32\user32.dll" times="0">
	<action field="start_boot" type="Memory" name="LoadLibrary" call_pid="1928" call_name="Au_.exe" call_time="22:33:00.407">
	<exInfo_list count="1">
		<exInfo value="HarddiskVolume1\WINDOWS\system32\user32.dll" descr="动态链接库"/>
	</exInfo_list>
	</action>
 </action_list><action_list name="加载模块" level="1" descr="加载模块 HarddiskVolume1\WINDOWS\system32\gdi32.dll" times="0">
	<action field="start_boot" type="Memory" name="LoadLibrary" call_pid="1928" call_name="Au_.exe" call_time="22:33:00.412">
	<exInfo_list count="1">
		<exInfo value="HarddiskVolume1\WINDOWS\system32\gdi32.dll" descr="动态链接库"/>
	</exInfo_list>
	</action>
 </action_list><action_list name="加载模块" level="1" descr="加载模块 HarddiskVolume1\WINDOWS\system32\shell32.dll" times="0">
	<action field="start_boot" type="Memory" name="LoadLibrary" call_pid="1928" call_name="Au_.exe" call_time="22:33:00.435">
	<exInfo_list count="1">
		<exInfo value="HarddiskVolume1\WINDOWS\system32\shell32.dll" descr="动态链接库"/>
	</exInfo_list>
	</action>
 </action_list><action_list name="加载模块" level="1" descr="加载模块 HarddiskVolume1\WINDOWS\system32\advapi32.dll" times="0">
	<action field="start_boot" type="Memory" name="LoadLibrary" call_pid="1928" call_name="Au_.exe" call_time="22:33:00.440">
	<exInfo_list count="1">
		<exInfo value="HarddiskVolume1\WINDOWS\system32\advapi32.dll" descr="动态链接库"/>
	</exInfo_list>
	</action>
 </action_list><action_list name="加载模块" level="1" descr="加载模块 HarddiskVolume1\WINDOWS\system32\rpcrt4.dll" times="0">
	<action field="start_boot" type="Memory" name="LoadLibrary" call_pid="1928" call_name="Au_.exe" call_time="22:33:00.444">
	<exInfo_list count="1">
		<exInfo value="HarddiskVolume1\WINDOWS\system32\rpcrt4.dll" descr="动态链接库"/>
	</exInfo_list>
	</action>
 </action_list><action_list name="加载模块" level="1" descr="加载模块 HarddiskVolume1\WINDOWS\system32\secur32.dll" times="0">
	<action field="start_boot" type="Memory" name="LoadLibrary" call_pid="1928" call_name="Au_.exe" call_time="22:33:00.448">
	<exInfo_list count="1">
		<exInfo value="HarddiskVolume1\WINDOWS\system32\secur32.dll" descr="动态链接库"/>
	</exInfo_list>
	</action>
 </action_list><action_list name="加载模块" level="1" descr="加载模块 HarddiskVolume1\WINDOWS\system32\msvcrt.dll" times="0">
	<action field="start_boot" type="Memory" name="LoadLibrary" call_pid="1928" call_name="Au_.exe" call_time="22:33:00.452">
	<exInfo_list count="1">
		<exInfo value="HarddiskVolume1\WINDOWS\system32\msvcrt.dll" descr="动态链接库"/>
	</exInfo_list>
	</action>
 </action_list><action_list name="加载模块" level="1" descr="加载模块 HarddiskVolume1\WINDOWS\system32\shlwapi.dll" times="0">
	<action field="start_boot" type="Memory" name="LoadLibrary" call_pid="1928" call_name="Au_.exe" call_time="22:33:00.468">
	<exInfo_list count="1">
		<exInfo value="HarddiskVolume1\WINDOWS\system32\shlwapi.dll" descr="动态链接库"/>
	</exInfo_list>
	</action>
 </action_list><action_list name="加载模块" level="1" descr="加载模块 HarddiskVolume1\WINDOWS\WinSxS\x86_Microsoft.Windows.Common-Controls_6595b64144ccf1df_6.0.2600.5512_x-ww_35d4ce83\comctl32.dll" times="0">
	<action field="start_boot" type="Memory" name="LoadLibrary" call_pid="1928" call_name="Au_.exe" call_time="22:33:00.503">
	<exInfo_list count="1">
		<exInfo value="HarddiskVolume1\WINDOWS\WinSxS\x86_Microsoft.Windows.Common-Controls_6595b64144ccf1df_6.0.2600.5512_x-ww_35d4ce83\comctl32.dll" descr="动态链接库"/>
	</exInfo_list>
	</action>
 </action_list><action_list name="加载模块" level="1" descr="加载模块 HarddiskVolume1\WINDOWS\system32\ole32.dll" times="0">
	<action field="start_boot" type="Memory" name="LoadLibrary" call_pid="1928" call_name="Au_.exe" call_time="22:33:00.542">
	<exInfo_list count="1">
		<exInfo value="HarddiskVolume1\WINDOWS\system32\ole32.dll" descr="动态链接库"/>
	</exInfo_list>
	</action>
 </action_list><action_list name="加载模块" level="1" descr="加载模块 HarddiskVolume1\WINDOWS\system32\version.dll" times="0">
	<action field="start_boot" type="Memory" name="LoadLibrary" call_pid="1928" call_name="Au_.exe" call_time="22:33:00.559">
	<exInfo_list count="1">
		<exInfo value="HarddiskVolume1\WINDOWS\system32\version.dll" descr="动态链接库"/>
	</exInfo_list>
	</action>
 </action_list><action_list name="读取文件" level="2" descr="读取文件 HarddiskVolume1\DOCUME~1\xpuser\LOCALS~1\Temp\~nsu.tmp\Au_.exe" times="0">
	<action field="start_boot" type="File" name="ReadFile" call_pid="1928" call_name="Au_.exe" call_time="22:33:00.572">
	<exInfo_list count="1">
		<exInfo value="HarddiskVolume1\DOCUME~1\xpuser\LOCALS~1\Temp\~nsu.tmp\Au_.exe" descr="文件路径"/>
	</exInfo_list>
	</action>
 </action_list><action_list name="加载模块" level="1" descr="加载模块 HarddiskVolume1\WINDOWS\system32\imm32.dll" times="0">
	<action field="start_boot" type="Memory" name="LoadLibrary" call_pid="1928" call_name="Au_.exe" call_time="22:33:00.628">
	<exInfo_list count="1">
		<exInfo value="HarddiskVolume1\WINDOWS\system32\imm32.dll" descr="动态链接库"/>
	</exInfo_list>
	</action>
 </action_list><action_list name="程序退出" level="-1" descr="1.exe 退出" times="0">
	<action field="start_boot" type="Process" name="TerminateProcess" call_pid="2036" call_name="1.exe" call_time="22:33:00.680">
	<exInfo_list count="1">
		<exInfo value="1.exe" descr="结束进程名"/>
	</exInfo_list>
	</action>
 </action_list><action_list name="加载模块" level="1" descr="加载模块 HarddiskVolume1\WINDOWS\system32\lpk.dll" times="0">
	<action field="start_boot" type="Memory" name="LoadLibrary" call_pid="1928" call_name="Au_.exe" call_time="22:33:00.693">
	<exInfo_list count="1">
		<exInfo value="HarddiskVolume1\WINDOWS\system32\lpk.dll" descr="动态链接库"/>
	</exInfo_list>
	</action>
 </action_list><action_list name="加载模块" level="1" descr="加载模块 HarddiskVolume1\WINDOWS\system32\usp10.dll" times="0">
	<action field="start_boot" type="Memory" name="LoadLibrary" call_pid="1928" call_name="Au_.exe" call_time="22:33:00.698">
	<exInfo_list count="1">
		<exInfo value="HarddiskVolume1\WINDOWS\system32\usp10.dll" descr="动态链接库"/>
	</exInfo_list>
	</action>
 </action_list><action_list name="加载模块" level="1" descr="加载模块 HarddiskVolume1\WINDOWS\system32\msctf.dll" times="0">
	<action field="start_boot" type="Memory" name="LoadLibrary" call_pid="1928" call_name="Au_.exe" call_time="22:33:00.938">
	<exInfo_list count="1">
		<exInfo value="HarddiskVolume1\WINDOWS\system32\msctf.dll" descr="动态链接库"/>
	</exInfo_list>
	</action>
 </action_list><action_list name="加载模块" level="1" descr="加载模块 HarddiskVolume1\WINDOWS\system32\shfolder.dll" times="0">
	<action field="start_boot" type="Memory" name="LoadLibrary" call_pid="1928" call_name="Au_.exe" call_time="22:33:00.004">
	<exInfo_list count="1">
		<exInfo value="HarddiskVolume1\WINDOWS\system32\shfolder.dll" descr="动态链接库"/>
	</exInfo_list>
	</action>
 </action_list><action_list name="加载模块" level="1" descr="加载模块 HarddiskVolume1\WINDOWS\system32\setupapi.dll" times="0">
	<action field="start_boot" type="Memory" name="LoadLibrary" call_pid="1928" call_name="Au_.exe" call_time="22:33:00.084">
	<exInfo_list count="1">
		<exInfo value="HarddiskVolume1\WINDOWS\system32\setupapi.dll" descr="动态链接库"/>
	</exInfo_list>
	</action>
 </action_list><action_list name="检测分析环境" level="1" descr="通过 MemoryOperation 技术检测虚拟机或调试器，逃避分析与查杀" times="0">
	<action field="start_boot" type="System" name="DetectDebugger" call_pid="1928" call_name="Au_.exe" call_time="22:33:00.149">
	<exInfo_list count="1">
		<exInfo value="MemoryOperation" descr="技术手段"/>
	</exInfo_list>
	</action>
 </action_list><action_list name="变更权限" level="3" descr="改变进程的权限" times="0">
	<action field="start_boot" type="Process" name="AdjustPrivilege" call_pid="1928" call_name="Au_.exe" call_time="22:33:00.194">
	<exInfo_list count="0">
	</exInfo_list>
	</action>
 </action_list><action_list name="设置注册表中键值" level="2" descr="设置注册表中键 \REGISTRY\USER\S-1-5-21-117609710-838170752-515967899-1003\SOFTWARE\MICROSOFT\WINDOWS\CURRENTVERSION\EXPLORER\MOUNTPOINTS2\{05CFC942-435A-11E6-BABC-806D6172696F} 的值 BaseClass" times="0">
	<action field="start_boot" type="Reg" name="SetKeyValue" call_pid="1928" call_name="Au_.exe" call_time="22:33:00.243">
	<exInfo_list count="2">
		<exInfo value="\REGISTRY\USER\S-1-5-21-117609710-838170752-515967899-1003\SOFTWARE\MICROSOFT\WINDOWS\CURRENTVERSION\EXPLORER\MOUNTPOINTS2\{05CFC942-435A-11E6-BABC-806D6172696F}" descr="键名"/>
		<exInfo value="BaseClass" descr="键值"/>
	</exInfo_list>
	</action>
 </action_list><action_list name="设置注册表中键值" level="2" descr="设置注册表中键 \REGISTRY\USER\S-1-5-21-117609710-838170752-515967899-1003\SOFTWARE\MICROSOFT\WINDOWS\CURRENTVERSION\EXPLORER\MOUNTPOINTS2\{05CFC940-435A-11E6-BABC-806D6172696F} 的值 BaseClass" times="0">
	<action field="start_boot" type="Reg" name="SetKeyValue" call_pid="1928" call_name="Au_.exe" call_time="22:33:00.253">
	<exInfo_list count="2">
		<exInfo value="\REGISTRY\USER\S-1-5-21-117609710-838170752-515967899-1003\SOFTWARE\MICROSOFT\WINDOWS\CURRENTVERSION\EXPLORER\MOUNTPOINTS2\{05CFC940-435A-11E6-BABC-806D6172696F}" descr="键名"/>
		<exInfo value="BaseClass" descr="键值"/>
	</exInfo_list>
	</action>
 </action_list><action_list name="读取文件" level="2" descr="读取文件 HarddiskVolume1\DOCUME~1\xpuser\LOCALS~1\Temp\~nsu.tmp\Au_.exe" times="0">
	<action field="start_boot" type="File" name="ReadFile" call_pid="1928" call_name="Au_.exe" call_time="22:33:00.341">
	<exInfo_list count="1">
		<exInfo value="HarddiskVolume1\DOCUME~1\xpuser\LOCALS~1\Temp\~nsu.tmp\Au_.exe" descr="文件路径"/>
	</exInfo_list>
	</action>
 </action_list><action_list name="创建可执行程序" level="3" descr="创建可执行程序 HarddiskVolume1\DOCUME~1\xpuser\LOCALS~1\Temp\nsi9.tmp\LangDLL.dll" times="0">
	<action field="start_boot" type="File" name="WritePEFile" call_pid="1928" call_name="Au_.exe" call_time="22:33:00.578">
	<exInfo_list count="1">
		<exInfo value="HarddiskVolume1\DOCUME~1\xpuser\LOCALS~1\Temp\nsi9.tmp\LangDLL.dll" descr="PE文件路径"/>
	</exInfo_list>
	</action>
 </action_list><action_list name="加载模块" level="1" descr="加载模块 HarddiskVolume1\DOCUME~1\xpuser\LOCALS~1\Temp\nsi9.tmp\LangDLL.dll" times="0">
	<action field="start_boot" type="Memory" name="LoadLibrary" call_pid="1928" call_name="Au_.exe" call_time="22:33:00.589">
	<exInfo_list count="1">
		<exInfo value="HarddiskVolume1\DOCUME~1\xpuser\LOCALS~1\Temp\nsi9.tmp\LangDLL.dll" descr="动态链接库"/>
	</exInfo_list>
	</action>
 </action_list><action_list name="加载模块" level="1" descr="加载模块 HarddiskVolume1\WINDOWS\system32\riched20.dll" times="0">
	<action field="start_boot" type="Memory" name="LoadLibrary" call_pid="1928" call_name="Au_.exe" call_time="22:33:00.608">
	<exInfo_list count="1">
		<exInfo value="HarddiskVolume1\WINDOWS\system32\riched20.dll" descr="动态链接库"/>
	</exInfo_list>
	</action>
 </action_list><action_list name="加载模块" level="1" descr="加载模块 HarddiskVolume1\WINDOWS\system32\msctfime.ime" times="0">
	<action field="start_boot" type="Memory" name="LoadLibrary" call_pid="1928" call_name="Au_.exe" call_time="22:33:00.686">
	<exInfo_list count="1">
		<exInfo value="HarddiskVolume1\WINDOWS\system32\msctfime.ime" descr="动态链接库"/>
	</exInfo_list>
	</action>
 </action_list><action_list name="加载模块" level="1" descr="加载模块 HarddiskVolume1\WINDOWS\system32\uxtheme.dll" times="0">
	<action field="start_boot" type="Memory" name="LoadLibrary" call_pid="1928" call_name="Au_.exe" call_time="22:33:00.750">
	<exInfo_list count="1">
		<exInfo value="HarddiskVolume1\WINDOWS\system32\uxtheme.dll" descr="动态链接库"/>
	</exInfo_list>
	</action>
 </action_list><action_list name="读取文件" level="2" descr="读取文件 HarddiskVolume1\DOCUME~1\xpuser\LOCALS~1\Temp\~nsu.tmp\Au_.exe" times="0">
	<action field="start_boot" type="File" name="ReadFile" call_pid="1928" call_name="Au_.exe" call_time="22:33:00.790">
	<exInfo_list count="1">
		<exInfo value="HarddiskVolume1\DOCUME~1\xpuser\LOCALS~1\Temp\~nsu.tmp\Au_.exe" descr="文件路径"/>
	</exInfo_list>
	</action>
 </action_list><action_list name="写入文件" level="3" descr="写入文件 HarddiskVolume1\DOCUME~1\xpuser\LOCALS~1\Temp\nsi9.tmp\modern-header.bmp" times="0">
	<action field="start_boot" type="File" name="WriteFile" call_pid="1928" call_name="Au_.exe" call_time="22:33:00.817">
	<exInfo_list count="1">
		<exInfo value="HarddiskVolume1\DOCUME~1\xpuser\LOCALS~1\Temp\nsi9.tmp\modern-header.bmp" descr="文件路径"/>
	</exInfo_list>
	</action>
 </action_list><action_list name="修改文件时间" level="3" descr="修改 HarddiskVolume1\DOCUME~1\xpuser\LOCALS~1\Temp\nsi9.tmp\modern-header.bmp 的创建时间为 2006-04-13 15_15_40" times="0">
	<action field="start_boot" type="File" name="SetFileCreationTime" call_pid="1928" call_name="Au_.exe" call_time="22:33:00.818">
	<exInfo_list count="2">
		<exInfo value="HarddiskVolume1\DOCUME~1\xpuser\LOCALS~1\Temp\nsi9.tmp\modern-header.bmp" descr="文件路径"/>
		<exInfo value="2006-04-13 15_15_40" descr="时间"/>
	</exInfo_list>
	</action>
 </action_list><action_list name="读取文件" level="2" descr="读取文件 HarddiskVolume1\DOCUME~1\xpuser\LOCALS~1\Temp\nsi9.tmp\modern-header.bmp" times="0">
	<action field="start_boot" type="File" name="ReadFile" call_pid="1928" call_name="Au_.exe" call_time="22:33:00.823">
	<exInfo_list count="1">
		<exInfo value="HarddiskVolume1\DOCUME~1\xpuser\LOCALS~1\Temp\nsi9.tmp\modern-header.bmp" descr="文件路径"/>
	</exInfo_list>
	</action>
 </action_list><action_list name="程序退出" level="-1" descr="Au_.exe 退出" times="0">
	<action field="start_boot" type="Process" name="TerminateProcess" call_pid="1928" call_name="Au_.exe" call_time="22:33:40.404">
	<exInfo_list count="1">
		<exInfo value="Au_.exe" descr="结束进程名"/>
	</exInfo_list>
	</action>
 </action_list><action_list name="分析结束" level="-1" descr="动态分析结束" times="0">
	<action field="start_boot" type="System" name="AnalyzeStop" call_pid="0" call_name="" call_time="22:33:56.455">
	<exInfo_list count="0">
	</exInfo_list>
	</action>
 </action_list></file>