<?xml version="1.0" encoding="UTF-8"?> 

<file name="1.exe" 文件扩展名信息="  描述：Directly executable program   使用信息: DOS, OpenVMS, Microsoft Windows, Symbian or OS/2" sha1="afe4c3c555ab5aeebc8bb47e23b707ae36572fe9" md5="bfc402cde87d35d85883a23fb22d6d88" CRC32="2ce47832" SSDEEP="3072:aB/Al2MlFcATSuwl7lb83MUrQBF47/cDAax281Mg6J:qAlflFcATIl7lbQdrG4+x0z" ImportHash="fa91aa15e779753203f1d0eaadbcc30e" size="152640" type="exe" error="0" virusresult="" vp_name="klo07" reportType="final" exiftool="File Name                       : 1.exe--list--File Size                       : 149 kB--list--File Modification Date/Time     : 2020:01:16 09:55:59+08:00--list--File Access Date/Time           : 2020:01:16 09:55:59+08:00--list--File Inode Change Date/Time     : 2020:01:16 09:55:59+08:00--list--File Type                       : Win32 EXE--list--File Type Extension             : exe--list--MIME Type                       : application/octet-stream--list--Machine Type                    : Intel 386 or later, and compatibles--list--Time Stamp                      : 2018:05:10 06:35:02+08:00--list--PE Type                         : PE32--list--Linker Version                  : 2.50--list--Code Size                       : 6144--list--Initialized Data Size           : 139776--list--Uninitialized Data Size         : 0--list--Entry Point                     : 0x2554--list--OS Version                      : 4.0--list--Image Version                   : 0.0--list--Subsystem Version               : 4.0--list--Subsystem                       : Windows GUI--list--File Version Number             : 1.1.5.1--list--Product Version Number          : 1.1.5.1--list--File Flags Mask                 : 0x003f--list--File Flags                      : (none)--list--File OS                         : Win32--list--Object File Type                : Executable application--list--File Subtype                    : 0--list--Language Code                   : English (U.S.)--list--Character Set                   : Unicode--list--Comments                        : Download your favorite videos from YouTube--list--Company Name                    : Tomato--list--File Description                : YouTube Video Downloader--list--File Version                    : 1, 1, 5, 1--list--Internal Name                   : Video Downloader--list--Legal Copyright                 : Copyright (C) 2008--list--Legal Trademarks                : P..OriginalFilename--list--Eo Downloader EXE               : --list--Ivate Build                     : R..ProductName--list--Tube Video Downloader           : :..ProductVersion--list--Tag 151                         : --list--Ecial Build                     : D--list--" system="winxp" peinfo="加壳信息 :  Microsoft Visual C++--list--文件熵 :  6.904232 (正常)--list--fpu反调试 :  未检测到--list--载入地址 :  正常的载入点--list--代码入口信息 :  正常的入口--list--DOS stub : :  正常--list--TLS表信息 :  未发现--list--段信息 :  4--list--代码段 :  未见异常--list--只读数据段 :  未见异常--list--数据段 :  未见异常--list--资源段 :  未见异常--list--时间戳 :  未见异常--list--ASLR ：  未开启--list--DEP/NX ：  未开启--list--SEH ：  开启--list--数字签名类型 ：  PKCS签名--list--签名链 ： --list--@ HATOGJSNSRSDJJJLGH" AI_Scan="0" 签名链验证="签名错误" filetype="PE32 executable (GUI) Intel 80386, for MS Windows"><action_list name="分析开始" level="-1" descr="动态分析开始" times="0">
	<action field="start_boot" type="System" name="AnalyzeStart" call_pid="0" call_name="" call_time="09:56:17.000">
	<exInfo_list count="0">
	</exInfo_list>
	</action>
 </action_list><action_list name="分析引擎信息" level="-1" descr="12.6, 40, 2020-01-16_09:56:14==2020-01-16_09:56:17" times="0">
	<action field="start_boot" type="System" name="VasInfo" call_pid="0" call_name="" call_time="09:56:17.001">
	<exInfo_list count="3">
		<exInfo value="12.6" descr="分析引擎版本"/>
		<exInfo value="40" descr="最大并发数量"/>
		<exInfo value="2020-01-16_09:56:14==2020-01-16_09:56:17" descr="镜像加载耗时"/>
	</exInfo_list>
	</action>
 </action_list><action_list name="进程开始执行" level="1" descr="被 vasstarter.exe（1676）创建的进程开始执行" times="0">
	<action field="start_boot" type="Process" name="BeCreated" call_pid="208" call_name="vaslauncher.exe" call_time="09:56:18.002">
	<exInfo_list count="2">
		<exInfo value="vasstarter.exe" descr="父进程名"/>
		<exInfo value="1676" descr="父进程ID"/>
	</exInfo_list>
	</action>
 </action_list><action_list name="进程开始执行" level="1" descr="被 vasstarter.exe（1676）通过参数 D:\vaslauncher.exe 以 direct 方式创建的进程开始执行" times="0">
	<action field="start_boot" type="Process" name="BeCreatedEx" call_pid="208" call_name="vaslauncher.exe" call_time="09:56:18.003">
	<exInfo_list count="4">
		<exInfo value="vasstarter.exe" descr="父进程名"/>
		<exInfo value="1676" descr="父进程ID"/>
		<exInfo value="D:\vaslauncher.exe" descr="启动参数"/>
		<exInfo value="direct" descr="创建方式"/>
	</exInfo_list>
	</action>
 </action_list><action_list name="进程开始执行" level="1" descr="被 vaslauncher.exe（208）创建的进程开始执行" times="0">
	<action field="start_boot" type="Process" name="BeCreated" call_pid="2036" call_name="1.exe" call_time="09:56:20.004">
	<exInfo_list count="2">
		<exInfo value="vaslauncher.exe" descr="父进程名"/>
		<exInfo value="208" descr="父进程ID"/>
	</exInfo_list>
	</action>
 </action_list><action_list name="进程开始执行" level="1" descr="被 vaslauncher.exe（208）通过参数 &quot;C:\vastest\1.exe&quot;  以 direct 方式创建的进程开始执行" times="0">
	<action field="start_boot" type="Process" name="BeCreatedEx" call_pid="2036" call_name="1.exe" call_time="09:56:20.005">
	<exInfo_list count="4">
		<exInfo value="vaslauncher.exe" descr="父进程名"/>
		<exInfo value="208" descr="父进程ID"/>
		<exInfo value="&quot;C:\vastest\1.exe&quot; " descr="启动参数"/>
		<exInfo value="direct" descr="创建方式"/>
	</exInfo_list>
	</action>
 </action_list><action_list name="加载模块" level="1" descr="加载模块 HarddiskVolume1\WINDOWS\system32\user32.dll" times="0">
	<action field="start_boot" type="Memory" name="LoadLibrary" call_pid="2036" call_name="1.exe" call_time="09:56:20.088">
	<exInfo_list count="1">
		<exInfo value="HarddiskVolume1\WINDOWS\system32\user32.dll" descr="动态链接库"/>
	</exInfo_list>
	</action>
 </action_list><action_list name="加载模块" level="1" descr="加载模块 HarddiskVolume1\WINDOWS\system32\gdi32.dll" times="0">
	<action field="start_boot" type="Memory" name="LoadLibrary" call_pid="2036" call_name="1.exe" call_time="09:56:20.092">
	<exInfo_list count="1">
		<exInfo value="HarddiskVolume1\WINDOWS\system32\gdi32.dll" descr="动态链接库"/>
	</exInfo_list>
	</action>
 </action_list><action_list name="加载模块" level="1" descr="加载模块 HarddiskVolume1\WINDOWS\system32\advapi32.dll" times="0">
	<action field="start_boot" type="Memory" name="LoadLibrary" call_pid="2036" call_name="1.exe" call_time="09:56:20.115">
	<exInfo_list count="1">
		<exInfo value="HarddiskVolume1\WINDOWS\system32\advapi32.dll" descr="动态链接库"/>
	</exInfo_list>
	</action>
 </action_list><action_list name="加载模块" level="1" descr="加载模块 HarddiskVolume1\WINDOWS\system32\rpcrt4.dll" times="0">
	<action field="start_boot" type="Memory" name="LoadLibrary" call_pid="2036" call_name="1.exe" call_time="09:56:20.119">
	<exInfo_list count="1">
		<exInfo value="HarddiskVolume1\WINDOWS\system32\rpcrt4.dll" descr="动态链接库"/>
	</exInfo_list>
	</action>
 </action_list><action_list name="加载模块" level="1" descr="加载模块 HarddiskVolume1\WINDOWS\system32\secur32.dll" times="0">
	<action field="start_boot" type="Memory" name="LoadLibrary" call_pid="2036" call_name="1.exe" call_time="09:56:20.123">
	<exInfo_list count="1">
		<exInfo value="HarddiskVolume1\WINDOWS\system32\secur32.dll" descr="动态链接库"/>
	</exInfo_list>
	</action>
 </action_list><action_list name="加载模块" level="1" descr="加载模块 HarddiskVolume1\WINDOWS\system32\msvcrt.dll" times="0">
	<action field="start_boot" type="Memory" name="LoadLibrary" call_pid="2036" call_name="1.exe" call_time="09:56:20.135">
	<exInfo_list count="1">
		<exInfo value="HarddiskVolume1\WINDOWS\system32\msvcrt.dll" descr="动态链接库"/>
	</exInfo_list>
	</action>
 </action_list><action_list name="加载模块" level="1" descr="加载模块 HarddiskVolume1\WINDOWS\system32\imm32.dll" times="0">
	<action field="start_boot" type="Memory" name="LoadLibrary" call_pid="2036" call_name="1.exe" call_time="09:56:20.199">
	<exInfo_list count="1">
		<exInfo value="HarddiskVolume1\WINDOWS\system32\imm32.dll" descr="动态链接库"/>
	</exInfo_list>
	</action>
 </action_list><action_list name="加载模块" level="1" descr="加载模块 HarddiskVolume1\WINDOWS\system32\lpk.dll" times="0">
	<action field="start_boot" type="Memory" name="LoadLibrary" call_pid="2036" call_name="1.exe" call_time="09:56:20.225">
	<exInfo_list count="1">
		<exInfo value="HarddiskVolume1\WINDOWS\system32\lpk.dll" descr="动态链接库"/>
	</exInfo_list>
	</action>
 </action_list><action_list name="加载模块" level="1" descr="加载模块 HarddiskVolume1\WINDOWS\system32\usp10.dll" times="0">
	<action field="start_boot" type="Memory" name="LoadLibrary" call_pid="2036" call_name="1.exe" call_time="09:56:20.230">
	<exInfo_list count="1">
		<exInfo value="HarddiskVolume1\WINDOWS\system32\usp10.dll" descr="动态链接库"/>
	</exInfo_list>
	</action>
 </action_list><action_list name="映射文件" level="1" descr="映射文件 HarddiskVolume1\vastest\1.exe" times="0">
	<action field="start_boot" type="File" name="ReadFileToCreate" call_pid="2036" call_name="1.exe" call_time="09:56:50.236">
	<exInfo_list count="1">
		<exInfo value="HarddiskVolume1\vastest\1.exe" descr="文件路径"/>
	</exInfo_list>
	</action>
 </action_list><action_list name="创建进程" level="3" descr="创建进程 C:\vastest\1.exe --51a61ace" times="0">
	<action field="start_boot" type="Process" name="CreateProcess" call_pid="2036" call_name="1.exe" call_time="09:56:50.181">
	<exInfo_list count="1">
		<exInfo value="C:\vastest\1.exe --51a61ace" descr="进程名"/>
	</exInfo_list>
	</action>
 </action_list><action_list name="程序退出" level="-1" descr="1.exe 退出" times="0">
	<action field="start_boot" type="Process" name="TerminateProcess" call_pid="2036" call_name="1.exe" call_time="09:56:50.267">
	<exInfo_list count="1">
		<exInfo value="1.exe" descr="结束进程名"/>
	</exInfo_list>
	</action>
 </action_list><action_list name="进程开始执行" level="1" descr="被 1.exe（2036）创建的进程开始执行" times="0">
	<action field="start_boot" type="Process" name="BeCreated" call_pid="336" call_name="1.exe" call_time="09:56:50.280">
	<exInfo_list count="2">
		<exInfo value="1.exe" descr="父进程名"/>
		<exInfo value="2036" descr="父进程ID"/>
	</exInfo_list>
	</action>
 </action_list><action_list name="进程开始执行" level="1" descr="被 1.exe（2036）通过参数 --51a61ace 以 direct 方式创建的进程开始执行" times="0">
	<action field="start_boot" type="Process" name="BeCreatedEx" call_pid="336" call_name="1.exe" call_time="09:56:50.281">
	<exInfo_list count="4">
		<exInfo value="1.exe" descr="父进程名"/>
		<exInfo value="2036" descr="父进程ID"/>
		<exInfo value="--51a61ace" descr="启动参数"/>
		<exInfo value="direct" descr="创建方式"/>
	</exInfo_list>
	</action>
 </action_list><action_list name="加载模块" level="1" descr="加载模块 HarddiskVolume1\WINDOWS\system32\user32.dll" times="0">
	<action field="start_boot" type="Memory" name="LoadLibrary" call_pid="336" call_name="1.exe" call_time="09:56:50.364">
	<exInfo_list count="1">
		<exInfo value="HarddiskVolume1\WINDOWS\system32\user32.dll" descr="动态链接库"/>
	</exInfo_list>
	</action>
 </action_list><action_list name="加载模块" level="1" descr="加载模块 HarddiskVolume1\WINDOWS\system32\gdi32.dll" times="0">
	<action field="start_boot" type="Memory" name="LoadLibrary" call_pid="336" call_name="1.exe" call_time="09:56:50.368">
	<exInfo_list count="1">
		<exInfo value="HarddiskVolume1\WINDOWS\system32\gdi32.dll" descr="动态链接库"/>
	</exInfo_list>
	</action>
 </action_list><action_list name="加载模块" level="1" descr="加载模块 HarddiskVolume1\WINDOWS\system32\advapi32.dll" times="0">
	<action field="start_boot" type="Memory" name="LoadLibrary" call_pid="336" call_name="1.exe" call_time="09:56:50.391">
	<exInfo_list count="1">
		<exInfo value="HarddiskVolume1\WINDOWS\system32\advapi32.dll" descr="动态链接库"/>
	</exInfo_list>
	</action>
 </action_list><action_list name="加载模块" level="1" descr="加载模块 HarddiskVolume1\WINDOWS\system32\rpcrt4.dll" times="0">
	<action field="start_boot" type="Memory" name="LoadLibrary" call_pid="336" call_name="1.exe" call_time="09:56:50.395">
	<exInfo_list count="1">
		<exInfo value="HarddiskVolume1\WINDOWS\system32\rpcrt4.dll" descr="动态链接库"/>
	</exInfo_list>
	</action>
 </action_list><action_list name="加载模块" level="1" descr="加载模块 HarddiskVolume1\WINDOWS\system32\secur32.dll" times="0">
	<action field="start_boot" type="Memory" name="LoadLibrary" call_pid="336" call_name="1.exe" call_time="09:56:50.399">
	<exInfo_list count="1">
		<exInfo value="HarddiskVolume1\WINDOWS\system32\secur32.dll" descr="动态链接库"/>
	</exInfo_list>
	</action>
 </action_list><action_list name="加载模块" level="1" descr="加载模块 HarddiskVolume1\WINDOWS\system32\msvcrt.dll" times="0">
	<action field="start_boot" type="Memory" name="LoadLibrary" call_pid="336" call_name="1.exe" call_time="09:56:50.411">
	<exInfo_list count="1">
		<exInfo value="HarddiskVolume1\WINDOWS\system32\msvcrt.dll" descr="动态链接库"/>
	</exInfo_list>
	</action>
 </action_list><action_list name="加载模块" level="1" descr="加载模块 HarddiskVolume1\WINDOWS\system32\imm32.dll" times="0">
	<action field="start_boot" type="Memory" name="LoadLibrary" call_pid="336" call_name="1.exe" call_time="09:56:50.475">
	<exInfo_list count="1">
		<exInfo value="HarddiskVolume1\WINDOWS\system32\imm32.dll" descr="动态链接库"/>
	</exInfo_list>
	</action>
 </action_list><action_list name="加载模块" level="1" descr="加载模块 HarddiskVolume1\WINDOWS\system32\lpk.dll" times="0">
	<action field="start_boot" type="Memory" name="LoadLibrary" call_pid="336" call_name="1.exe" call_time="09:56:50.501">
	<exInfo_list count="1">
		<exInfo value="HarddiskVolume1\WINDOWS\system32\lpk.dll" descr="动态链接库"/>
	</exInfo_list>
	</action>
 </action_list><action_list name="加载模块" level="1" descr="加载模块 HarddiskVolume1\WINDOWS\system32\usp10.dll" times="0">
	<action field="start_boot" type="Memory" name="LoadLibrary" call_pid="336" call_name="1.exe" call_time="09:56:50.506">
	<exInfo_list count="1">
		<exInfo value="HarddiskVolume1\WINDOWS\system32\usp10.dll" descr="动态链接库"/>
	</exInfo_list>
	</action>
 </action_list><action_list name="创建互斥量" level="2" descr="创建互斥量 Global\I4CF35C4F 防止重复感染" times="0">
	<action field="start_boot" type="System" name="CreateMutex" call_pid="336" call_name="1.exe" call_time="09:56:57.720">
	<exInfo_list count="1">
		<exInfo value="Global\I4CF35C4F" descr="互斥量名"/>
	</exInfo_list>
	</action>
 </action_list><action_list name="创建互斥量" level="2" descr="创建互斥量 Global\M4CF35C4F 防止重复感染" times="0">
	<action field="start_boot" type="System" name="CreateMutex" call_pid="336" call_name="1.exe" call_time="09:56:57.722">
	<exInfo_list count="1">
		<exInfo value="Global\M4CF35C4F" descr="互斥量名"/>
	</exInfo_list>
	</action>
 </action_list><action_list name="加载模块" level="1" descr="加载模块 HarddiskVolume1\WINDOWS\system32\shell32.dll" times="0">
	<action field="start_boot" type="Memory" name="LoadLibrary" call_pid="336" call_name="1.exe" call_time="09:56:58.726">
	<exInfo_list count="1">
		<exInfo value="HarddiskVolume1\WINDOWS\system32\shell32.dll" descr="动态链接库"/>
	</exInfo_list>
	</action>
 </action_list><action_list name="加载模块" level="1" descr="加载模块 HarddiskVolume1\WINDOWS\system32\shlwapi.dll" times="0">
	<action field="start_boot" type="Memory" name="LoadLibrary" call_pid="336" call_name="1.exe" call_time="09:56:58.738">
	<exInfo_list count="1">
		<exInfo value="HarddiskVolume1\WINDOWS\system32\shlwapi.dll" descr="动态链接库"/>
	</exInfo_list>
	</action>
 </action_list><action_list name="加载模块" level="1" descr="加载模块 HarddiskVolume1\WINDOWS\WinSxS\x86_Microsoft.Windows.Common-Controls_6595b64144ccf1df_6.0.2600.5512_x-ww_35d4ce83\comctl32.dll" times="0">
	<action field="start_boot" type="Memory" name="LoadLibrary" call_pid="336" call_name="1.exe" call_time="09:56:58.797">
	<exInfo_list count="1">
		<exInfo value="HarddiskVolume1\WINDOWS\WinSxS\x86_Microsoft.Windows.Common-Controls_6595b64144ccf1df_6.0.2600.5512_x-ww_35d4ce83\comctl32.dll" descr="动态链接库"/>
	</exInfo_list>
	</action>
 </action_list><action_list name="加载模块" level="1" descr="加载模块 HarddiskVolume1\WINDOWS\system32\comctl32.dll" times="0">
	<action field="start_boot" type="Memory" name="LoadLibrary" call_pid="336" call_name="1.exe" call_time="09:56:58.885">
	<exInfo_list count="1">
		<exInfo value="HarddiskVolume1\WINDOWS\system32\comctl32.dll" descr="动态链接库"/>
	</exInfo_list>
	</action>
 </action_list><action_list name="检测分析环境" level="1" descr="通过 sleep(180s) 技术检测虚拟机或调试器，逃避分析与查杀" times="0">
	<action field="start_boot" type="System" name="DetectDebugger" call_pid="336" call_name="1.exe" call_time="09:56:58.941">
	<exInfo_list count="1">
		<exInfo value="sleep(180s)" descr="技术手段"/>
	</exInfo_list>
	</action>
 </action_list><action_list name="检测分析环境" level="1" descr="通过 MemoryOperation 技术检测虚拟机或调试器，逃避分析与查杀" times="0">
	<action field="start_boot" type="System" name="DetectDebugger" call_pid="336" call_name="1.exe" call_time="09:56:58.961">
	<exInfo_list count="1">
		<exInfo value="MemoryOperation" descr="技术手段"/>
	</exInfo_list>
	</action>
 </action_list><action_list name="查询系统服务" level="3" descr="查询系统服务" times="0">
	<action field="start_boot" type="System" name="AccessServices" call_pid="336" call_name="1.exe" call_time="09:56:58.940">
	<exInfo_list count="0">
	</exInfo_list>
	</action>
 </action_list><action_list name="自我读取" level="1" descr="读取文件 HarddiskVolume1\vastest\1.exe" times="0">
	<action field="start_boot" type="File" name="ReadFile" call_pid="336" call_name="1.exe" call_time="09:56:58.991">
	<exInfo_list count="1">
		<exInfo value="HarddiskVolume1\vastest\1.exe" descr="文件路径"/>
	</exInfo_list>
	</action>
 </action_list><action_list name="删除系统目录文件" level="3" descr="删除文件 C:\WINDOWS\system32\culturedaf.exe" times="0">
	<action field="start_boot" type="File" name="DeleteFile" call_pid="336" call_name="1.exe" call_time="09:56:58.039">
	<exInfo_list count="1">
		<exInfo value="C:\WINDOWS\system32\culturedaf.exe" descr="文件路径"/>
	</exInfo_list>
	</action>
 </action_list><action_list name="加载模块" level="1" descr="加载模块 HarddiskVolume1\WINDOWS\system32\setupapi.dll" times="0">
	<action field="start_boot" type="Memory" name="LoadLibrary" call_pid="336" call_name="1.exe" call_time="09:56:58.087">
	<exInfo_list count="1">
		<exInfo value="HarddiskVolume1\WINDOWS\system32\setupapi.dll" descr="动态链接库"/>
	</exInfo_list>
	</action>
 </action_list><action_list name="变更权限" level="3" descr="改变进程的权限" times="0">
	<action field="start_boot" type="Process" name="AdjustPrivilege" call_pid="336" call_name="1.exe" call_time="09:56:58.171">
	<exInfo_list count="0">
	</exInfo_list>
	</action>
 </action_list><action_list name="设置注册表中键值" level="2" descr="设置注册表中键 \REGISTRY\USER\S-1-5-21-117609710-838170752-515967899-1003\SOFTWARE\MICROSOFT\WINDOWS\CURRENTVERSION\EXPLORER\MOUNTPOINTS2\{05CFC942-435A-11E6-BABC-806D6172696F} 的值 BaseClass" times="0">
	<action field="start_boot" type="Reg" name="SetKeyValue" call_pid="336" call_name="1.exe" call_time="09:56:58.229">
	<exInfo_list count="2">
		<exInfo value="\REGISTRY\USER\S-1-5-21-117609710-838170752-515967899-1003\SOFTWARE\MICROSOFT\WINDOWS\CURRENTVERSION\EXPLORER\MOUNTPOINTS2\{05CFC942-435A-11E6-BABC-806D6172696F}" descr="键名"/>
		<exInfo value="BaseClass" descr="键值"/>
	</exInfo_list>
	</action>
 </action_list><action_list name="设置注册表中键值" level="2" descr="设置注册表中键 \REGISTRY\USER\S-1-5-21-117609710-838170752-515967899-1003\SOFTWARE\MICROSOFT\WINDOWS\CURRENTVERSION\EXPLORER\MOUNTPOINTS2\{05CFC940-435A-11E6-BABC-806D6172696F} 的值 BaseClass" times="0">
	<action field="start_boot" type="Reg" name="SetKeyValue" call_pid="336" call_name="1.exe" call_time="09:56:58.239">
	<exInfo_list count="2">
		<exInfo value="\REGISTRY\USER\S-1-5-21-117609710-838170752-515967899-1003\SOFTWARE\MICROSOFT\WINDOWS\CURRENTVERSION\EXPLORER\MOUNTPOINTS2\{05CFC940-435A-11E6-BABC-806D6172696F}" descr="键名"/>
		<exInfo value="BaseClass" descr="键值"/>
	</exInfo_list>
	</action>
 </action_list><action_list name="移动文件到系统目录" level="3" descr="移动文件 C:\vastest\1.exe 到 C:\WINDOWS\system32\smallcycle.exe" times="0">
	<action field="start_boot" type="File" name="MoveFile" call_pid="336" call_name="1.exe" call_time="09:56:58.256">
	<exInfo_list count="2">
		<exInfo value="C:\vastest\1.exe" descr="源路径"/>
		<exInfo value="C:\WINDOWS\system32\smallcycle.exe" descr="目的路径"/>
	</exInfo_list>
	</action>
 </action_list><action_list name="加载模块" level="1" descr="加载模块 HarddiskVolume1\WINDOWS\system32\ole32.dll" times="0">
	<action field="start_boot" type="Memory" name="LoadLibrary" call_pid="336" call_name="1.exe" call_time="09:56:58.290">
	<exInfo_list count="1">
		<exInfo value="HarddiskVolume1\WINDOWS\system32\ole32.dll" descr="动态链接库"/>
	</exInfo_list>
	</action>
 </action_list><action_list name="加载模块" level="1" descr="加载模块 HarddiskVolume1\WINDOWS\system32\ntmarta.dll" times="0">
	<action field="start_boot" type="Memory" name="LoadLibrary" call_pid="336" call_name="1.exe" call_time="09:56:58.366">
	<exInfo_list count="1">
		<exInfo value="HarddiskVolume1\WINDOWS\system32\ntmarta.dll" descr="动态链接库"/>
	</exInfo_list>
	</action>
 </action_list><action_list name="加载模块" level="1" descr="加载模块 HarddiskVolume1\WINDOWS\system32\samlib.dll" times="0">
	<action field="start_boot" type="Memory" name="LoadLibrary" call_pid="336" call_name="1.exe" call_time="09:56:58.377">
	<exInfo_list count="1">
		<exInfo value="HarddiskVolume1\WINDOWS\system32\samlib.dll" descr="动态链接库"/>
	</exInfo_list>
	</action>
 </action_list><action_list name="加载模块" level="1" descr="加载模块 HarddiskVolume1\WINDOWS\system32\wldap32.dll" times="0">
	<action field="start_boot" type="Memory" name="LoadLibrary" call_pid="336" call_name="1.exe" call_time="09:56:58.381">
	<exInfo_list count="1">
		<exInfo value="HarddiskVolume1\WINDOWS\system32\wldap32.dll" descr="动态链接库"/>
	</exInfo_list>
	</action>
 </action_list><action_list name="删除系统目录文件" level="3" descr="删除文件 C:\WINDOWS\system32\smallcycle.exe:Zone.Identifier" times="0">
	<action field="start_boot" type="File" name="DeleteFile" call_pid="336" call_name="1.exe" call_time="09:56:58.420">
	<exInfo_list count="1">
		<exInfo value="C:\WINDOWS\system32\smallcycle.exe:Zone.Identifier" descr="文件路径"/>
	</exInfo_list>
	</action>
 </action_list><action_list name="检测分析环境" level="1" descr="通过 sleep(180s) 技术检测虚拟机或调试器，逃避分析与查杀" times="0">
	<action field="start_boot" type="System" name="DetectDebugger" call_pid="336" call_name="1.exe" call_time="09:56:58.422">
	<exInfo_list count="1">
		<exInfo value="sleep(180s)" descr="技术手段"/>
	</exInfo_list>
	</action>
 </action_list><action_list name="查询系统服务" level="3" descr="查询系统服务" times="0">
	<action field="start_boot" type="System" name="AccessServices" call_pid="336" call_name="1.exe" call_time="09:56:58.421">
	<exInfo_list count="0">
	</exInfo_list>
	</action>
 </action_list><action_list name="创建系统服务" level="3" descr="为 &quot;C:\WINDOWS\system32\smallcycle.exe&quot; 创建系统服务 smallcycle（ smallcycle ）" times="0">
	<action field="start_boot" type="System" name="CreateService" call_pid="336" call_name="1.exe" call_time="09:56:58.426">
	<exInfo_list count="3">
		<exInfo value="smallcycle" descr="服务名"/>
		<exInfo value="smallcycle" descr="服务显示名"/>
		<exInfo value="&quot;C:\WINDOWS\system32\smallcycle.exe&quot;" descr="服务文件名"/>
	</exInfo_list>
	</action>
 </action_list><action_list name="控制系统服务" level="3" descr="控制 COMSysApp 服务，执行恶意操作" times="0">
	<action field="start_boot" type="System" name="OpenService" call_pid="336" call_name="1.exe" call_time="09:56:58.436">
	<exInfo_list count="1">
		<exInfo value="COMSysApp" descr="服务名"/>
	</exInfo_list>
	</action>
 </action_list><action_list name="进程开始执行" level="1" descr="被 1.exe（2036）间接创建的进程开始执行" times="0">
	<action field="start_boot" type="Process" name="BeCreatedIndirectly" call_pid="792" call_name="1.exe" call_time="09:56:58.441">
	<exInfo_list count="2">
		<exInfo value="1.exe" descr="父进程名"/>
		<exInfo value="2036" descr="父进程ID"/>
	</exInfo_list>
	</action>
 </action_list><action_list name="进程开始执行" level="1" descr="被 1.exe（2036）通过参数 &quot;C:\WINDOWS\system32\smallcycle.exe&quot; 以 indirect 方式创建的进程开始执行" times="0">
	<action field="start_boot" type="Process" name="BeCreatedEx" call_pid="792" call_name="1.exe" call_time="09:56:58.442">
	<exInfo_list count="4">
		<exInfo value="1.exe" descr="父进程名"/>
		<exInfo value="2036" descr="父进程ID"/>
		<exInfo value="&quot;C:\WINDOWS\system32\smallcycle.exe&quot;" descr="启动参数"/>
		<exInfo value="indirect" descr="创建方式"/>
	</exInfo_list>
	</action>
 </action_list><action_list name="加载模块" level="1" descr="加载模块 HarddiskVolume1\WINDOWS\system32\user32.dll" times="0">
	<action field="start_boot" type="Memory" name="LoadLibrary" call_pid="792" call_name="1.exe" call_time="09:56:58.526">
	<exInfo_list count="1">
		<exInfo value="HarddiskVolume1\WINDOWS\system32\user32.dll" descr="动态链接库"/>
	</exInfo_list>
	</action>
 </action_list><action_list name="加载模块" level="1" descr="加载模块 HarddiskVolume1\WINDOWS\system32\gdi32.dll" times="0">
	<action field="start_boot" type="Memory" name="LoadLibrary" call_pid="792" call_name="1.exe" call_time="09:56:58.530">
	<exInfo_list count="1">
		<exInfo value="HarddiskVolume1\WINDOWS\system32\gdi32.dll" descr="动态链接库"/>
	</exInfo_list>
	</action>
 </action_list><action_list name="加载模块" level="1" descr="加载模块 HarddiskVolume1\WINDOWS\system32\advapi32.dll" times="0">
	<action field="start_boot" type="Memory" name="LoadLibrary" call_pid="792" call_name="1.exe" call_time="09:56:58.553">
	<exInfo_list count="1">
		<exInfo value="HarddiskVolume1\WINDOWS\system32\advapi32.dll" descr="动态链接库"/>
	</exInfo_list>
	</action>
 </action_list><action_list name="加载模块" level="1" descr="加载模块 HarddiskVolume1\WINDOWS\system32\rpcrt4.dll" times="0">
	<action field="start_boot" type="Memory" name="LoadLibrary" call_pid="792" call_name="1.exe" call_time="09:56:58.557">
	<exInfo_list count="1">
		<exInfo value="HarddiskVolume1\WINDOWS\system32\rpcrt4.dll" descr="动态链接库"/>
	</exInfo_list>
	</action>
 </action_list><action_list name="加载模块" level="1" descr="加载模块 HarddiskVolume1\WINDOWS\system32\secur32.dll" times="0">
	<action field="start_boot" type="Memory" name="LoadLibrary" call_pid="792" call_name="1.exe" call_time="09:56:58.561">
	<exInfo_list count="1">
		<exInfo value="HarddiskVolume1\WINDOWS\system32\secur32.dll" descr="动态链接库"/>
	</exInfo_list>
	</action>
 </action_list><action_list name="加载模块" level="1" descr="加载模块 HarddiskVolume1\WINDOWS\system32\msvcrt.dll" times="0">
	<action field="start_boot" type="Memory" name="LoadLibrary" call_pid="792" call_name="1.exe" call_time="09:56:58.573">
	<exInfo_list count="1">
		<exInfo value="HarddiskVolume1\WINDOWS\system32\msvcrt.dll" descr="动态链接库"/>
	</exInfo_list>
	</action>
 </action_list><action_list name="加载模块" level="1" descr="加载模块 HarddiskVolume1\WINDOWS\system32\imm32.dll" times="0">
	<action field="start_boot" type="Memory" name="LoadLibrary" call_pid="792" call_name="1.exe" call_time="09:56:58.635">
	<exInfo_list count="1">
		<exInfo value="HarddiskVolume1\WINDOWS\system32\imm32.dll" descr="动态链接库"/>
	</exInfo_list>
	</action>
 </action_list><action_list name="加载模块" level="1" descr="加载模块 HarddiskVolume1\WINDOWS\system32\lpk.dll" times="0">
	<action field="start_boot" type="Memory" name="LoadLibrary" call_pid="792" call_name="1.exe" call_time="09:56:58.661">
	<exInfo_list count="1">
		<exInfo value="HarddiskVolume1\WINDOWS\system32\lpk.dll" descr="动态链接库"/>
	</exInfo_list>
	</action>
 </action_list><action_list name="加载模块" level="1" descr="加载模块 HarddiskVolume1\WINDOWS\system32\usp10.dll" times="0">
	<action field="start_boot" type="Memory" name="LoadLibrary" call_pid="792" call_name="1.exe" call_time="09:56:58.666">
	<exInfo_list count="1">
		<exInfo value="HarddiskVolume1\WINDOWS\system32\usp10.dll" descr="动态链接库"/>
	</exInfo_list>
	</action>
 </action_list><action_list name="创建进程" level="3" descr="创建进程 C:\WINDOWS\system32\smallcycle.exe --255a3573" times="0">
	<action field="start_boot" type="Process" name="CreateProcess" call_pid="792" call_name="1.exe" call_time="09:57:05.885">
	<exInfo_list count="1">
		<exInfo value="C:\WINDOWS\system32\smallcycle.exe --255a3573" descr="进程名"/>
	</exInfo_list>
	</action>
 </action_list><action_list name="程序退出" level="-1" descr="1.exe 退出" times="0">
	<action field="start_boot" type="Process" name="TerminateProcess" call_pid="792" call_name="1.exe" call_time="09:57:05.916">
	<exInfo_list count="1">
		<exInfo value="1.exe" descr="结束进程名"/>
	</exInfo_list>
	</action>
 </action_list><action_list name="进程开始执行" level="1" descr="被 1.exe（792）创建的进程开始执行" times="0">
	<action field="start_boot" type="Process" name="BeCreated" call_pid="772" call_name="1.exe" call_time="09:57:05.917">
	<exInfo_list count="2">
		<exInfo value="1.exe" descr="父进程名"/>
		<exInfo value="792" descr="父进程ID"/>
	</exInfo_list>
	</action>
 </action_list><action_list name="进程开始执行" level="1" descr="被 1.exe（792）通过参数 --255a3573 以 direct 方式创建的进程开始执行" times="0">
	<action field="start_boot" type="Process" name="BeCreatedEx" call_pid="772" call_name="1.exe" call_time="09:57:05.918">
	<exInfo_list count="4">
		<exInfo value="1.exe" descr="父进程名"/>
		<exInfo value="792" descr="父进程ID"/>
		<exInfo value="--255a3573" descr="启动参数"/>
		<exInfo value="direct" descr="创建方式"/>
	</exInfo_list>
	</action>
 </action_list><action_list name="加载模块" level="1" descr="加载模块 HarddiskVolume1\WINDOWS\system32\user32.dll" times="0">
	<action field="start_boot" type="Memory" name="LoadLibrary" call_pid="772" call_name="1.exe" call_time="09:57:05.001">
	<exInfo_list count="1">
		<exInfo value="HarddiskVolume1\WINDOWS\system32\user32.dll" descr="动态链接库"/>
	</exInfo_list>
	</action>
 </action_list><action_list name="加载模块" level="1" descr="加载模块 HarddiskVolume1\WINDOWS\system32\gdi32.dll" times="0">
	<action field="start_boot" type="Memory" name="LoadLibrary" call_pid="772" call_name="1.exe" call_time="09:57:05.005">
	<exInfo_list count="1">
		<exInfo value="HarddiskVolume1\WINDOWS\system32\gdi32.dll" descr="动态链接库"/>
	</exInfo_list>
	</action>
 </action_list><action_list name="加载模块" level="1" descr="加载模块 HarddiskVolume1\WINDOWS\system32\advapi32.dll" times="0">
	<action field="start_boot" type="Memory" name="LoadLibrary" call_pid="772" call_name="1.exe" call_time="09:57:05.028">
	<exInfo_list count="1">
		<exInfo value="HarddiskVolume1\WINDOWS\system32\advapi32.dll" descr="动态链接库"/>
	</exInfo_list>
	</action>
 </action_list><action_list name="加载模块" level="1" descr="加载模块 HarddiskVolume1\WINDOWS\system32\rpcrt4.dll" times="0">
	<action field="start_boot" type="Memory" name="LoadLibrary" call_pid="772" call_name="1.exe" call_time="09:57:05.032">
	<exInfo_list count="1">
		<exInfo value="HarddiskVolume1\WINDOWS\system32\rpcrt4.dll" descr="动态链接库"/>
	</exInfo_list>
	</action>
 </action_list><action_list name="加载模块" level="1" descr="加载模块 HarddiskVolume1\WINDOWS\system32\secur32.dll" times="0">
	<action field="start_boot" type="Memory" name="LoadLibrary" call_pid="772" call_name="1.exe" call_time="09:57:05.036">
	<exInfo_list count="1">
		<exInfo value="HarddiskVolume1\WINDOWS\system32\secur32.dll" descr="动态链接库"/>
	</exInfo_list>
	</action>
 </action_list><action_list name="程序退出" level="-1" descr="1.exe 退出" times="0">
	<action field="start_boot" type="Process" name="TerminateProcess" call_pid="792" call_name="1.exe" call_time="09:57:05.059">
	<exInfo_list count="1">
		<exInfo value="1.exe" descr="结束进程名"/>
	</exInfo_list>
	</action>
 </action_list><action_list name="加载模块" level="1" descr="加载模块 HarddiskVolume1\WINDOWS\system32\msvcrt.dll" times="0">
	<action field="start_boot" type="Memory" name="LoadLibrary" call_pid="772" call_name="1.exe" call_time="09:57:05.060">
	<exInfo_list count="1">
		<exInfo value="HarddiskVolume1\WINDOWS\system32\msvcrt.dll" descr="动态链接库"/>
	</exInfo_list>
	</action>
 </action_list><action_list name="启动系统服务" level="3" descr="加载系统服务，获取更高控制权" times="0">
	<action field="start_boot" type="System" name="StartService" call_pid="336" call_name="1.exe" call_time="09:56:58.440">
	<exInfo_list count="0">
	</exInfo_list>
	</action>
 </action_list><action_list name="控制系统服务" level="3" descr="控制 1 服务，执行恶意操作" times="0">
	<action field="start_boot" type="System" name="OpenService" call_pid="336" call_name="1.exe" call_time="09:57:05.114">
	<exInfo_list count="1">
		<exInfo value="1" descr="服务名"/>
	</exInfo_list>
	</action>
 </action_list><action_list name="加载模块" level="1" descr="加载模块 HarddiskVolume1\WINDOWS\system32\imm32.dll" times="0">
	<action field="start_boot" type="Memory" name="LoadLibrary" call_pid="772" call_name="1.exe" call_time="09:57:05.124">
	<exInfo_list count="1">
		<exInfo value="HarddiskVolume1\WINDOWS\system32\imm32.dll" descr="动态链接库"/>
	</exInfo_list>
	</action>
 </action_list><action_list name="加载模块" level="1" descr="加载模块 HarddiskVolume1\WINDOWS\system32\lpk.dll" times="0">
	<action field="start_boot" type="Memory" name="LoadLibrary" call_pid="772" call_name="1.exe" call_time="09:57:05.150">
	<exInfo_list count="1">
		<exInfo value="HarddiskVolume1\WINDOWS\system32\lpk.dll" descr="动态链接库"/>
	</exInfo_list>
	</action>
 </action_list><action_list name="加载模块" level="1" descr="加载模块 HarddiskVolume1\WINDOWS\system32\usp10.dll" times="0">
	<action field="start_boot" type="Memory" name="LoadLibrary" call_pid="772" call_name="1.exe" call_time="09:57:05.155">
	<exInfo_list count="1">
		<exInfo value="HarddiskVolume1\WINDOWS\system32\usp10.dll" descr="动态链接库"/>
	</exInfo_list>
	</action>
 </action_list><action_list name="程序退出" level="-1" descr="1.exe 退出" times="0">
	<action field="start_boot" type="Process" name="TerminateProcess" call_pid="336" call_name="1.exe" call_time="09:57:05.210">
	<exInfo_list count="1">
		<exInfo value="1.exe" descr="结束进程名"/>
	</exInfo_list>
	</action>
 </action_list><action_list name="创建互斥量" level="2" descr="创建互斥量 Global\I4CF35C4F 防止重复感染" times="0">
	<action field="start_boot" type="System" name="CreateMutex" call_pid="772" call_name="1.exe" call_time="09:57:11.423">
	<exInfo_list count="1">
		<exInfo value="Global\I4CF35C4F" descr="互斥量名"/>
	</exInfo_list>
	</action>
 </action_list><action_list name="创建互斥量" level="2" descr="创建互斥量 Global\M4CF35C4F 防止重复感染" times="0">
	<action field="start_boot" type="System" name="CreateMutex" call_pid="772" call_name="1.exe" call_time="09:57:11.425">
	<exInfo_list count="1">
		<exInfo value="Global\M4CF35C4F" descr="互斥量名"/>
	</exInfo_list>
	</action>
 </action_list><action_list name="加载模块" level="1" descr="加载模块 HarddiskVolume1\WINDOWS\system32\shell32.dll" times="0">
	<action field="start_boot" type="Memory" name="LoadLibrary" call_pid="772" call_name="1.exe" call_time="09:57:12.429">
	<exInfo_list count="1">
		<exInfo value="HarddiskVolume1\WINDOWS\system32\shell32.dll" descr="动态链接库"/>
	</exInfo_list>
	</action>
 </action_list><action_list name="加载模块" level="1" descr="加载模块 HarddiskVolume1\WINDOWS\system32\shlwapi.dll" times="0">
	<action field="start_boot" type="Memory" name="LoadLibrary" call_pid="772" call_name="1.exe" call_time="09:57:12.441">
	<exInfo_list count="1">
		<exInfo value="HarddiskVolume1\WINDOWS\system32\shlwapi.dll" descr="动态链接库"/>
	</exInfo_list>
	</action>
 </action_list><action_list name="加载模块" level="1" descr="加载模块 HarddiskVolume1\WINDOWS\WinSxS\x86_Microsoft.Windows.Common-Controls_6595b64144ccf1df_6.0.2600.5512_x-ww_35d4ce83\comctl32.dll" times="0">
	<action field="start_boot" type="Memory" name="LoadLibrary" call_pid="772" call_name="1.exe" call_time="09:57:13.500">
	<exInfo_list count="1">
		<exInfo value="HarddiskVolume1\WINDOWS\WinSxS\x86_Microsoft.Windows.Common-Controls_6595b64144ccf1df_6.0.2600.5512_x-ww_35d4ce83\comctl32.dll" descr="动态链接库"/>
	</exInfo_list>
	</action>
 </action_list><action_list name="加载模块" level="1" descr="加载模块 HarddiskVolume1\WINDOWS\system32\comctl32.dll" times="0">
	<action field="start_boot" type="Memory" name="LoadLibrary" call_pid="772" call_name="1.exe" call_time="09:57:13.587">
	<exInfo_list count="1">
		<exInfo value="HarddiskVolume1\WINDOWS\system32\comctl32.dll" descr="动态链接库"/>
	</exInfo_list>
	</action>
 </action_list><action_list name="检测分析环境" level="1" descr="通过 sleep(180s) 技术检测虚拟机或调试器，逃避分析与查杀" times="0">
	<action field="start_boot" type="System" name="DetectDebugger" call_pid="772" call_name="1.exe" call_time="09:57:13.644">
	<exInfo_list count="1">
		<exInfo value="sleep(180s)" descr="技术手段"/>
	</exInfo_list>
	</action>
 </action_list><action_list name="检测分析环境" level="1" descr="通过 MemoryOperation 技术检测虚拟机或调试器，逃避分析与查杀" times="0">
	<action field="start_boot" type="System" name="DetectDebugger" call_pid="772" call_name="1.exe" call_time="09:57:13.663">
	<exInfo_list count="1">
		<exInfo value="MemoryOperation" descr="技术手段"/>
	</exInfo_list>
	</action>
 </action_list><action_list name="查询系统服务" level="3" descr="查询系统服务" times="0">
	<action field="start_boot" type="System" name="AccessServices" call_pid="772" call_name="1.exe" call_time="09:57:13.643">
	<exInfo_list count="0">
	</exInfo_list>
	</action>
 </action_list><action_list name="读取系统文件" level="2" descr="读取文件 HarddiskVolume1\WINDOWS\system32\smallcycle.exe" times="0">
	<action field="start_boot" type="File" name="ReadFile" call_pid="772" call_name="1.exe" call_time="09:57:13.692">
	<exInfo_list count="1">
		<exInfo value="HarddiskVolume1\WINDOWS\system32\smallcycle.exe" descr="文件路径"/>
	</exInfo_list>
	</action>
 </action_list><action_list name="删除系统目录文件" level="3" descr="删除文件 C:\WINDOWS\system32\culturedaf.exe" times="0">
	<action field="start_boot" type="File" name="DeleteFile" call_pid="772" call_name="1.exe" call_time="09:57:13.739">
	<exInfo_list count="1">
		<exInfo value="C:\WINDOWS\system32\culturedaf.exe" descr="文件路径"/>
	</exInfo_list>
	</action>
 </action_list><action_list name="加载模块" level="1" descr="加载模块 HarddiskVolume1\WINDOWS\system32\crypt32.dll" times="0">
	<action field="start_boot" type="Memory" name="LoadLibrary" call_pid="772" call_name="1.exe" call_time="09:57:14.743">
	<exInfo_list count="1">
		<exInfo value="HarddiskVolume1\WINDOWS\system32\crypt32.dll" descr="动态链接库"/>
	</exInfo_list>
	</action>
 </action_list><action_list name="加载模块" level="1" descr="加载模块 HarddiskVolume1\WINDOWS\system32\msasn1.dll" times="0">
	<action field="start_boot" type="Memory" name="LoadLibrary" call_pid="772" call_name="1.exe" call_time="09:57:14.747">
	<exInfo_list count="1">
		<exInfo value="HarddiskVolume1\WINDOWS\system32\msasn1.dll" descr="动态链接库"/>
	</exInfo_list>
	</action>
 </action_list><action_list name="加载模块" level="1" descr="加载模块 HarddiskVolume1\WINDOWS\system32\urlmon.dll" times="0">
	<action field="start_boot" type="Memory" name="LoadLibrary" call_pid="772" call_name="1.exe" call_time="09:57:14.784">
	<exInfo_list count="1">
		<exInfo value="HarddiskVolume1\WINDOWS\system32\urlmon.dll" descr="动态链接库"/>
	</exInfo_list>
	</action>
 </action_list><action_list name="加载模块" level="1" descr="加载模块 HarddiskVolume1\WINDOWS\system32\ole32.dll" times="0">
	<action field="start_boot" type="Memory" name="LoadLibrary" call_pid="772" call_name="1.exe" call_time="09:57:14.788">
	<exInfo_list count="1">
		<exInfo value="HarddiskVolume1\WINDOWS\system32\ole32.dll" descr="动态链接库"/>
	</exInfo_list>
	</action>
 </action_list><action_list name="加载模块" level="1" descr="加载模块 HarddiskVolume1\WINDOWS\system32\version.dll" times="0">
	<action field="start_boot" type="Memory" name="LoadLibrary" call_pid="772" call_name="1.exe" call_time="09:57:14.799">
	<exInfo_list count="1">
		<exInfo value="HarddiskVolume1\WINDOWS\system32\version.dll" descr="动态链接库"/>
	</exInfo_list>
	</action>
 </action_list><action_list name="加载模块" level="1" descr="加载模块 HarddiskVolume1\WINDOWS\system32\userenv.dll" times="0">
	<action field="start_boot" type="Memory" name="LoadLibrary" call_pid="772" call_name="1.exe" call_time="09:57:14.902">
	<exInfo_list count="1">
		<exInfo value="HarddiskVolume1\WINDOWS\system32\userenv.dll" descr="动态链接库"/>
	</exInfo_list>
	</action>
 </action_list><action_list name="加载模块" level="1" descr="加载模块 HarddiskVolume1\WINDOWS\system32\wininet.dll" times="0">
	<action field="start_boot" type="Memory" name="LoadLibrary" call_pid="772" call_name="1.exe" call_time="09:57:14.936">
	<exInfo_list count="1">
		<exInfo value="HarddiskVolume1\WINDOWS\system32\wininet.dll" descr="动态链接库"/>
	</exInfo_list>
	</action>
 </action_list><action_list name="加载模块" level="1" descr="加载模块 HarddiskVolume1\WINDOWS\system32\oleaut32.dll" times="0">
	<action field="start_boot" type="Memory" name="LoadLibrary" call_pid="772" call_name="1.exe" call_time="09:57:14.947">
	<exInfo_list count="1">
		<exInfo value="HarddiskVolume1\WINDOWS\system32\oleaut32.dll" descr="动态链接库"/>
	</exInfo_list>
	</action>
 </action_list><action_list name="加载模块" level="1" descr="加载模块 HarddiskVolume1\WINDOWS\system32\wtsapi32.dll" times="0">
	<action field="start_boot" type="Memory" name="LoadLibrary" call_pid="772" call_name="1.exe" call_time="09:57:14.984">
	<exInfo_list count="1">
		<exInfo value="HarddiskVolume1\WINDOWS\system32\wtsapi32.dll" descr="动态链接库"/>
	</exInfo_list>
	</action>
 </action_list><action_list name="加载模块" level="1" descr="加载模块 HarddiskVolume1\WINDOWS\system32\winsta.dll" times="0">
	<action field="start_boot" type="Memory" name="LoadLibrary" call_pid="772" call_name="1.exe" call_time="09:57:14.995">
	<exInfo_list count="1">
		<exInfo value="HarddiskVolume1\WINDOWS\system32\winsta.dll" descr="动态链接库"/>
	</exInfo_list>
	</action>
 </action_list><action_list name="加载模块" level="1" descr="加载模块 HarddiskVolume1\WINDOWS\system32\netapi32.dll" times="0">
	<action field="start_boot" type="Memory" name="LoadLibrary" call_pid="772" call_name="1.exe" call_time="09:57:14.999">
	<exInfo_list count="1">
		<exInfo value="HarddiskVolume1\WINDOWS\system32\netapi32.dll" descr="动态链接库"/>
	</exInfo_list>
	</action>
 </action_list><action_list name="读取系统文件" level="2" descr="读取文件 HarddiskVolume1\WINDOWS\system32\rsaenh.dll" times="0">
	<action field="start_boot" type="File" name="ReadFile" call_pid="772" call_name="1.exe" call_time="09:57:14.043">
	<exInfo_list count="1">
		<exInfo value="HarddiskVolume1\WINDOWS\system32\rsaenh.dll" descr="文件路径"/>
	</exInfo_list>
	</action>
 </action_list><action_list name="加载模块" level="1" descr="加载模块 HarddiskVolume1\WINDOWS\system32\rsaenh.dll" times="0">
	<action field="start_boot" type="Memory" name="LoadLibrary" call_pid="772" call_name="1.exe" call_time="09:57:14.105">
	<exInfo_list count="1">
		<exInfo value="HarddiskVolume1\WINDOWS\system32\rsaenh.dll" descr="动态链接库"/>
	</exInfo_list>
	</action>
 </action_list><action_list name="读取系统文件" level="2" descr="读取文件 HarddiskVolume1\WINDOWS\system32\rsaenh.dll" times="0">
	<action field="start_boot" type="File" name="ReadFile" call_pid="772" call_name="1.exe" call_time="09:57:14.155">
	<exInfo_list count="1">
		<exInfo value="HarddiskVolume1\WINDOWS\system32\rsaenh.dll" descr="文件路径"/>
	</exInfo_list>
	</action>
 </action_list><action_list name="检测分析环境" level="1" descr="通过 CpuCheck 技术检测虚拟机或调试器，逃避分析与查杀" times="0">
	<action field="start_boot" type="System" name="DetectDebugger" call_pid="772" call_name="1.exe" call_time="09:57:14.218">
	<exInfo_list count="1">
		<exInfo value="CpuCheck" descr="技术手段"/>
	</exInfo_list>
	</action>
 </action_list><action_list name="遍历进程列表" level="3" descr="病毒木马通常会通过遍历系统进程列表，查找是否有需要关闭的进程" times="0">
	<action field="start_boot" type="Process" name="TraverseProcess" call_pid="772" call_name="1.exe" call_time="09:57:15.311">
	<exInfo_list count="0">
	</exInfo_list>
	</action>
 </action_list><action_list name="设置注册表中键值" level="2" descr="设置注册表中键 \REGISTRY\USER\.DEFAULT\SOFTWARE\MICROSOFT\WINDOWS\CURRENTVERSION\EXPLORER\SHELL FOLDERS 的值 Cache" times="0">
	<action field="start_boot" type="Reg" name="SetKeyValue" call_pid="772" call_name="1.exe" call_time="09:57:15.541">
	<exInfo_list count="2">
		<exInfo value="\REGISTRY\USER\.DEFAULT\SOFTWARE\MICROSOFT\WINDOWS\CURRENTVERSION\EXPLORER\SHELL FOLDERS" descr="键名"/>
		<exInfo value="Cache" descr="键值"/>
	</exInfo_list>
	</action>
 </action_list><action_list name="设置注册表中键值" level="2" descr="设置注册表中键 \REGISTRY\MACHINE\SOFTWARE\MICROSOFT\WINDOWS\CURRENTVERSION\INTERNET SETTINGS\CACHE\PATHS 的值 Directory" times="0">
	<action field="start_boot" type="Reg" name="SetKeyValue" call_pid="772" call_name="1.exe" call_time="09:57:15.548">
	<exInfo_list count="2">
		<exInfo value="\REGISTRY\MACHINE\SOFTWARE\MICROSOFT\WINDOWS\CURRENTVERSION\INTERNET SETTINGS\CACHE\PATHS" descr="键名"/>
		<exInfo value="Directory" descr="键值"/>
	</exInfo_list>
	</action>
 </action_list><action_list name="设置注册表中键值" level="2" descr="设置注册表中键 \REGISTRY\MACHINE\SOFTWARE\MICROSOFT\WINDOWS\CURRENTVERSION\INTERNET SETTINGS\CACHE\PATHS 的值 Paths" times="0">
	<action field="start_boot" type="Reg" name="SetKeyValue" call_pid="772" call_name="1.exe" call_time="09:57:15.549">
	<exInfo_list count="2">
		<exInfo value="\REGISTRY\MACHINE\SOFTWARE\MICROSOFT\WINDOWS\CURRENTVERSION\INTERNET SETTINGS\CACHE\PATHS" descr="键名"/>
		<exInfo value="Paths" descr="键值"/>
	</exInfo_list>
	</action>
 </action_list><action_list name="设置注册表中键值" level="2" descr="设置注册表中键 \REGISTRY\MACHINE\SOFTWARE\MICROSOFT\WINDOWS\CURRENTVERSION\INTERNET SETTINGS\CACHE\PATHS\PATH1 的值 CachePath" times="0">
	<action field="start_boot" type="Reg" name="SetKeyValue" call_pid="772" call_name="1.exe" call_time="09:57:15.550">
	<exInfo_list count="2">
		<exInfo value="\REGISTRY\MACHINE\SOFTWARE\MICROSOFT\WINDOWS\CURRENTVERSION\INTERNET SETTINGS\CACHE\PATHS\PATH1" descr="键名"/>
		<exInfo value="CachePath" descr="键值"/>
	</exInfo_list>
	</action>
 </action_list><action_list name="设置注册表中键值" level="2" descr="设置注册表中键 \REGISTRY\MACHINE\SOFTWARE\MICROSOFT\WINDOWS\CURRENTVERSION\INTERNET SETTINGS\CACHE\PATHS\PATH2 的值 CachePath" times="0">
	<action field="start_boot" type="Reg" name="SetKeyValue" call_pid="772" call_name="1.exe" call_time="09:57:15.551">
	<exInfo_list count="2">
		<exInfo value="\REGISTRY\MACHINE\SOFTWARE\MICROSOFT\WINDOWS\CURRENTVERSION\INTERNET SETTINGS\CACHE\PATHS\PATH2" descr="键名"/>
		<exInfo value="CachePath" descr="键值"/>
	</exInfo_list>
	</action>
 </action_list><action_list name="设置注册表中键值" level="2" descr="设置注册表中键 \REGISTRY\MACHINE\SOFTWARE\MICROSOFT\WINDOWS\CURRENTVERSION\INTERNET SETTINGS\CACHE\PATHS\PATH3 的值 CachePath" times="0">
	<action field="start_boot" type="Reg" name="SetKeyValue" call_pid="772" call_name="1.exe" call_time="09:57:15.552">
	<exInfo_list count="2">
		<exInfo value="\REGISTRY\MACHINE\SOFTWARE\MICROSOFT\WINDOWS\CURRENTVERSION\INTERNET SETTINGS\CACHE\PATHS\PATH3" descr="键名"/>
		<exInfo value="CachePath" descr="键值"/>
	</exInfo_list>
	</action>
 </action_list><action_list name="设置注册表中键值" level="2" descr="设置注册表中键 \REGISTRY\MACHINE\SOFTWARE\MICROSOFT\WINDOWS\CURRENTVERSION\INTERNET SETTINGS\CACHE\PATHS\PATH4 的值 CachePath" times="0">
	<action field="start_boot" type="Reg" name="SetKeyValue" call_pid="772" call_name="1.exe" call_time="09:57:15.553">
	<exInfo_list count="2">
		<exInfo value="\REGISTRY\MACHINE\SOFTWARE\MICROSOFT\WINDOWS\CURRENTVERSION\INTERNET SETTINGS\CACHE\PATHS\PATH4" descr="键名"/>
		<exInfo value="CachePath" descr="键值"/>
	</exInfo_list>
	</action>
 </action_list><action_list name="设置注册表中键值" level="2" descr="设置注册表中键 \REGISTRY\MACHINE\SOFTWARE\MICROSOFT\WINDOWS\CURRENTVERSION\INTERNET SETTINGS\CACHE\PATHS\PATH1 的值 CacheLimit" times="0">
	<action field="start_boot" type="Reg" name="SetKeyValue" call_pid="772" call_name="1.exe" call_time="09:57:15.554">
	<exInfo_list count="2">
		<exInfo value="\REGISTRY\MACHINE\SOFTWARE\MICROSOFT\WINDOWS\CURRENTVERSION\INTERNET SETTINGS\CACHE\PATHS\PATH1" descr="键名"/>
		<exInfo value="CacheLimit" descr="键值"/>
	</exInfo_list>
	</action>
 </action_list><action_list name="设置注册表中键值" level="2" descr="设置注册表中键 \REGISTRY\MACHINE\SOFTWARE\MICROSOFT\WINDOWS\CURRENTVERSION\INTERNET SETTINGS\CACHE\PATHS\PATH2 的值 CacheLimit" times="0">
	<action field="start_boot" type="Reg" name="SetKeyValue" call_pid="772" call_name="1.exe" call_time="09:57:15.555">
	<exInfo_list count="2">
		<exInfo value="\REGISTRY\MACHINE\SOFTWARE\MICROSOFT\WINDOWS\CURRENTVERSION\INTERNET SETTINGS\CACHE\PATHS\PATH2" descr="键名"/>
		<exInfo value="CacheLimit" descr="键值"/>
	</exInfo_list>
	</action>
 </action_list><action_list name="设置注册表中键值" level="2" descr="设置注册表中键 \REGISTRY\MACHINE\SOFTWARE\MICROSOFT\WINDOWS\CURRENTVERSION\INTERNET SETTINGS\CACHE\PATHS\PATH3 的值 CacheLimit" times="0">
	<action field="start_boot" type="Reg" name="SetKeyValue" call_pid="772" call_name="1.exe" call_time="09:57:15.556">
	<exInfo_list count="2">
		<exInfo value="\REGISTRY\MACHINE\SOFTWARE\MICROSOFT\WINDOWS\CURRENTVERSION\INTERNET SETTINGS\CACHE\PATHS\PATH3" descr="键名"/>
		<exInfo value="CacheLimit" descr="键值"/>
	</exInfo_list>
	</action>
 </action_list><action_list name="设置注册表中键值" level="2" descr="设置注册表中键 \REGISTRY\MACHINE\SOFTWARE\MICROSOFT\WINDOWS\CURRENTVERSION\INTERNET SETTINGS\CACHE\PATHS\PATH4 的值 CacheLimit" times="0">
	<action field="start_boot" type="Reg" name="SetKeyValue" call_pid="772" call_name="1.exe" call_time="09:57:15.557">
	<exInfo_list count="2">
		<exInfo value="\REGISTRY\MACHINE\SOFTWARE\MICROSOFT\WINDOWS\CURRENTVERSION\INTERNET SETTINGS\CACHE\PATHS\PATH4" descr="键名"/>
		<exInfo value="CacheLimit" descr="键值"/>
	</exInfo_list>
	</action>
 </action_list><action_list name="设置注册表中键值" level="2" descr="设置注册表中键 \REGISTRY\USER\.DEFAULT\SOFTWARE\MICROSOFT\WINDOWS\CURRENTVERSION\EXPLORER\SHELL FOLDERS 的值 Cookies" times="0">
	<action field="start_boot" type="Reg" name="SetKeyValue" call_pid="772" call_name="1.exe" call_time="09:57:15.569">
	<exInfo_list count="2">
		<exInfo value="\REGISTRY\USER\.DEFAULT\SOFTWARE\MICROSOFT\WINDOWS\CURRENTVERSION\EXPLORER\SHELL FOLDERS" descr="键名"/>
		<exInfo value="Cookies" descr="键值"/>
	</exInfo_list>
	</action>
 </action_list><action_list name="设置注册表中键值" level="2" descr="设置注册表中键 \REGISTRY\USER\.DEFAULT\SOFTWARE\MICROSOFT\WINDOWS\CURRENTVERSION\EXPLORER\SHELL FOLDERS 的值 History" times="0">
	<action field="start_boot" type="Reg" name="SetKeyValue" call_pid="772" call_name="1.exe" call_time="09:57:15.576">
	<exInfo_list count="2">
		<exInfo value="\REGISTRY\USER\.DEFAULT\SOFTWARE\MICROSOFT\WINDOWS\CURRENTVERSION\EXPLORER\SHELL FOLDERS" descr="键名"/>
		<exInfo value="History" descr="键值"/>
	</exInfo_list>
	</action>
 </action_list><action_list name="检测分析环境" level="1" descr="通过 DiskOperation 技术检测虚拟机或调试器，逃避分析与查杀" times="0">
	<action field="start_boot" type="System" name="DetectDebugger" call_pid="772" call_name="1.exe" call_time="09:57:15.593">
	<exInfo_list count="1">
		<exInfo value="DiskOperation" descr="技术手段"/>
	</exInfo_list>
	</action>
 </action_list><action_list name="检测分析环境" level="1" descr="通过 DiskOperation 技术检测虚拟机或调试器，逃避分析与查杀" times="0">
	<action field="start_boot" type="System" name="DetectDebugger" call_pid="772" call_name="1.exe" call_time="09:57:15.612">
	<exInfo_list count="1">
		<exInfo value="DiskOperation" descr="技术手段"/>
	</exInfo_list>
	</action>
 </action_list><action_list name="检测分析环境" level="1" descr="通过 DiskOperation 技术检测虚拟机或调试器，逃避分析与查杀" times="0">
	<action field="start_boot" type="System" name="DetectDebugger" call_pid="772" call_name="1.exe" call_time="09:57:15.628">
	<exInfo_list count="1">
		<exInfo value="DiskOperation" descr="技术手段"/>
	</exInfo_list>
	</action>
 </action_list><action_list name="检测分析环境" level="1" descr="通过 sleep(60s) 技术检测虚拟机或调试器，逃避分析与查杀" times="0">
	<action field="start_boot" type="System" name="DetectDebugger" call_pid="772" call_name="1.exe" call_time="09:57:15.651">
	<exInfo_list count="1">
		<exInfo value="sleep(60s)" descr="技术手段"/>
	</exInfo_list>
	</action>
 </action_list><action_list name="加载模块" level="1" descr="加载模块 HarddiskVolume1\WINDOWS\system32\wsock32.dll" times="0">
	<action field="start_boot" type="Memory" name="LoadLibrary" call_pid="772" call_name="1.exe" call_time="09:57:15.716">
	<exInfo_list count="1">
		<exInfo value="HarddiskVolume1\WINDOWS\system32\wsock32.dll" descr="动态链接库"/>
	</exInfo_list>
	</action>
 </action_list><action_list name="加载模块" level="1" descr="加载模块 HarddiskVolume1\WINDOWS\system32\ws2_32.dll" times="0">
	<action field="start_boot" type="Memory" name="LoadLibrary" call_pid="772" call_name="1.exe" call_time="09:57:15.721">
	<exInfo_list count="1">
		<exInfo value="HarddiskVolume1\WINDOWS\system32\ws2_32.dll" descr="动态链接库"/>
	</exInfo_list>
	</action>
 </action_list><action_list name="加载模块" level="1" descr="加载模块 HarddiskVolume1\WINDOWS\system32\ws2help.dll" times="0">
	<action field="start_boot" type="Memory" name="LoadLibrary" call_pid="772" call_name="1.exe" call_time="09:57:15.732">
	<exInfo_list count="1">
		<exInfo value="HarddiskVolume1\WINDOWS\system32\ws2help.dll" descr="动态链接库"/>
	</exInfo_list>
	</action>
 </action_list><action_list name="加载模块" level="1" descr="加载模块 HarddiskVolume1\WINDOWS\system32\rasapi32.dll" times="0">
	<action field="start_boot" type="Memory" name="LoadLibrary" call_pid="772" call_name="1.exe" call_time="09:57:16.831">
	<exInfo_list count="1">
		<exInfo value="HarddiskVolume1\WINDOWS\system32\rasapi32.dll" descr="动态链接库"/>
	</exInfo_list>
	</action>
 </action_list><action_list name="加载模块" level="1" descr="加载模块 HarddiskVolume1\WINDOWS\system32\rasman.dll" times="0">
	<action field="start_boot" type="Memory" name="LoadLibrary" call_pid="772" call_name="1.exe" call_time="09:57:16.843">
	<exInfo_list count="1">
		<exInfo value="HarddiskVolume1\WINDOWS\system32\rasman.dll" descr="动态链接库"/>
	</exInfo_list>
	</action>
 </action_list><action_list name="加载模块" level="1" descr="加载模块 HarddiskVolume1\WINDOWS\system32\tapi32.dll" times="0">
	<action field="start_boot" type="Memory" name="LoadLibrary" call_pid="772" call_name="1.exe" call_time="09:57:16.854">
	<exInfo_list count="1">
		<exInfo value="HarddiskVolume1\WINDOWS\system32\tapi32.dll" descr="动态链接库"/>
	</exInfo_list>
	</action>
 </action_list><action_list name="加载模块" level="1" descr="加载模块 HarddiskVolume1\WINDOWS\system32\rtutils.dll" times="0">
	<action field="start_boot" type="Memory" name="LoadLibrary" call_pid="772" call_name="1.exe" call_time="09:57:16.866">
	<exInfo_list count="1">
		<exInfo value="HarddiskVolume1\WINDOWS\system32\rtutils.dll" descr="动态链接库"/>
	</exInfo_list>
	</action>
 </action_list><action_list name="加载模块" level="1" descr="加载模块 HarddiskVolume1\WINDOWS\system32\winmm.dll" times="0">
	<action field="start_boot" type="Memory" name="LoadLibrary" call_pid="772" call_name="1.exe" call_time="09:57:16.878">
	<exInfo_list count="1">
		<exInfo value="HarddiskVolume1\WINDOWS\system32\winmm.dll" descr="动态链接库"/>
	</exInfo_list>
	</action>
 </action_list><action_list name="检测分析环境" level="1" descr="通过 sleep(180s) 技术检测虚拟机或调试器，逃避分析与查杀" times="0">
	<action field="start_boot" type="System" name="DetectDebugger" call_pid="772" call_name="1.exe" call_time="09:57:16.924">
	<exInfo_list count="1">
		<exInfo value="sleep(180s)" descr="技术手段"/>
	</exInfo_list>
	</action>
 </action_list><action_list name="查询系统服务" level="3" descr="查询系统服务" times="0">
	<action field="start_boot" type="System" name="AccessServices" call_pid="772" call_name="1.exe" call_time="09:57:16.923">
	<exInfo_list count="0">
	</exInfo_list>
	</action>
 </action_list><action_list name="创建网络连接" level="3" descr="通过 RASMAN 服务创建网络连接" times="0">
	<action field="start_boot" type="System" name="OpenService" call_pid="772" call_name="1.exe" call_time="09:57:16.927">
	<exInfo_list count="1">
		<exInfo value="RASMAN" descr="服务名"/>
	</exInfo_list>
	</action>
 </action_list><action_list name="检测分析环境" level="1" descr="通过 sleep(180s) 技术检测虚拟机或调试器，逃避分析与查杀" times="0">
	<action field="start_boot" type="System" name="DetectDebugger" call_pid="772" call_name="1.exe" call_time="09:57:16.933">
	<exInfo_list count="1">
		<exInfo value="sleep(180s)" descr="技术手段"/>
	</exInfo_list>
	</action>
 </action_list><action_list name="加载模块" level="1" descr="加载模块 HarddiskVolume1\WINDOWS\system32\sensapi.dll" times="0">
	<action field="start_boot" type="Memory" name="LoadLibrary" call_pid="772" call_name="1.exe" call_time="09:57:16.940">
	<exInfo_list count="1">
		<exInfo value="HarddiskVolume1\WINDOWS\system32\sensapi.dll" descr="动态链接库"/>
	</exInfo_list>
	</action>
 </action_list><action_list name="设置注册表中键值" level="2" descr="设置注册表中键 \REGISTRY\USER\.DEFAULT\SOFTWARE\MICROSOFT\WINDOWS\CURRENTVERSION\INTERNET SETTINGS 的值 ProxyEnable" times="0">
	<action field="start_boot" type="Reg" name="SetKeyValue" call_pid="772" call_name="1.exe" call_time="09:57:16.989">
	<exInfo_list count="2">
		<exInfo value="\REGISTRY\USER\.DEFAULT\SOFTWARE\MICROSOFT\WINDOWS\CURRENTVERSION\INTERNET SETTINGS" descr="键名"/>
		<exInfo value="ProxyEnable" descr="键值"/>
	</exInfo_list>
	</action>
 </action_list><action_list name="删除注册表键值" level="3" descr="删除注册表键 \REGISTRY\USER\.DEFAULT\SOFTWARE\MICROSOFT\WINDOWS\CURRENTVERSION\INTERNET SETTINGS 的值 P" times="0">
	<action field="start_boot" type="Reg" name="DeleteKeyValue" call_pid="772" call_name="1.exe" call_time="09:57:16.990">
	<exInfo_list count="2">
		<exInfo value="\REGISTRY\USER\.DEFAULT\SOFTWARE\MICROSOFT\WINDOWS\CURRENTVERSION\INTERNET SETTINGS" descr="键名"/>
		<exInfo value="P" descr="键值"/>
	</exInfo_list>
	</action>
 </action_list><action_list name="删除注册表键值" level="3" descr="删除注册表键 \REGISTRY\USER\.DEFAULT\SOFTWARE\MICROSOFT\WINDOWS\CURRENTVERSION\INTERNET SETTINGS 的值 P" times="0">
	<action field="start_boot" type="Reg" name="DeleteKeyValue" call_pid="772" call_name="1.exe" call_time="09:57:16.991">
	<exInfo_list count="2">
		<exInfo value="\REGISTRY\USER\.DEFAULT\SOFTWARE\MICROSOFT\WINDOWS\CURRENTVERSION\INTERNET SETTINGS" descr="键名"/>
		<exInfo value="P" descr="键值"/>
	</exInfo_list>
	</action>
 </action_list><action_list name="删除注册表键值" level="3" descr="删除注册表键 \REGISTRY\USER\.DEFAULT\SOFTWARE\MICROSOFT\WINDOWS\CURRENTVERSION\INTERNET SETTINGS 的值 A" times="0">
	<action field="start_boot" type="Reg" name="DeleteKeyValue" call_pid="772" call_name="1.exe" call_time="09:57:16.992">
	<exInfo_list count="2">
		<exInfo value="\REGISTRY\USER\.DEFAULT\SOFTWARE\MICROSOFT\WINDOWS\CURRENTVERSION\INTERNET SETTINGS" descr="键名"/>
		<exInfo value="A" descr="键值"/>
	</exInfo_list>
	</action>
 </action_list><action_list name="设置注册表中键值" level="2" descr="设置注册表中键 \REGISTRY\MACHINE\SYSTEM\CONTROLSET001\HARDWARE PROFILES\0001\SOFTWARE\MICROSOFT\WINDOWS\CURRENTVERSION\INTERNET SETTINGS 的值 ProxyEnable" times="0">
	<action field="start_boot" type="Reg" name="SetKeyValue" call_pid="772" call_name="1.exe" call_time="09:57:16.994">
	<exInfo_list count="2">
		<exInfo value="\REGISTRY\MACHINE\SYSTEM\CONTROLSET001\HARDWARE PROFILES\0001\SOFTWARE\MICROSOFT\WINDOWS\CURRENTVERSION\INTERNET SETTINGS" descr="键名"/>
		<exInfo value="ProxyEnable" descr="键值"/>
	</exInfo_list>
	</action>
 </action_list><action_list name="设置注册表中键值" level="2" descr="设置注册表中键 \REGISTRY\USER\.DEFAULT\SOFTWARE\MICROSOFT\WINDOWS\CURRENTVERSION\INTERNET SETTINGS\CONNECTIONS 的值 SavedLegacySettings" times="0">
	<action field="start_boot" type="Reg" name="SetKeyValue" call_pid="772" call_name="1.exe" call_time="09:57:16.998">
	<exInfo_list count="2">
		<exInfo value="\REGISTRY\USER\.DEFAULT\SOFTWARE\MICROSOFT\WINDOWS\CURRENTVERSION\INTERNET SETTINGS\CONNECTIONS" descr="键名"/>
		<exInfo value="SavedLegacySettings" descr="键值"/>
	</exInfo_list>
	</action>
 </action_list><action_list name="检测分析环境" level="1" descr="通过 sleep(180s) 技术检测虚拟机或调试器，逃避分析与查杀" times="0">
	<action field="start_boot" type="System" name="DetectDebugger" call_pid="772" call_name="1.exe" call_time="09:57:16.013">
	<exInfo_list count="1">
		<exInfo value="sleep(180s)" descr="技术手段"/>
	</exInfo_list>
	</action>
 </action_list><action_list name="查询系统服务" level="3" descr="查询系统服务" times="0">
	<action field="start_boot" type="System" name="AccessServices" call_pid="772" call_name="1.exe" call_time="09:57:16.012">
	<exInfo_list count="0">
	</exInfo_list>
	</action>
 </action_list><action_list name="创建网络连接" level="3" descr="通过 RASMAN 服务创建网络连接" times="0">
	<action field="start_boot" type="System" name="OpenService" call_pid="772" call_name="1.exe" call_time="09:57:16.016">
	<exInfo_list count="1">
		<exInfo value="RASMAN" descr="服务名"/>
	</exInfo_list>
	</action>
 </action_list><action_list name="加载模块" level="1" descr="加载模块 HarddiskVolume1\WINDOWS\system32\mswsock.dll" times="0">
	<action field="start_boot" type="Memory" name="LoadLibrary" call_pid="772" call_name="1.exe" call_time="09:57:16.036">
	<exInfo_list count="1">
		<exInfo value="HarddiskVolume1\WINDOWS\system32\mswsock.dll" descr="动态链接库"/>
	</exInfo_list>
	</action>
 </action_list><action_list name="加载模块" level="1" descr="加载模块 HarddiskVolume1\WINDOWS\system32\hnetcfg.dll" times="0">
	<action field="start_boot" type="Memory" name="LoadLibrary" call_pid="772" call_name="1.exe" call_time="09:57:16.055">
	<exInfo_list count="1">
		<exInfo value="HarddiskVolume1\WINDOWS\system32\hnetcfg.dll" descr="动态链接库"/>
	</exInfo_list>
	</action>
 </action_list><action_list name="加载模块" level="1" descr="加载模块 HarddiskVolume1\WINDOWS\system32\wshtcpip.dll" times="0">
	<action field="start_boot" type="Memory" name="LoadLibrary" call_pid="772" call_name="1.exe" call_time="09:57:16.091">
	<exInfo_list count="1">
		<exInfo value="HarddiskVolume1\WINDOWS\system32\wshtcpip.dll" descr="动态链接库"/>
	</exInfo_list>
	</action>
 </action_list><action_list name="访问网络服务" level="3" descr="获取系统提供的socket服务" times="0">
	<action field="start_boot" type="Network" name="AccessSocketService" call_pid="772" call_name="1.exe" call_time="09:57:16.030">
	<exInfo_list count="0">
	</exInfo_list>
	</action>
 </action_list><action_list name="分析结束" level="-1" descr="动态分析结束" times="0">
	<action field="start_boot" type="System" name="AnalyzeStop" call_pid="0" call_name="" call_time="09:57:17.112">
	<exInfo_list count="0">
	</exInfo_list>
	</action>
 </action_list></file>