<?xml version="1.0" encoding="UTF-8"?> 

<file name="1.exe" 文件扩展名信息="  描述：Directly executable program   使用信息: DOS, OpenVMS, Microsoft Windows, Symbian or OS/2" sha1="202a738db6f497070101141559c5f186bf9a8341" md5="ba520bb4591167ebd625c609f62b9fd3" CRC32="2d1cb25a" SSDEEP="1536:0lwmNMSaNSl9GwySUulhjiJcnILQlt+1gH0Ut43+lYGZFFzwWTaa2:0lrNhawBUopiJcIsti3+8" ImportHash="c8bcd6a1be6bcbd5574180bf467259c0" size="122880" type="exe" error="0" virusresult="" vp_name="klo07" reportType="final" exiftool="File Name                       : 1.exe--list--File Size                       : 120 kB--list--File Modification Date/Time     : 2020:01:16 10:30:36+08:00--list--File Access Date/Time           : 2020:01:16 10:30:36+08:00--list--File Inode Change Date/Time     : 2020:01:16 10:30:36+08:00--list--File Type                       : Win32 EXE--list--File Type Extension             : exe--list--MIME Type                       : application/octet-stream--list--Machine Type                    : Intel 386 or later, and compatibles--list--Time Stamp                      : 2014:09:01 14:17:38+08:00--list--PE Type                         : PE32--list--Linker Version                  : 6.0--list--Code Size                       : 24576--list--Initialized Data Size           : 94208--list--Uninitialized Data Size         : 0--list--Entry Point                     : 0x5e1d--list--OS Version                      : 4.0--list--Image Version                   : 0.0--list--Subsystem Version               : 4.0--list--Subsystem                       : Windows GUI--list--File Version Number             : 1.0.0.1--list--Product Version Number          : 1.0.0.1--list--File Flags Mask                 : 0x003f--list--File Flags                      : (none)--list--File OS                         : Windows NT 32-bit--list--Object File Type                : Executable application--list--File Subtype                    : 0--list--Language Code                   : Croato-Serbian (Latin)--list--Character Set                   : Windows, Cyrillic--list--Comments                        : --list--Company Name                    : --list--File Description                : Eight--list--File Version                    : 1, 0, 0, 1--list--Internal Name                   : Eight--list--Legal Copyright                 : 版权所有(C) 2014--list--Legal Trademarks                : --list--Original File Name              : Eight.exe--list--Private Build                   : --list--Product Name                    :   Eight--list--Product Version                 : 1, 0, 0, 1--list--Special Build                   : --list--" system="winxp" peinfo="加壳信息 :  Microsoft Visual C++--list--文件熵 :  6.579336 (正常)--list--fpu反调试 :  未检测到--list--载入地址 :  正常的载入点--list--代码入口信息 :  正常的入口--list--DOS stub : :  正常--list--TLS表信息 :  未发现--list--段信息 :  6--list--代码段 :  未见异常--list--只读数据段 :  未见异常--list--数据段 :  未见异常--list--输入表段 :  未见异常--list--资源段 :  未见异常--list--重定位段 :  未见异常--list--时间戳 :  未见异常--list--ASLR ：  未开启--list--DEP/NX ：  未开启--list--SEH ：  开启" AI_Scan="1" filetype="PE32 executable (GUI) Intel 80386, for MS Windows"><action_list name="分析开始" level="-1" descr="动态分析开始" times="0">
	<action field="start_boot" type="System" name="AnalyzeStart" call_pid="0" call_name="" call_time="10:30:52.000">
	<exInfo_list count="0">
	</exInfo_list>
	</action>
 </action_list><action_list name="分析引擎信息" level="-1" descr="12.6, 40, 2020-01-16_10:30:49==2020-01-16_10:30:52" times="0">
	<action field="start_boot" type="System" name="VasInfo" call_pid="0" call_name="" call_time="10:30:52.001">
	<exInfo_list count="3">
		<exInfo value="12.6" descr="分析引擎版本"/>
		<exInfo value="40" descr="最大并发数量"/>
		<exInfo value="2020-01-16_10:30:49==2020-01-16_10:30:52" descr="镜像加载耗时"/>
	</exInfo_list>
	</action>
 </action_list><action_list name="进程开始执行" level="1" descr="被 vasstarter.exe（1676）创建的进程开始执行" times="0">
	<action field="start_boot" type="Process" name="BeCreated" call_pid="208" call_name="vaslauncher.exe" call_time="10:30:53.002">
	<exInfo_list count="2">
		<exInfo value="vasstarter.exe" descr="父进程名"/>
		<exInfo value="1676" descr="父进程ID"/>
	</exInfo_list>
	</action>
 </action_list><action_list name="进程开始执行" level="1" descr="被 vasstarter.exe（1676）通过参数 D:\vaslauncher.exe 以 direct 方式创建的进程开始执行" times="0">
	<action field="start_boot" type="Process" name="BeCreatedEx" call_pid="208" call_name="vaslauncher.exe" call_time="10:30:53.003">
	<exInfo_list count="4">
		<exInfo value="vasstarter.exe" descr="父进程名"/>
		<exInfo value="1676" descr="父进程ID"/>
		<exInfo value="D:\vaslauncher.exe" descr="启动参数"/>
		<exInfo value="direct" descr="创建方式"/>
	</exInfo_list>
	</action>
 </action_list><action_list name="进程开始执行" level="1" descr="被 vaslauncher.exe（208）创建的进程开始执行" times="0">
	<action field="start_boot" type="Process" name="BeCreated" call_pid="2036" call_name="1.exe" call_time="10:30:55.004">
	<exInfo_list count="2">
		<exInfo value="vaslauncher.exe" descr="父进程名"/>
		<exInfo value="208" descr="父进程ID"/>
	</exInfo_list>
	</action>
 </action_list><action_list name="进程开始执行" level="1" descr="被 vaslauncher.exe（208）通过参数 &quot;C:\vastest\1.exe&quot;  以 direct 方式创建的进程开始执行" times="0">
	<action field="start_boot" type="Process" name="BeCreatedEx" call_pid="2036" call_name="1.exe" call_time="10:30:55.005">
	<exInfo_list count="4">
		<exInfo value="vaslauncher.exe" descr="父进程名"/>
		<exInfo value="208" descr="父进程ID"/>
		<exInfo value="&quot;C:\vastest\1.exe&quot; " descr="启动参数"/>
		<exInfo value="direct" descr="创建方式"/>
	</exInfo_list>
	</action>
 </action_list><action_list name="加载模块" level="1" descr="加载模块 HarddiskVolume1\WINDOWS\system32\mfc42u.dll" times="0">
	<action field="start_boot" type="Memory" name="LoadLibrary" call_pid="2036" call_name="1.exe" call_time="10:30:55.080">
	<exInfo_list count="1">
		<exInfo value="HarddiskVolume1\WINDOWS\system32\mfc42u.dll" descr="动态链接库"/>
	</exInfo_list>
	</action>
 </action_list><action_list name="加载模块" level="1" descr="加载模块 HarddiskVolume1\WINDOWS\system32\msvcrt.dll" times="0">
	<action field="start_boot" type="Memory" name="LoadLibrary" call_pid="2036" call_name="1.exe" call_time="10:30:55.087">
	<exInfo_list count="1">
		<exInfo value="HarddiskVolume1\WINDOWS\system32\msvcrt.dll" descr="动态链接库"/>
	</exInfo_list>
	</action>
 </action_list><action_list name="加载模块" level="1" descr="加载模块 HarddiskVolume1\WINDOWS\system32\gdi32.dll" times="0">
	<action field="start_boot" type="Memory" name="LoadLibrary" call_pid="2036" call_name="1.exe" call_time="10:30:55.114">
	<exInfo_list count="1">
		<exInfo value="HarddiskVolume1\WINDOWS\system32\gdi32.dll" descr="动态链接库"/>
	</exInfo_list>
	</action>
 </action_list><action_list name="加载模块" level="1" descr="加载模块 HarddiskVolume1\WINDOWS\system32\user32.dll" times="0">
	<action field="start_boot" type="Memory" name="LoadLibrary" call_pid="2036" call_name="1.exe" call_time="10:30:55.118">
	<exInfo_list count="1">
		<exInfo value="HarddiskVolume1\WINDOWS\system32\user32.dll" descr="动态链接库"/>
	</exInfo_list>
	</action>
 </action_list><action_list name="加载模块" level="1" descr="加载模块 HarddiskVolume1\WINDOWS\system32\advapi32.dll" times="0">
	<action field="start_boot" type="Memory" name="LoadLibrary" call_pid="2036" call_name="1.exe" call_time="10:30:55.161">
	<exInfo_list count="1">
		<exInfo value="HarddiskVolume1\WINDOWS\system32\advapi32.dll" descr="动态链接库"/>
	</exInfo_list>
	</action>
 </action_list><action_list name="加载模块" level="1" descr="加载模块 HarddiskVolume1\WINDOWS\system32\rpcrt4.dll" times="0">
	<action field="start_boot" type="Memory" name="LoadLibrary" call_pid="2036" call_name="1.exe" call_time="10:30:55.165">
	<exInfo_list count="1">
		<exInfo value="HarddiskVolume1\WINDOWS\system32\rpcrt4.dll" descr="动态链接库"/>
	</exInfo_list>
	</action>
 </action_list><action_list name="加载模块" level="1" descr="加载模块 HarddiskVolume1\WINDOWS\system32\secur32.dll" times="0">
	<action field="start_boot" type="Memory" name="LoadLibrary" call_pid="2036" call_name="1.exe" call_time="10:30:55.169">
	<exInfo_list count="1">
		<exInfo value="HarddiskVolume1\WINDOWS\system32\secur32.dll" descr="动态链接库"/>
	</exInfo_list>
	</action>
 </action_list><action_list name="加载模块" level="1" descr="加载模块 HarddiskVolume1\WINDOWS\system32\imm32.dll" times="0">
	<action field="start_boot" type="Memory" name="LoadLibrary" call_pid="2036" call_name="1.exe" call_time="10:30:55.273">
	<exInfo_list count="1">
		<exInfo value="HarddiskVolume1\WINDOWS\system32\imm32.dll" descr="动态链接库"/>
	</exInfo_list>
	</action>
 </action_list><action_list name="加载模块" level="1" descr="加载模块 HarddiskVolume1\WINDOWS\system32\lpk.dll" times="0">
	<action field="start_boot" type="Memory" name="LoadLibrary" call_pid="2036" call_name="1.exe" call_time="10:30:55.301">
	<exInfo_list count="1">
		<exInfo value="HarddiskVolume1\WINDOWS\system32\lpk.dll" descr="动态链接库"/>
	</exInfo_list>
	</action>
 </action_list><action_list name="加载模块" level="1" descr="加载模块 HarddiskVolume1\WINDOWS\system32\usp10.dll" times="0">
	<action field="start_boot" type="Memory" name="LoadLibrary" call_pid="2036" call_name="1.exe" call_time="10:30:55.306">
	<exInfo_list count="1">
		<exInfo value="HarddiskVolume1\WINDOWS\system32\usp10.dll" descr="动态链接库"/>
	</exInfo_list>
	</action>
 </action_list><action_list name="加载模块" level="1" descr="加载模块 HarddiskVolume1\WINDOWS\system32\mfc42loc.dll" times="0">
	<action field="start_boot" type="Memory" name="LoadLibrary" call_pid="2036" call_name="1.exe" call_time="10:30:55.411">
	<exInfo_list count="1">
		<exInfo value="HarddiskVolume1\WINDOWS\system32\mfc42loc.dll" descr="动态链接库"/>
	</exInfo_list>
	</action>
 </action_list><action_list name="加载模块" level="1" descr="加载模块 HarddiskVolume1\WINDOWS\system32\msctf.dll" times="0">
	<action field="start_boot" type="Memory" name="LoadLibrary" call_pid="2036" call_name="1.exe" call_time="10:30:55.501">
	<exInfo_list count="1">
		<exInfo value="HarddiskVolume1\WINDOWS\system32\msctf.dll" descr="动态链接库"/>
	</exInfo_list>
	</action>
 </action_list><action_list name="加载模块" level="1" descr="加载模块 HarddiskVolume1\WINDOWS\system32\version.dll" times="0">
	<action field="start_boot" type="Memory" name="LoadLibrary" call_pid="2036" call_name="1.exe" call_time="10:30:55.568">
	<exInfo_list count="1">
		<exInfo value="HarddiskVolume1\WINDOWS\system32\version.dll" descr="动态链接库"/>
	</exInfo_list>
	</action>
 </action_list><action_list name="加载模块" level="1" descr="加载模块 HarddiskVolume1\WINDOWS\system32\msctfime.ime" times="0">
	<action field="start_boot" type="Memory" name="LoadLibrary" call_pid="2036" call_name="1.exe" call_time="10:30:55.614">
	<exInfo_list count="1">
		<exInfo value="HarddiskVolume1\WINDOWS\system32\msctfime.ime" descr="动态链接库"/>
	</exInfo_list>
	</action>
 </action_list><action_list name="加载模块" level="1" descr="加载模块 HarddiskVolume1\WINDOWS\system32\ole32.dll" times="0">
	<action field="start_boot" type="Memory" name="LoadLibrary" call_pid="2036" call_name="1.exe" call_time="10:30:55.662">
	<exInfo_list count="1">
		<exInfo value="HarddiskVolume1\WINDOWS\system32\ole32.dll" descr="动态链接库"/>
	</exInfo_list>
	</action>
 </action_list><action_list name="自我读取" level="1" descr="读取文件 HarddiskVolume1\vastest\1.exe" times="0">
	<action field="start_boot" type="File" name="ReadFile" call_pid="2036" call_name="1.exe" call_time="10:30:57.756">
	<exInfo_list count="1">
		<exInfo value="HarddiskVolume1\vastest\1.exe" descr="文件路径"/>
	</exInfo_list>
	</action>
 </action_list><action_list name="加载模块" level="1" descr="加载模块 HarddiskVolume1\WINDOWS\system32\shell32.dll" times="0">
	<action field="start_boot" type="Memory" name="LoadLibrary" call_pid="2036" call_name="1.exe" call_time="10:30:57.887">
	<exInfo_list count="1">
		<exInfo value="HarddiskVolume1\WINDOWS\system32\shell32.dll" descr="动态链接库"/>
	</exInfo_list>
	</action>
 </action_list><action_list name="加载模块" level="1" descr="加载模块 HarddiskVolume1\WINDOWS\system32\shlwapi.dll" times="0">
	<action field="start_boot" type="Memory" name="LoadLibrary" call_pid="2036" call_name="1.exe" call_time="10:30:57.899">
	<exInfo_list count="1">
		<exInfo value="HarddiskVolume1\WINDOWS\system32\shlwapi.dll" descr="动态链接库"/>
	</exInfo_list>
	</action>
 </action_list><action_list name="加载模块" level="1" descr="加载模块 HarddiskVolume1\WINDOWS\WinSxS\x86_Microsoft.Windows.Common-Controls_6595b64144ccf1df_6.0.2600.5512_x-ww_35d4ce83\comctl32.dll" times="0">
	<action field="start_boot" type="Memory" name="LoadLibrary" call_pid="2036" call_name="1.exe" call_time="10:30:58.958">
	<exInfo_list count="1">
		<exInfo value="HarddiskVolume1\WINDOWS\WinSxS\x86_Microsoft.Windows.Common-Controls_6595b64144ccf1df_6.0.2600.5512_x-ww_35d4ce83\comctl32.dll" descr="动态链接库"/>
	</exInfo_list>
	</action>
 </action_list><action_list name="加载模块" level="1" descr="加载模块 HarddiskVolume1\WINDOWS\system32\comctl32.dll" times="0">
	<action field="start_boot" type="Memory" name="LoadLibrary" call_pid="2036" call_name="1.exe" call_time="10:30:58.046">
	<exInfo_list count="1">
		<exInfo value="HarddiskVolume1\WINDOWS\system32\comctl32.dll" descr="动态链接库"/>
	</exInfo_list>
	</action>
 </action_list><action_list name="自我读取" level="1" descr="读取文件 HarddiskVolume1\vastest\1.exe" times="0">
	<action field="start_boot" type="File" name="ReadFile" call_pid="2036" call_name="1.exe" call_time="10:30:58.105">
	<exInfo_list count="1">
		<exInfo value="HarddiskVolume1\vastest\1.exe" descr="文件路径"/>
	</exInfo_list>
	</action>
 </action_list><action_list name="遍历进程列表" level="3" descr="病毒木马通常会通过遍历系统进程列表，查找是否有需要关闭的进程" times="0">
	<action field="start_boot" type="Process" name="TraverseProcess" call_pid="2036" call_name="1.exe" call_time="10:30:58.222">
	<exInfo_list count="0">
	</exInfo_list>
	</action>
 </action_list><action_list name="映射文件" level="1" descr="映射文件 HarddiskVolume1\vastest\1.exe" times="0">
	<action field="start_boot" type="File" name="ReadFileToCreate" call_pid="2036" call_name="1.exe" call_time="10:30:58.385">
	<exInfo_list count="1">
		<exInfo value="HarddiskVolume1\vastest\1.exe" descr="文件路径"/>
	</exInfo_list>
	</action>
 </action_list><action_list name="创建进程" level="3" descr="创建进程  C:\vastest\1.exe" times="0">
	<action field="start_boot" type="Process" name="CreateProcess" call_pid="2036" call_name="1.exe" call_time="10:30:58.329">
	<exInfo_list count="1">
		<exInfo value=" C:\vastest\1.exe" descr="进程名"/>
	</exInfo_list>
	</action>
 </action_list><action_list name="跨进程内存读取" level="3" descr="读取 1.exe 进程中的数据，窃取信息" times="0">
	<action field="start_boot" type="Memory" name="ReadRemoteMemory" call_pid="2036" call_name="1.exe" call_time="10:30:58.414">
	<exInfo_list count="1">
		<exInfo value="1.exe" descr="目标进程"/>
	</exInfo_list>
	</action>
 </action_list><action_list name="跨进程内存写入" level="3" descr="修改进程 1.exe 的内存数据" times="0">
	<action field="start_boot" type="Memory" name="WriteRemoteMemory" call_pid="2036" call_name="1.exe" call_time="10:30:58.417">
	<exInfo_list count="1">
		<exInfo value="1.exe" descr="目标进程"/>
	</exInfo_list>
	</action>
 </action_list><action_list name="设置线程环境" level="3" descr="设置 1.exe 进程中的线程上下文，干扰其运行" times="0">
	<action field="start_boot" type="Process" name="SetRemoteThreadContext" call_pid="2036" call_name="1.exe" call_time="10:30:58.431">
	<exInfo_list count="1">
		<exInfo value="1.exe" descr="被干扰进程"/>
	</exInfo_list>
	</action>
 </action_list><action_list name="进程开始执行" level="1" descr="被 1.exe（2036）创建的进程开始执行" times="0">
	<action field="start_boot" type="Process" name="BeCreated" call_pid="1928" call_name="1.exe" call_time="10:30:58.432">
	<exInfo_list count="2">
		<exInfo value="1.exe" descr="父进程名"/>
		<exInfo value="2036" descr="父进程ID"/>
	</exInfo_list>
	</action>
 </action_list><action_list name="进程开始执行" level="1" descr="被 1.exe（2036）通过参数 C:\vastest\1.exe 以 direct 方式创建的进程开始执行" times="0">
	<action field="start_boot" type="Process" name="BeCreatedEx" call_pid="1928" call_name="1.exe" call_time="10:30:58.433">
	<exInfo_list count="4">
		<exInfo value="1.exe" descr="父进程名"/>
		<exInfo value="2036" descr="父进程ID"/>
		<exInfo value="C:\vastest\1.exe" descr="启动参数"/>
		<exInfo value="direct" descr="创建方式"/>
	</exInfo_list>
	</action>
 </action_list><action_list name="脱壳" level="2" descr="代码自解压，逃避分析与查杀" times="0">
	<action field="start_boot" type="Memory" name="UnpackSelf" call_pid="1928" call_name="1.exe" call_time="10:30:58.434">
	<exInfo_list count="0">
	</exInfo_list>
	</action>
 </action_list><action_list name="自我读取" level="1" descr="读取文件 HarddiskVolume1\vastest\1.exe" times="0">
	<action field="start_boot" type="File" name="ReadFile" call_pid="1928" call_name="1.exe" call_time="10:30:58.507">
	<exInfo_list count="1">
		<exInfo value="HarddiskVolume1\vastest\1.exe" descr="文件路径"/>
	</exInfo_list>
	</action>
 </action_list><action_list name="加载模块" level="1" descr="加载模块 HarddiskVolume1\WINDOWS\system32\apphelp.dll" times="0">
	<action field="start_boot" type="Memory" name="LoadLibrary" call_pid="1928" call_name="1.exe" call_time="10:30:58.571">
	<exInfo_list count="1">
		<exInfo value="HarddiskVolume1\WINDOWS\system32\apphelp.dll" descr="动态链接库"/>
	</exInfo_list>
	</action>
 </action_list><action_list name="程序退出" level="-1" descr="1.exe 退出" times="0">
	<action field="start_boot" type="Process" name="TerminateProcess" call_pid="2036" call_name="1.exe" call_time="10:30:58.609">
	<exInfo_list count="1">
		<exInfo value="1.exe" descr="结束进程名"/>
	</exInfo_list>
	</action>
 </action_list><action_list name="加载模块" level="1" descr="加载模块 HarddiskVolume1\WINDOWS\system32\version.dll" times="0">
	<action field="start_boot" type="Memory" name="LoadLibrary" call_pid="1928" call_name="1.exe" call_time="10:30:58.615">
	<exInfo_list count="1">
		<exInfo value="HarddiskVolume1\WINDOWS\system32\version.dll" descr="动态链接库"/>
	</exInfo_list>
	</action>
 </action_list><action_list name="映射文件" level="1" descr="映射文件 HarddiskVolume1\WINDOWS\system32\winver.exe" times="0">
	<action field="start_boot" type="File" name="ReadFileToCreate" call_pid="1928" call_name="1.exe" call_time="10:30:58.629">
	<exInfo_list count="1">
		<exInfo value="HarddiskVolume1\WINDOWS\system32\winver.exe" descr="文件路径"/>
	</exInfo_list>
	</action>
 </action_list><action_list name="加载模块" level="1" descr="加载模块 HarddiskVolume1\WINDOWS\system32\advapi32.dll" times="0">
	<action field="start_boot" type="Memory" name="LoadLibrary" call_pid="1928" call_name="1.exe" call_time="10:30:58.669">
	<exInfo_list count="1">
		<exInfo value="HarddiskVolume1\WINDOWS\system32\advapi32.dll" descr="动态链接库"/>
	</exInfo_list>
	</action>
 </action_list><action_list name="加载模块" level="1" descr="加载模块 HarddiskVolume1\WINDOWS\system32\rpcrt4.dll" times="0">
	<action field="start_boot" type="Memory" name="LoadLibrary" call_pid="1928" call_name="1.exe" call_time="10:30:58.673">
	<exInfo_list count="1">
		<exInfo value="HarddiskVolume1\WINDOWS\system32\rpcrt4.dll" descr="动态链接库"/>
	</exInfo_list>
	</action>
 </action_list><action_list name="加载模块" level="1" descr="加载模块 HarddiskVolume1\WINDOWS\system32\secur32.dll" times="0">
	<action field="start_boot" type="Memory" name="LoadLibrary" call_pid="1928" call_name="1.exe" call_time="10:30:58.677">
	<exInfo_list count="1">
		<exInfo value="HarddiskVolume1\WINDOWS\system32\secur32.dll" descr="动态链接库"/>
	</exInfo_list>
	</action>
 </action_list><action_list name="映射文件" level="1" descr="映射文件 HarddiskVolume1\WINDOWS\system32\winver.exe" times="0">
	<action field="start_boot" type="File" name="ReadFileToCreate" call_pid="1928" call_name="1.exe" call_time="10:30:58.756">
	<exInfo_list count="1">
		<exInfo value="HarddiskVolume1\WINDOWS\system32\winver.exe" descr="文件路径"/>
	</exInfo_list>
	</action>
 </action_list><action_list name="创建进程" level="3" descr="创建进程  winver" times="0">
	<action field="start_boot" type="Process" name="CreateProcess" call_pid="1928" call_name="1.exe" call_time="10:30:58.540">
	<exInfo_list count="1">
		<exInfo value=" winver" descr="进程名"/>
	</exInfo_list>
	</action>
 </action_list><action_list name="跨进程内存写入" level="3" descr="修改进程 winver.exe 的内存数据" times="0">
	<action field="start_boot" type="Memory" name="WriteRemoteMemory" call_pid="1928" call_name="1.exe" call_time="10:30:58.796">
	<exInfo_list count="1">
		<exInfo value="winver.exe" descr="目标进程"/>
	</exInfo_list>
	</action>
 </action_list><action_list name="进程开始执行" level="1" descr="被 1.exe（1928）创建的进程开始执行" times="0">
	<action field="start_boot" type="Process" name="BeCreated" call_pid="788" call_name="winver.exe" call_time="10:30:58.800">
	<exInfo_list count="2">
		<exInfo value="1.exe" descr="父进程名"/>
		<exInfo value="1928" descr="父进程ID"/>
	</exInfo_list>
	</action>
 </action_list><action_list name="进程开始执行" level="1" descr="被 1.exe（1928）通过参数 winver 以 direct 方式创建的进程开始执行" times="0">
	<action field="start_boot" type="Process" name="BeCreatedEx" call_pid="788" call_name="winver.exe" call_time="10:30:58.801">
	<exInfo_list count="4">
		<exInfo value="1.exe" descr="父进程名"/>
		<exInfo value="1928" descr="父进程ID"/>
		<exInfo value="winver" descr="启动参数"/>
		<exInfo value="direct" descr="创建方式"/>
	</exInfo_list>
	</action>
 </action_list><action_list name="加载模块" level="1" descr="加载模块 HarddiskVolume1\WINDOWS\system32\user32.dll" times="0">
	<action field="start_boot" type="Memory" name="LoadLibrary" call_pid="788" call_name="winver.exe" call_time="10:30:58.866">
	<exInfo_list count="1">
		<exInfo value="HarddiskVolume1\WINDOWS\system32\user32.dll" descr="动态链接库"/>
	</exInfo_list>
	</action>
 </action_list><action_list name="加载模块" level="1" descr="加载模块 HarddiskVolume1\WINDOWS\system32\gdi32.dll" times="0">
	<action field="start_boot" type="Memory" name="LoadLibrary" call_pid="788" call_name="winver.exe" call_time="10:30:58.871">
	<exInfo_list count="1">
		<exInfo value="HarddiskVolume1\WINDOWS\system32\gdi32.dll" descr="动态链接库"/>
	</exInfo_list>
	</action>
 </action_list><action_list name="加载模块" level="1" descr="加载模块 HarddiskVolume1\WINDOWS\system32\shell32.dll" times="0">
	<action field="start_boot" type="Memory" name="LoadLibrary" call_pid="788" call_name="winver.exe" call_time="10:30:58.876">
	<exInfo_list count="1">
		<exInfo value="HarddiskVolume1\WINDOWS\system32\shell32.dll" descr="动态链接库"/>
	</exInfo_list>
	</action>
 </action_list><action_list name="加载模块" level="1" descr="加载模块 HarddiskVolume1\WINDOWS\system32\advapi32.dll" times="0">
	<action field="start_boot" type="Memory" name="LoadLibrary" call_pid="788" call_name="winver.exe" call_time="10:30:58.881">
	<exInfo_list count="1">
		<exInfo value="HarddiskVolume1\WINDOWS\system32\advapi32.dll" descr="动态链接库"/>
	</exInfo_list>
	</action>
 </action_list><action_list name="加载模块" level="1" descr="加载模块 HarddiskVolume1\WINDOWS\system32\rpcrt4.dll" times="0">
	<action field="start_boot" type="Memory" name="LoadLibrary" call_pid="788" call_name="winver.exe" call_time="10:30:58.885">
	<exInfo_list count="1">
		<exInfo value="HarddiskVolume1\WINDOWS\system32\rpcrt4.dll" descr="动态链接库"/>
	</exInfo_list>
	</action>
 </action_list><action_list name="加载模块" level="1" descr="加载模块 HarddiskVolume1\WINDOWS\system32\secur32.dll" times="0">
	<action field="start_boot" type="Memory" name="LoadLibrary" call_pid="788" call_name="winver.exe" call_time="10:30:58.889">
	<exInfo_list count="1">
		<exInfo value="HarddiskVolume1\WINDOWS\system32\secur32.dll" descr="动态链接库"/>
	</exInfo_list>
	</action>
 </action_list><action_list name="加载模块" level="1" descr="加载模块 HarddiskVolume1\WINDOWS\system32\msvcrt.dll" times="0">
	<action field="start_boot" type="Memory" name="LoadLibrary" call_pid="788" call_name="winver.exe" call_time="10:30:58.893">
	<exInfo_list count="1">
		<exInfo value="HarddiskVolume1\WINDOWS\system32\msvcrt.dll" descr="动态链接库"/>
	</exInfo_list>
	</action>
 </action_list><action_list name="加载模块" level="1" descr="加载模块 HarddiskVolume1\WINDOWS\system32\shlwapi.dll" times="0">
	<action field="start_boot" type="Memory" name="LoadLibrary" call_pid="788" call_name="winver.exe" call_time="10:30:58.909">
	<exInfo_list count="1">
		<exInfo value="HarddiskVolume1\WINDOWS\system32\shlwapi.dll" descr="动态链接库"/>
	</exInfo_list>
	</action>
 </action_list><action_list name="加载模块" level="1" descr="加载模块 HarddiskVolume1\WINDOWS\system32\shimeng.dll" times="0">
	<action field="start_boot" type="Memory" name="LoadLibrary" call_pid="788" call_name="winver.exe" call_time="10:30:58.930">
	<exInfo_list count="1">
		<exInfo value="HarddiskVolume1\WINDOWS\system32\shimeng.dll" descr="动态链接库"/>
	</exInfo_list>
	</action>
 </action_list><action_list name="加载模块" level="1" descr="加载模块 HarddiskVolume1\WINDOWS\AppPatch\acgenral.dll" times="0">
	<action field="start_boot" type="Memory" name="LoadLibrary" call_pid="788" call_name="winver.exe" call_time="10:30:58.991">
	<exInfo_list count="1">
		<exInfo value="HarddiskVolume1\WINDOWS\AppPatch\acgenral.dll" descr="动态链接库"/>
	</exInfo_list>
	</action>
 </action_list><action_list name="加载模块" level="1" descr="加载模块 HarddiskVolume1\WINDOWS\system32\winmm.dll" times="0">
	<action field="start_boot" type="Memory" name="LoadLibrary" call_pid="788" call_name="winver.exe" call_time="10:30:58.996">
	<exInfo_list count="1">
		<exInfo value="HarddiskVolume1\WINDOWS\system32\winmm.dll" descr="动态链接库"/>
	</exInfo_list>
	</action>
 </action_list><action_list name="加载模块" level="1" descr="加载模块 HarddiskVolume1\WINDOWS\system32\ole32.dll" times="0">
	<action field="start_boot" type="Memory" name="LoadLibrary" call_pid="788" call_name="winver.exe" call_time="10:30:58.000">
	<exInfo_list count="1">
		<exInfo value="HarddiskVolume1\WINDOWS\system32\ole32.dll" descr="动态链接库"/>
	</exInfo_list>
	</action>
 </action_list><action_list name="加载模块" level="1" descr="加载模块 HarddiskVolume1\WINDOWS\system32\oleaut32.dll" times="0">
	<action field="start_boot" type="Memory" name="LoadLibrary" call_pid="788" call_name="winver.exe" call_time="10:30:58.011">
	<exInfo_list count="1">
		<exInfo value="HarddiskVolume1\WINDOWS\system32\oleaut32.dll" descr="动态链接库"/>
	</exInfo_list>
	</action>
 </action_list><action_list name="加载模块" level="1" descr="加载模块 HarddiskVolume1\WINDOWS\system32\msacm32.dll" times="0">
	<action field="start_boot" type="Memory" name="LoadLibrary" call_pid="788" call_name="winver.exe" call_time="10:30:58.024">
	<exInfo_list count="1">
		<exInfo value="HarddiskVolume1\WINDOWS\system32\msacm32.dll" descr="动态链接库"/>
	</exInfo_list>
	</action>
 </action_list><action_list name="加载模块" level="1" descr="加载模块 HarddiskVolume1\WINDOWS\system32\version.dll" times="0">
	<action field="start_boot" type="Memory" name="LoadLibrary" call_pid="788" call_name="winver.exe" call_time="10:30:58.034">
	<exInfo_list count="1">
		<exInfo value="HarddiskVolume1\WINDOWS\system32\version.dll" descr="动态链接库"/>
	</exInfo_list>
	</action>
 </action_list><action_list name="加载模块" level="1" descr="加载模块 HarddiskVolume1\WINDOWS\system32\userenv.dll" times="0">
	<action field="start_boot" type="Memory" name="LoadLibrary" call_pid="788" call_name="winver.exe" call_time="10:30:58.038">
	<exInfo_list count="1">
		<exInfo value="HarddiskVolume1\WINDOWS\system32\userenv.dll" descr="动态链接库"/>
	</exInfo_list>
	</action>
 </action_list><action_list name="加载模块" level="1" descr="加载模块 HarddiskVolume1\WINDOWS\system32\uxtheme.dll" times="0">
	<action field="start_boot" type="Memory" name="LoadLibrary" call_pid="788" call_name="winver.exe" call_time="10:30:58.050">
	<exInfo_list count="1">
		<exInfo value="HarddiskVolume1\WINDOWS\system32\uxtheme.dll" descr="动态链接库"/>
	</exInfo_list>
	</action>
 </action_list><action_list name="加载模块" level="1" descr="加载模块 HarddiskVolume1\WINDOWS\system32\imm32.dll" times="0">
	<action field="start_boot" type="Memory" name="LoadLibrary" call_pid="788" call_name="winver.exe" call_time="10:30:58.217">
	<exInfo_list count="1">
		<exInfo value="HarddiskVolume1\WINDOWS\system32\imm32.dll" descr="动态链接库"/>
	</exInfo_list>
	</action>
 </action_list><action_list name="加载模块" level="1" descr="加载模块 HarddiskVolume1\WINDOWS\system32\lpk.dll" times="0">
	<action field="start_boot" type="Memory" name="LoadLibrary" call_pid="788" call_name="winver.exe" call_time="10:30:58.239">
	<exInfo_list count="1">
		<exInfo value="HarddiskVolume1\WINDOWS\system32\lpk.dll" descr="动态链接库"/>
	</exInfo_list>
	</action>
 </action_list><action_list name="加载模块" level="1" descr="加载模块 HarddiskVolume1\WINDOWS\system32\usp10.dll" times="0">
	<action field="start_boot" type="Memory" name="LoadLibrary" call_pid="788" call_name="winver.exe" call_time="10:30:58.244">
	<exInfo_list count="1">
		<exInfo value="HarddiskVolume1\WINDOWS\system32\usp10.dll" descr="动态链接库"/>
	</exInfo_list>
	</action>
 </action_list><action_list name="加载模块" level="1" descr="加载模块 HarddiskVolume1\WINDOWS\WinSxS\x86_Microsoft.Windows.Common-Controls_6595b64144ccf1df_6.0.2600.5512_x-ww_35d4ce83\comctl32.dll" times="0">
	<action field="start_boot" type="Memory" name="LoadLibrary" call_pid="788" call_name="winver.exe" call_time="10:30:58.364">
	<exInfo_list count="1">
		<exInfo value="HarddiskVolume1\WINDOWS\WinSxS\x86_Microsoft.Windows.Common-Controls_6595b64144ccf1df_6.0.2600.5512_x-ww_35d4ce83\comctl32.dll" descr="动态链接库"/>
	</exInfo_list>
	</action>
 </action_list><action_list name="跨进程内存读取" level="3" descr="读取 1.exe 进程中的数据，窃取信息" times="0">
	<action field="start_boot" type="Memory" name="ReadRemoteMemory" call_pid="788" call_name="winver.exe" call_time="10:30:58.574">
	<exInfo_list count="1">
		<exInfo value="1.exe" descr="目标进程"/>
	</exInfo_list>
	</action>
 </action_list><action_list name="跨进程内存写入" level="3" descr="修改进程 explorer.exe 的内存数据" times="0">
	<action field="start_boot" type="Memory" name="WriteRemoteMemory" call_pid="788" call_name="winver.exe" call_time="10:30:58.587">
	<exInfo_list count="1">
		<exInfo value="explorer.exe" descr="目标进程"/>
	</exInfo_list>
	</action>
 </action_list><action_list name="创建远程线程" level="3" descr="注入 explorer.exe 进程" times="0">
	<action field="start_boot" type="Process" name="CreateRemoteThread" call_pid="788" call_name="winver.exe" call_time="10:30:58.590">
	<exInfo_list count="1">
		<exInfo value="explorer.exe" descr="被注入进程"/>
	</exInfo_list>
	</action>
 </action_list><action_list name="程序退出" level="-1" descr="winver.exe 退出" times="0">
	<action field="start_boot" type="Process" name="TerminateProcess" call_pid="788" call_name="winver.exe" call_time="10:30:58.591">
	<exInfo_list count="1">
		<exInfo value="winver.exe" descr="结束进程名"/>
	</exInfo_list>
	</action>
 </action_list><action_list name="进程开始执行" level="1" descr="被 winver.exe（ 788）注入的进程开始执行" times="0">
	<action field="start_boot" type="Process" name="BeInjected" call_pid="1232" call_name="explorer.exe" call_time="10:30:58.592">
	<exInfo_list count="2">
		<exInfo value="winver.exe" descr="父进程名"/>
		<exInfo value="788" descr="父进程ID"/>
	</exInfo_list>
	</action>
 </action_list><action_list name="程序退出" level="-1" descr="winver.exe 退出" times="0">
	<action field="start_boot" type="Process" name="TerminateProcess" call_pid="788" call_name="winver.exe" call_time="10:30:58.693">
	<exInfo_list count="1">
		<exInfo value="winver.exe" descr="结束进程名"/>
	</exInfo_list>
	</action>
 </action_list><action_list name="创建互斥量" level="2" descr="创建互斥量 2EBB6B26 防止重复感染" times="0">
	<action field="start_boot" type="System" name="CreateMutex" call_pid="1232" call_name="explorer.exe" call_time="10:30:58.698">
	<exInfo_list count="1">
		<exInfo value="2EBB6B26" descr="互斥量名"/>
	</exInfo_list>
	</action>
 </action_list><action_list name="程序退出" level="-1" descr="1.exe 退出" times="0">
	<action field="start_boot" type="Process" name="TerminateProcess" call_pid="1928" call_name="1.exe" call_time="10:30:59.732">
	<exInfo_list count="1">
		<exInfo value="1.exe" descr="结束进程名"/>
	</exInfo_list>
	</action>
 </action_list><action_list name="遍历进程列表" level="3" descr="病毒木马通常会通过遍历系统进程列表，查找是否有需要关闭的进程" times="0">
	<action field="start_boot" type="Process" name="TraverseProcess" call_pid="1232" call_name="explorer.exe" call_time="10:30:59.741">
	<exInfo_list count="0">
	</exInfo_list>
	</action>
 </action_list><action_list name="跨进程内存写入" level="3" descr="修改进程 ctfmon.exe 的内存数据" times="0">
	<action field="start_boot" type="Memory" name="WriteRemoteMemory" call_pid="1232" call_name="explorer.exe" call_time="10:30:59.770">
	<exInfo_list count="1">
		<exInfo value="ctfmon.exe" descr="目标进程"/>
	</exInfo_list>
	</action>
 </action_list><action_list name="创建远程线程" level="3" descr="注入 ctfmon.exe 进程" times="0">
	<action field="start_boot" type="Process" name="CreateRemoteThread" call_pid="1232" call_name="explorer.exe" call_time="10:30:59.773">
	<exInfo_list count="1">
		<exInfo value="ctfmon.exe" descr="被注入进程"/>
	</exInfo_list>
	</action>
 </action_list><action_list name="跨进程内存写入" level="3" descr="修改进程 reader_sl.exe 的内存数据" times="0">
	<action field="start_boot" type="Memory" name="WriteRemoteMemory" call_pid="1232" call_name="explorer.exe" call_time="10:30:59.779">
	<exInfo_list count="1">
		<exInfo value="reader_sl.exe" descr="目标进程"/>
	</exInfo_list>
	</action>
 </action_list><action_list name="创建远程线程" level="3" descr="注入 reader_sl.exe 进程" times="0">
	<action field="start_boot" type="Process" name="CreateRemoteThread" call_pid="1232" call_name="explorer.exe" call_time="10:30:59.782">
	<exInfo_list count="1">
		<exInfo value="reader_sl.exe" descr="被注入进程"/>
	</exInfo_list>
	</action>
 </action_list><action_list name="跨进程内存写入" level="3" descr="修改进程 wscntfy.exe 的内存数据" times="0">
	<action field="start_boot" type="Memory" name="WriteRemoteMemory" call_pid="1232" call_name="explorer.exe" call_time="10:30:59.788">
	<exInfo_list count="1">
		<exInfo value="wscntfy.exe" descr="目标进程"/>
	</exInfo_list>
	</action>
 </action_list><action_list name="创建远程线程" level="3" descr="注入 wscntfy.exe 进程" times="0">
	<action field="start_boot" type="Process" name="CreateRemoteThread" call_pid="1232" call_name="explorer.exe" call_time="10:30:59.791">
	<exInfo_list count="1">
		<exInfo value="wscntfy.exe" descr="被注入进程"/>
	</exInfo_list>
	</action>
 </action_list><action_list name="跨进程内存写入" level="3" descr="修改进程 360tray.exe 的内存数据" times="0">
	<action field="start_boot" type="Memory" name="WriteRemoteMemory" call_pid="1232" call_name="explorer.exe" call_time="10:30:59.797">
	<exInfo_list count="1">
		<exInfo value="360tray.exe" descr="目标进程"/>
	</exInfo_list>
	</action>
 </action_list><action_list name="创建远程线程" level="3" descr="注入 360tray.exe 进程" times="0">
	<action field="start_boot" type="Process" name="CreateRemoteThread" call_pid="1232" call_name="explorer.exe" call_time="10:30:59.806">
	<exInfo_list count="1">
		<exInfo value="360tray.exe" descr="被注入进程"/>
	</exInfo_list>
	</action>
 </action_list><action_list name="跨进程内存写入" level="3" descr="修改进程 AliIM.exe 的内存数据" times="0">
	<action field="start_boot" type="Memory" name="WriteRemoteMemory" call_pid="1232" call_name="explorer.exe" call_time="10:30:59.813">
	<exInfo_list count="1">
		<exInfo value="AliIM.exe" descr="目标进程"/>
	</exInfo_list>
	</action>
 </action_list><action_list name="创建远程线程" level="3" descr="注入 AliIM.exe 进程" times="0">
	<action field="start_boot" type="Process" name="CreateRemoteThread" call_pid="1232" call_name="explorer.exe" call_time="10:30:59.822">
	<exInfo_list count="1">
		<exInfo value="AliIM.exe" descr="被注入进程"/>
	</exInfo_list>
	</action>
 </action_list><action_list name="跨进程内存写入" level="3" descr="修改进程 AlipaySecSvc.exe 的内存数据" times="0">
	<action field="start_boot" type="Memory" name="WriteRemoteMemory" call_pid="1232" call_name="explorer.exe" call_time="10:30:59.829">
	<exInfo_list count="1">
		<exInfo value="AlipaySecSvc.exe" descr="目标进程"/>
	</exInfo_list>
	</action>
 </action_list><action_list name="创建远程线程" level="3" descr="注入 AlipaySecSvc.exe 进程" times="0">
	<action field="start_boot" type="Process" name="CreateRemoteThread" call_pid="1232" call_name="explorer.exe" call_time="10:30:59.838">
	<exInfo_list count="1">
		<exInfo value="AlipaySecSvc.exe" descr="被注入进程"/>
	</exInfo_list>
	</action>
 </action_list><action_list name="跨进程内存写入" level="3" descr="修改进程 AliWorkbench.exe 的内存数据" times="0">
	<action field="start_boot" type="Memory" name="WriteRemoteMemory" call_pid="1232" call_name="explorer.exe" call_time="10:30:59.845">
	<exInfo_list count="1">
		<exInfo value="AliWorkbench.exe" descr="目标进程"/>
	</exInfo_list>
	</action>
 </action_list><action_list name="创建远程线程" level="3" descr="注入 AliWorkbench.exe 进程" times="0">
	<action field="start_boot" type="Process" name="CreateRemoteThread" call_pid="1232" call_name="explorer.exe" call_time="10:30:59.854">
	<exInfo_list count="1">
		<exInfo value="AliWorkbench.exe" descr="被注入进程"/>
	</exInfo_list>
	</action>
 </action_list><action_list name="跨进程内存写入" level="3" descr="修改进程 avgnt.exe 的内存数据" times="0">
	<action field="start_boot" type="Memory" name="WriteRemoteMemory" call_pid="1232" call_name="explorer.exe" call_time="10:30:59.862">
	<exInfo_list count="1">
		<exInfo value="avgnt.exe" descr="目标进程"/>
	</exInfo_list>
	</action>
 </action_list><action_list name="创建远程线程" level="3" descr="注入 avgnt.exe 进程" times="0">
	<action field="start_boot" type="Process" name="CreateRemoteThread" call_pid="1232" call_name="explorer.exe" call_time="10:30:59.871">
	<exInfo_list count="1">
		<exInfo value="avgnt.exe" descr="被注入进程"/>
	</exInfo_list>
	</action>
 </action_list><action_list name="进程开始执行" level="1" descr="被 explorer.exe（ 1232）注入的进程开始执行" times="0">
	<action field="start_boot" type="Process" name="BeInjected" call_pid="1040" call_name="ctfmon.exe" call_time="10:30:59.873">
	<exInfo_list count="2">
		<exInfo value="explorer.exe" descr="父进程名"/>
		<exInfo value="1232" descr="父进程ID"/>
	</exInfo_list>
	</action>
 </action_list><action_list name="修改文件属性" level="3" descr="将文件 HarddiskVolume1\Documents and Settings\xpuser\Application Data\2EBB6B26 的属性更改为隐藏或只读" times="0">
	<action field="start_boot" type="File" name="SetFileHiddenOrReadOnly" call_pid="1232" call_name="explorer.exe" call_time="10:30:59.903">
	<exInfo_list count="2">
		<exInfo value="HarddiskVolume1\Documents and Settings\xpuser\Application Data\2EBB6B26" descr="文件路径"/>
		<exInfo value="00000082" descr="属性"/>
	</exInfo_list>
	</action>
 </action_list><action_list name="自我读取" level="1" descr="读取文件 HarddiskVolume1\vastest\1.exe" times="0">
	<action field="start_boot" type="File" name="ReadFile" call_pid="1232" call_name="explorer.exe" call_time="10:30:59.910">
	<exInfo_list count="1">
		<exInfo value="HarddiskVolume1\vastest\1.exe" descr="文件路径"/>
	</exInfo_list>
	</action>
 </action_list><action_list name="检测虚拟机" level="3" descr="通过 PerfEvaluate 技术检测虚拟机或调试器，逃避分析与查杀" times="0">
	<action field="start_boot" type="System" name="DetectDebugger" call_pid="1232" call_name="explorer.exe" call_time="10:30:59.942">
	<exInfo_list count="1">
		<exInfo value="PerfEvaluate" descr="技术手段"/>
	</exInfo_list>
	</action>
 </action_list><action_list name="创建可执行程序" level="3" descr="创建可执行程序 HarddiskVolume1\Documents and Settings\xpuser\Application Data\2EBB6B26\bin.exe" times="0">
	<action field="start_boot" type="File" name="WritePEFile" call_pid="1232" call_name="explorer.exe" call_time="10:30:59.947">
	<exInfo_list count="1">
		<exInfo value="HarddiskVolume1\Documents and Settings\xpuser\Application Data\2EBB6B26\bin.exe" descr="PE文件路径"/>
	</exInfo_list>
	</action>
 </action_list><action_list name="加载模块" level="1" descr="加载模块 HarddiskVolume1\WINDOWS\system32\mswsock.dll" times="0">
	<action field="start_boot" type="Memory" name="LoadLibrary" call_pid="1232" call_name="explorer.exe" call_time="10:30:59.959">
	<exInfo_list count="1">
		<exInfo value="HarddiskVolume1\WINDOWS\system32\mswsock.dll" descr="动态链接库"/>
	</exInfo_list>
	</action>
 </action_list><action_list name="加载模块" level="1" descr="加载模块 HarddiskVolume1\WINDOWS\system32\dnsapi.dll" times="0">
	<action field="start_boot" type="Memory" name="LoadLibrary" call_pid="1232" call_name="explorer.exe" call_time="10:30:59.981">
	<exInfo_list count="1">
		<exInfo value="HarddiskVolume1\WINDOWS\system32\dnsapi.dll" descr="动态链接库"/>
	</exInfo_list>
	</action>
 </action_list><action_list name="进程开始执行" level="1" descr="被 explorer.exe（ 1232）注入的进程开始执行" times="0">
	<action field="start_boot" type="Process" name="BeInjected" call_pid="1056" call_name="reader_sl.exe" call_time="10:30:59.013">
	<exInfo_list count="2">
		<exInfo value="explorer.exe" descr="父进程名"/>
		<exInfo value="1232" descr="父进程ID"/>
	</exInfo_list>
	</action>
 </action_list><action_list name="进程开始执行" level="1" descr="被 explorer.exe（ 1232）注入的进程开始执行" times="0">
	<action field="start_boot" type="Process" name="BeInjected" call_pid="1192" call_name="wscntfy.exe" call_time="10:30:59.041">
	<exInfo_list count="2">
		<exInfo value="explorer.exe" descr="父进程名"/>
		<exInfo value="1232" descr="父进程ID"/>
	</exInfo_list>
	</action>
 </action_list><action_list name="进程开始执行" level="1" descr="被 explorer.exe（ 1232）注入的进程开始执行" times="0">
	<action field="start_boot" type="Process" name="BeInjected" call_pid="1228" call_name="360tray.exe" call_time="10:30:59.067">
	<exInfo_list count="2">
		<exInfo value="explorer.exe" descr="父进程名"/>
		<exInfo value="1232" descr="父进程ID"/>
	</exInfo_list>
	</action>
 </action_list><action_list name="进程开始执行" level="1" descr="被 explorer.exe（ 1232）注入的进程开始执行" times="0">
	<action field="start_boot" type="Process" name="BeInjected" call_pid="1164" call_name="AliIM.exe" call_time="10:30:59.099">
	<exInfo_list count="2">
		<exInfo value="explorer.exe" descr="父进程名"/>
		<exInfo value="1232" descr="父进程ID"/>
	</exInfo_list>
	</action>
 </action_list><action_list name="进程开始执行" level="1" descr="被 explorer.exe（ 1232）注入的进程开始执行" times="0">
	<action field="start_boot" type="Process" name="BeInjected" call_pid="600" call_name="AlipaySecSvc.exe" call_time="10:30:59.131">
	<exInfo_list count="2">
		<exInfo value="explorer.exe" descr="父进程名"/>
		<exInfo value="1232" descr="父进程ID"/>
	</exInfo_list>
	</action>
 </action_list><action_list name="进程开始执行" level="1" descr="被 explorer.exe（ 1232）注入的进程开始执行" times="0">
	<action field="start_boot" type="Process" name="BeInjected" call_pid="1408" call_name="AliWorkbench.exe" call_time="10:30:59.163">
	<exInfo_list count="2">
		<exInfo value="explorer.exe" descr="父进程名"/>
		<exInfo value="1232" descr="父进程ID"/>
	</exInfo_list>
	</action>
 </action_list><action_list name="进程开始执行" level="1" descr="被 explorer.exe（ 1232）注入的进程开始执行" times="0">
	<action field="start_boot" type="Process" name="BeInjected" call_pid="1420" call_name="avgnt.exe" call_time="10:30:59.195">
	<exInfo_list count="2">
		<exInfo value="explorer.exe" descr="父进程名"/>
		<exInfo value="1232" descr="父进程ID"/>
	</exInfo_list>
	</action>
 </action_list><action_list name="跨进程内存写入" level="3" descr="修改进程 avp.exe 的内存数据" times="0">
	<action field="start_boot" type="Memory" name="WriteRemoteMemory" call_pid="1232" call_name="explorer.exe" call_time="10:30:59.201">
	<exInfo_list count="1">
		<exInfo value="avp.exe" descr="目标进程"/>
	</exInfo_list>
	</action>
 </action_list><action_list name="创建远程线程" level="3" descr="注入 avp.exe 进程" times="0">
	<action field="start_boot" type="Process" name="CreateRemoteThread" call_pid="1232" call_name="explorer.exe" call_time="10:30:59.210">
	<exInfo_list count="1">
		<exInfo value="avp.exe" descr="被注入进程"/>
	</exInfo_list>
	</action>
 </action_list><action_list name="跨进程内存写入" level="3" descr="修改进程 certd_BHDC_ICBC.exe 的内存数据" times="0">
	<action field="start_boot" type="Memory" name="WriteRemoteMemory" call_pid="1232" call_name="explorer.exe" call_time="10:30:59.217">
	<exInfo_list count="1">
		<exInfo value="certd_BHDC_ICBC.exe" descr="目标进程"/>
	</exInfo_list>
	</action>
 </action_list><action_list name="创建远程线程" level="3" descr="注入 certd_BHDC_ICBC.exe 进程" times="0">
	<action field="start_boot" type="Process" name="CreateRemoteThread" call_pid="1232" call_name="explorer.exe" call_time="10:30:59.226">
	<exInfo_list count="1">
		<exInfo value="certd_BHDC_ICBC.exe" descr="被注入进程"/>
	</exInfo_list>
	</action>
 </action_list><action_list name="跨进程内存写入" level="3" descr="修改进程 certd_nps3000_ICBC.exe 的内存数据" times="0">
	<action field="start_boot" type="Memory" name="WriteRemoteMemory" call_pid="1232" call_name="explorer.exe" call_time="10:30:59.233">
	<exInfo_list count="1">
		<exInfo value="certd_nps3000_ICBC.exe" descr="目标进程"/>
	</exInfo_list>
	</action>
 </action_list><action_list name="创建远程线程" level="3" descr="注入 certd_nps3000_ICBC.exe 进程" times="0">
	<action field="start_boot" type="Process" name="CreateRemoteThread" call_pid="1232" call_name="explorer.exe" call_time="10:30:59.242">
	<exInfo_list count="1">
		<exInfo value="certd_nps3000_ICBC.exe" descr="被注入进程"/>
	</exInfo_list>
	</action>
 </action_list><action_list name="跨进程内存写入" level="3" descr="修改进程 crossfire.exe 的内存数据" times="0">
	<action field="start_boot" type="Memory" name="WriteRemoteMemory" call_pid="1232" call_name="explorer.exe" call_time="10:30:59.249">
	<exInfo_list count="1">
		<exInfo value="crossfire.exe" descr="目标进程"/>
	</exInfo_list>
	</action>
 </action_list><action_list name="创建远程线程" level="3" descr="注入 crossfire.exe 进程" times="0">
	<action field="start_boot" type="Process" name="CreateRemoteThread" call_pid="1232" call_name="explorer.exe" call_time="10:30:59.258">
	<exInfo_list count="1">
		<exInfo value="crossfire.exe" descr="被注入进程"/>
	</exInfo_list>
	</action>
 </action_list><action_list name="跨进程内存写入" level="3" descr="修改进程 dnf.exe 的内存数据" times="0">
	<action field="start_boot" type="Memory" name="WriteRemoteMemory" call_pid="1232" call_name="explorer.exe" call_time="10:30:59.265">
	<exInfo_list count="1">
		<exInfo value="dnf.exe" descr="目标进程"/>
	</exInfo_list>
	</action>
 </action_list><action_list name="创建远程线程" level="3" descr="注入 dnf.exe 进程" times="0">
	<action field="start_boot" type="Process" name="CreateRemoteThread" call_pid="1232" call_name="explorer.exe" call_time="10:30:59.274">
	<exInfo_list count="1">
		<exInfo value="dnf.exe" descr="被注入进程"/>
	</exInfo_list>
	</action>
 </action_list><action_list name="跨进程内存写入" level="3" descr="修改进程 ICBCEBankAssist.exe 的内存数据" times="0">
	<action field="start_boot" type="Memory" name="WriteRemoteMemory" call_pid="1232" call_name="explorer.exe" call_time="10:30:59.284">
	<exInfo_list count="1">
		<exInfo value="ICBCEBankAssist.exe" descr="目标进程"/>
	</exInfo_list>
	</action>
 </action_list><action_list name="创建远程线程" level="3" descr="注入 ICBCEBankAssist.exe 进程" times="0">
	<action field="start_boot" type="Process" name="CreateRemoteThread" call_pid="1232" call_name="explorer.exe" call_time="10:30:59.293">
	<exInfo_list count="1">
		<exInfo value="ICBCEBankAssist.exe" descr="被注入进程"/>
	</exInfo_list>
	</action>
 </action_list><action_list name="设置自启动" level="3" descr="将 2EBB6B26 设置为开机自启动" times="0">
	<action field="start_boot" type="Reg" name="SetKeyValue" call_pid="1232" call_name="explorer.exe" call_time="10:30:59.295">
	<exInfo_list count="2">
		<exInfo value="\REGISTRY\USER\S-1-5-21-117609710-838170752-515967899-1003\SOFTWARE\MICROSOFT\WINDOWS\CURRENTVERSION\RUN" descr="键名"/>
		<exInfo value="2EBB6B26" descr="键值"/>
	</exInfo_list>
	</action>
 </action_list><action_list name="删除注册表键值" level="3" descr="删除注册表键 \REGISTRY\USER\S-1-5-21-117609710-838170752-515967899-1003\SOFTWARE\MICROSOFT\WINDOWS\CURRENTVERSION\RUN 的值 i" times="0">
	<action field="start_boot" type="Reg" name="DeleteKeyValue" call_pid="1040" call_name="ctfmon.exe" call_time="10:30:59.299">
	<exInfo_list count="2">
		<exInfo value="\REGISTRY\USER\S-1-5-21-117609710-838170752-515967899-1003\SOFTWARE\MICROSOFT\WINDOWS\CURRENTVERSION\RUN" descr="键名"/>
		<exInfo value="i" descr="键值"/>
	</exInfo_list>
	</action>
 </action_list><action_list name="加载模块" level="1" descr="加载模块 HarddiskVolume1\WINDOWS\system32\winrnr.dll" times="0">
	<action field="start_boot" type="Memory" name="LoadLibrary" call_pid="1232" call_name="explorer.exe" call_time="10:30:59.315">
	<exInfo_list count="1">
		<exInfo value="HarddiskVolume1\WINDOWS\system32\winrnr.dll" descr="动态链接库"/>
	</exInfo_list>
	</action>
 </action_list><action_list name="进程开始执行" level="1" descr="被 explorer.exe（ 1232）注入的进程开始执行" times="0">
	<action field="start_boot" type="Process" name="BeInjected" call_pid="1432" call_name="avp.exe" call_time="10:30:59.364">
	<exInfo_list count="2">
		<exInfo value="explorer.exe" descr="父进程名"/>
		<exInfo value="1232" descr="父进程ID"/>
	</exInfo_list>
	</action>
 </action_list><action_list name="进程开始执行" level="1" descr="被 explorer.exe（ 1232）注入的进程开始执行" times="0">
	<action field="start_boot" type="Process" name="BeInjected" call_pid="1448" call_name="certd_BHDC_ICBC.exe" call_time="10:30:59.396">
	<exInfo_list count="2">
		<exInfo value="explorer.exe" descr="父进程名"/>
		<exInfo value="1232" descr="父进程ID"/>
	</exInfo_list>
	</action>
 </action_list><action_list name="进程开始执行" level="1" descr="被 explorer.exe（ 1232）注入的进程开始执行" times="0">
	<action field="start_boot" type="Process" name="BeInjected" call_pid="1460" call_name="certd_nps3000_ICBC.exe" call_time="10:30:59.428">
	<exInfo_list count="2">
		<exInfo value="explorer.exe" descr="父进程名"/>
		<exInfo value="1232" descr="父进程ID"/>
	</exInfo_list>
	</action>
 </action_list><action_list name="进程开始执行" level="1" descr="被 explorer.exe（ 1232）注入的进程开始执行" times="0">
	<action field="start_boot" type="Process" name="BeInjected" call_pid="1468" call_name="crossfire.exe" call_time="10:30:59.460">
	<exInfo_list count="2">
		<exInfo value="explorer.exe" descr="父进程名"/>
		<exInfo value="1232" descr="父进程ID"/>
	</exInfo_list>
	</action>
 </action_list><action_list name="进程开始执行" level="1" descr="被 explorer.exe（ 1232）注入的进程开始执行" times="0">
	<action field="start_boot" type="Process" name="BeInjected" call_pid="1476" call_name="dnf.exe" call_time="10:30:59.492">
	<exInfo_list count="2">
		<exInfo value="explorer.exe" descr="父进程名"/>
		<exInfo value="1232" descr="父进程ID"/>
	</exInfo_list>
	</action>
 </action_list><action_list name="进程开始执行" level="1" descr="被 explorer.exe（ 1232）注入的进程开始执行" times="0">
	<action field="start_boot" type="Process" name="BeInjected" call_pid="1496" call_name="ICBCEBankAssist.exe" call_time="10:30:59.524">
	<exInfo_list count="2">
		<exInfo value="explorer.exe" descr="父进程名"/>
		<exInfo value="1232" descr="父进程ID"/>
	</exInfo_list>
	</action>
 </action_list><action_list name="跨进程内存写入" level="3" descr="修改进程 ksafe.exe 的内存数据" times="0">
	<action field="start_boot" type="Memory" name="WriteRemoteMemory" call_pid="1232" call_name="explorer.exe" call_time="10:30:59.530">
	<exInfo_list count="1">
		<exInfo value="ksafe.exe" descr="目标进程"/>
	</exInfo_list>
	</action>
 </action_list><action_list name="创建远程线程" level="3" descr="注入 ksafe.exe 进程" times="0">
	<action field="start_boot" type="Process" name="CreateRemoteThread" call_pid="1232" call_name="explorer.exe" call_time="10:30:59.539">
	<exInfo_list count="1">
		<exInfo value="ksafe.exe" descr="被注入进程"/>
	</exInfo_list>
	</action>
 </action_list><action_list name="跨进程内存写入" level="3" descr="修改进程 ksafesvc.exe 的内存数据" times="0">
	<action field="start_boot" type="Memory" name="WriteRemoteMemory" call_pid="1232" call_name="explorer.exe" call_time="10:30:59.546">
	<exInfo_list count="1">
		<exInfo value="ksafesvc.exe" descr="目标进程"/>
	</exInfo_list>
	</action>
 </action_list><action_list name="创建远程线程" level="3" descr="注入 ksafesvc.exe 进程" times="0">
	<action field="start_boot" type="Process" name="CreateRemoteThread" call_pid="1232" call_name="explorer.exe" call_time="10:30:59.555">
	<exInfo_list count="1">
		<exInfo value="ksafesvc.exe" descr="被注入进程"/>
	</exInfo_list>
	</action>
 </action_list><action_list name="跨进程内存写入" level="3" descr="修改进程 ksafetray.exe 的内存数据" times="0">
	<action field="start_boot" type="Memory" name="WriteRemoteMemory" call_pid="1232" call_name="explorer.exe" call_time="10:30:59.562">
	<exInfo_list count="1">
		<exInfo value="ksafetray.exe" descr="目标进程"/>
	</exInfo_list>
	</action>
 </action_list><action_list name="创建远程线程" level="3" descr="注入 ksafetray.exe 进程" times="0">
	<action field="start_boot" type="Process" name="CreateRemoteThread" call_pid="1232" call_name="explorer.exe" call_time="10:30:59.571">
	<exInfo_list count="1">
		<exInfo value="ksafetray.exe" descr="被注入进程"/>
	</exInfo_list>
	</action>
 </action_list><action_list name="进程开始执行" level="1" descr="被 explorer.exe（ 1232）注入的进程开始执行" times="0">
	<action field="start_boot" type="Process" name="BeInjected" call_pid="1532" call_name="ksafe.exe" call_time="10:30:59.604">
	<exInfo_list count="2">
		<exInfo value="explorer.exe" descr="父进程名"/>
		<exInfo value="1232" descr="父进程ID"/>
	</exInfo_list>
	</action>
 </action_list><action_list name="进程开始执行" level="1" descr="被 explorer.exe（ 1232）注入的进程开始执行" times="0">
	<action field="start_boot" type="Process" name="BeInjected" call_pid="1540" call_name="ksafesvc.exe" call_time="10:30:59.636">
	<exInfo_list count="2">
		<exInfo value="explorer.exe" descr="父进程名"/>
		<exInfo value="1232" descr="父进程ID"/>
	</exInfo_list>
	</action>
 </action_list><action_list name="进程开始执行" level="1" descr="被 explorer.exe（ 1232）注入的进程开始执行" times="0">
	<action field="start_boot" type="Process" name="BeInjected" call_pid="1548" call_name="ksafetray.exe" call_time="10:30:59.668">
	<exInfo_list count="2">
		<exInfo value="explorer.exe" descr="父进程名"/>
		<exInfo value="1232" descr="父进程ID"/>
	</exInfo_list>
	</action>
 </action_list><action_list name="跨进程内存写入" level="3" descr="修改进程 MWICBCUKeyUI.exe 的内存数据" times="0">
	<action field="start_boot" type="Memory" name="WriteRemoteMemory" call_pid="1232" call_name="explorer.exe" call_time="10:30:59.674">
	<exInfo_list count="1">
		<exInfo value="MWICBCUKeyUI.exe" descr="目标进程"/>
	</exInfo_list>
	</action>
 </action_list><action_list name="创建远程线程" level="3" descr="注入 MWICBCUKeyUI.exe 进程" times="0">
	<action field="start_boot" type="Process" name="CreateRemoteThread" call_pid="1232" call_name="explorer.exe" call_time="10:30:59.683">
	<exInfo_list count="1">
		<exInfo value="MWICBCUKeyUI.exe" descr="被注入进程"/>
	</exInfo_list>
	</action>
 </action_list><action_list name="跨进程内存写入" level="3" descr="修改进程 QQ.exe 的内存数据" times="0">
	<action field="start_boot" type="Memory" name="WriteRemoteMemory" call_pid="1232" call_name="explorer.exe" call_time="10:30:59.690">
	<exInfo_list count="1">
		<exInfo value="QQ.exe" descr="目标进程"/>
	</exInfo_list>
	</action>
 </action_list><action_list name="创建远程线程" level="3" descr="注入 QQ.exe 进程" times="0">
	<action field="start_boot" type="Process" name="CreateRemoteThread" call_pid="1232" call_name="explorer.exe" call_time="10:30:59.699">
	<exInfo_list count="1">
		<exInfo value="QQ.exe" descr="被注入进程"/>
	</exInfo_list>
	</action>
 </action_list><action_list name="跨进程内存写入" level="3" descr="修改进程 QQPCRTP.exe 的内存数据" times="0">
	<action field="start_boot" type="Memory" name="WriteRemoteMemory" call_pid="1232" call_name="explorer.exe" call_time="10:30:59.706">
	<exInfo_list count="1">
		<exInfo value="QQPCRTP.exe" descr="目标进程"/>
	</exInfo_list>
	</action>
 </action_list><action_list name="创建远程线程" level="3" descr="注入 QQPCRTP.exe 进程" times="0">
	<action field="start_boot" type="Process" name="CreateRemoteThread" call_pid="1232" call_name="explorer.exe" call_time="10:30:59.715">
	<exInfo_list count="1">
		<exInfo value="QQPCRTP.exe" descr="被注入进程"/>
	</exInfo_list>
	</action>
 </action_list><action_list name="跨进程内存写入" level="3" descr="修改进程 QQPCTray.exe 的内存数据" times="0">
	<action field="start_boot" type="Memory" name="WriteRemoteMemory" call_pid="1232" call_name="explorer.exe" call_time="10:30:59.723">
	<exInfo_list count="1">
		<exInfo value="QQPCTray.exe" descr="目标进程"/>
	</exInfo_list>
	</action>
 </action_list><action_list name="创建远程线程" level="3" descr="注入 QQPCTray.exe 进程" times="0">
	<action field="start_boot" type="Process" name="CreateRemoteThread" call_pid="1232" call_name="explorer.exe" call_time="10:30:59.732">
	<exInfo_list count="1">
		<exInfo value="QQPCTray.exe" descr="被注入进程"/>
	</exInfo_list>
	</action>
 </action_list><action_list name="跨进程内存写入" level="3" descr="修改进程 QQProtect.exe 的内存数据" times="0">
	<action field="start_boot" type="Memory" name="WriteRemoteMemory" call_pid="1232" call_name="explorer.exe" call_time="10:30:59.739">
	<exInfo_list count="1">
		<exInfo value="QQProtect.exe" descr="目标进程"/>
	</exInfo_list>
	</action>
 </action_list><action_list name="进程开始执行" level="1" descr="被 explorer.exe（ 1232）注入的进程开始执行" times="0">
	<action field="start_boot" type="Process" name="BeInjected" call_pid="1564" call_name="MWICBCUKeyUI.exe" call_time="10:30:59.778">
	<exInfo_list count="2">
		<exInfo value="explorer.exe" descr="父进程名"/>
		<exInfo value="1232" descr="父进程ID"/>
	</exInfo_list>
	</action>
 </action_list><action_list name="进程开始执行" level="1" descr="被 explorer.exe（ 1232）注入的进程开始执行" times="0">
	<action field="start_boot" type="Process" name="BeInjected" call_pid="1576" call_name="QQ.exe" call_time="10:30:59.810">
	<exInfo_list count="2">
		<exInfo value="explorer.exe" descr="父进程名"/>
		<exInfo value="1232" descr="父进程ID"/>
	</exInfo_list>
	</action>
 </action_list><action_list name="进程开始执行" level="1" descr="被 explorer.exe（ 1232）注入的进程开始执行" times="0">
	<action field="start_boot" type="Process" name="BeInjected" call_pid="1608" call_name="QQPCRTP.exe" call_time="10:30:59.842">
	<exInfo_list count="2">
		<exInfo value="explorer.exe" descr="父进程名"/>
		<exInfo value="1232" descr="父进程ID"/>
	</exInfo_list>
	</action>
 </action_list><action_list name="进程开始执行" level="1" descr="被 explorer.exe（ 1232）注入的进程开始执行" times="0">
	<action field="start_boot" type="Process" name="BeInjected" call_pid="1616" call_name="QQPCTray.exe" call_time="10:30:59.874">
	<exInfo_list count="2">
		<exInfo value="explorer.exe" descr="父进程名"/>
		<exInfo value="1232" descr="父进程ID"/>
	</exInfo_list>
	</action>
 </action_list><action_list name="创建远程线程" level="3" descr="注入 QQProtect.exe 进程" times="0">
	<action field="start_boot" type="Process" name="CreateRemoteThread" call_pid="1232" call_name="explorer.exe" call_time="10:30:59.907">
	<exInfo_list count="1">
		<exInfo value="QQProtect.exe" descr="被注入进程"/>
	</exInfo_list>
	</action>
 </action_list><action_list name="跨进程内存写入" level="3" descr="修改进程 RavMon.exe 的内存数据" times="0">
	<action field="start_boot" type="Memory" name="WriteRemoteMemory" call_pid="1232" call_name="explorer.exe" call_time="10:30:59.914">
	<exInfo_list count="1">
		<exInfo value="RavMon.exe" descr="目标进程"/>
	</exInfo_list>
	</action>
 </action_list><action_list name="创建远程线程" level="3" descr="注入 RavMon.exe 进程" times="0">
	<action field="start_boot" type="Process" name="CreateRemoteThread" call_pid="1232" call_name="explorer.exe" call_time="10:30:59.923">
	<exInfo_list count="1">
		<exInfo value="RavMon.exe" descr="被注入进程"/>
	</exInfo_list>
	</action>
 </action_list><action_list name="跨进程内存写入" level="3" descr="修改进程 RavMonD.exe 的内存数据" times="0">
	<action field="start_boot" type="Memory" name="WriteRemoteMemory" call_pid="1232" call_name="explorer.exe" call_time="10:30:59.931">
	<exInfo_list count="1">
		<exInfo value="RavMonD.exe" descr="目标进程"/>
	</exInfo_list>
	</action>
 </action_list><action_list name="创建远程线程" level="3" descr="注入 RavMonD.exe 进程" times="0">
	<action field="start_boot" type="Process" name="CreateRemoteThread" call_pid="1232" call_name="explorer.exe" call_time="10:30:59.940">
	<exInfo_list count="1">
		<exInfo value="RavMonD.exe" descr="被注入进程"/>
	</exInfo_list>
	</action>
 </action_list><action_list name="进程开始执行" level="1" descr="被 explorer.exe（ 1232）注入的进程开始执行" times="0">
	<action field="start_boot" type="Process" name="BeInjected" call_pid="1624" call_name="QQProtect.exe" call_time="10:30:59.942">
	<exInfo_list count="2">
		<exInfo value="explorer.exe" descr="父进程名"/>
		<exInfo value="1232" descr="父进程ID"/>
	</exInfo_list>
	</action>
 </action_list><action_list name="进程开始执行" level="1" descr="被 explorer.exe（ 1232）注入的进程开始执行" times="0">
	<action field="start_boot" type="Process" name="BeInjected" call_pid="1636" call_name="RavMon.exe" call_time="10:30:59.974">
	<exInfo_list count="2">
		<exInfo value="explorer.exe" descr="父进程名"/>
		<exInfo value="1232" descr="父进程ID"/>
	</exInfo_list>
	</action>
 </action_list><action_list name="进程开始执行" level="1" descr="被 explorer.exe（ 1232）注入的进程开始执行" times="0">
	<action field="start_boot" type="Process" name="BeInjected" call_pid="1648" call_name="RavMonD.exe" call_time="10:30:59.006">
	<exInfo_list count="2">
		<exInfo value="explorer.exe" descr="父进程名"/>
		<exInfo value="1232" descr="父进程ID"/>
	</exInfo_list>
	</action>
 </action_list><action_list name="跨进程内存写入" level="3" descr="修改进程 rstray.exe 的内存数据" times="0">
	<action field="start_boot" type="Memory" name="WriteRemoteMemory" call_pid="1232" call_name="explorer.exe" call_time="10:30:59.012">
	<exInfo_list count="1">
		<exInfo value="rstray.exe" descr="目标进程"/>
	</exInfo_list>
	</action>
 </action_list><action_list name="创建远程线程" level="3" descr="注入 rstray.exe 进程" times="0">
	<action field="start_boot" type="Process" name="CreateRemoteThread" call_pid="1232" call_name="explorer.exe" call_time="10:30:59.021">
	<exInfo_list count="1">
		<exInfo value="rstray.exe" descr="被注入进程"/>
	</exInfo_list>
	</action>
 </action_list><action_list name="跨进程内存写入" level="3" descr="修改进程 TaoBrowser.exe 的内存数据" times="0">
	<action field="start_boot" type="Memory" name="WriteRemoteMemory" call_pid="1232" call_name="explorer.exe" call_time="10:30:59.028">
	<exInfo_list count="1">
		<exInfo value="TaoBrowser.exe" descr="目标进程"/>
	</exInfo_list>
	</action>
 </action_list><action_list name="创建远程线程" level="3" descr="注入 TaoBrowser.exe 进程" times="0">
	<action field="start_boot" type="Process" name="CreateRemoteThread" call_pid="1232" call_name="explorer.exe" call_time="10:30:59.037">
	<exInfo_list count="1">
		<exInfo value="TaoBrowser.exe" descr="被注入进程"/>
	</exInfo_list>
	</action>
 </action_list><action_list name="跨进程内存写入" level="3" descr="修改进程 WDCertM_CCB.exe 的内存数据" times="0">
	<action field="start_boot" type="Memory" name="WriteRemoteMemory" call_pid="1232" call_name="explorer.exe" call_time="10:30:59.044">
	<exInfo_list count="1">
		<exInfo value="WDCertM_CCB.exe" descr="目标进程"/>
	</exInfo_list>
	</action>
 </action_list><action_list name="创建远程线程" level="3" descr="注入 WDCertM_CCB.exe 进程" times="0">
	<action field="start_boot" type="Process" name="CreateRemoteThread" call_pid="1232" call_name="explorer.exe" call_time="10:30:59.053">
	<exInfo_list count="1">
		<exInfo value="WDCertM_CCB.exe" descr="被注入进程"/>
	</exInfo_list>
	</action>
 </action_list><action_list name="跨进程内存写入" level="3" descr="修改进程 WDKeyMonitorCCB.exe 的内存数据" times="0">
	<action field="start_boot" type="Memory" name="WriteRemoteMemory" call_pid="1232" call_name="explorer.exe" call_time="10:30:59.060">
	<exInfo_list count="1">
		<exInfo value="WDKeyMonitorCCB.exe" descr="目标进程"/>
	</exInfo_list>
	</action>
 </action_list><action_list name="创建远程线程" level="3" descr="注入 WDKeyMonitorCCB.exe 进程" times="0">
	<action field="start_boot" type="Process" name="CreateRemoteThread" call_pid="1232" call_name="explorer.exe" call_time="10:30:59.069">
	<exInfo_list count="1">
		<exInfo value="WDKeyMonitorCCB.exe" descr="被注入进程"/>
	</exInfo_list>
	</action>
 </action_list><action_list name="跨进程内存写入" level="3" descr="修改进程 wow.exe 的内存数据" times="0">
	<action field="start_boot" type="Memory" name="WriteRemoteMemory" call_pid="1232" call_name="explorer.exe" call_time="10:30:59.077">
	<exInfo_list count="1">
		<exInfo value="wow.exe" descr="目标进程"/>
	</exInfo_list>
	</action>
 </action_list><action_list name="创建远程线程" level="3" descr="注入 wow.exe 进程" times="0">
	<action field="start_boot" type="Process" name="CreateRemoteThread" call_pid="1232" call_name="explorer.exe" call_time="10:30:59.086">
	<exInfo_list count="1">
		<exInfo value="wow.exe" descr="被注入进程"/>
	</exInfo_list>
	</action>
 </action_list><action_list name="跨进程内存写入" level="3" descr="修改进程 zhudongfangyu.exe 的内存数据" times="0">
	<action field="start_boot" type="Memory" name="WriteRemoteMemory" call_pid="1232" call_name="explorer.exe" call_time="10:30:59.093">
	<exInfo_list count="1">
		<exInfo value="zhudongfangyu.exe" descr="目标进程"/>
	</exInfo_list>
	</action>
 </action_list><action_list name="创建远程线程" level="3" descr="注入 zhudongfangyu.exe 进程" times="0">
	<action field="start_boot" type="Process" name="CreateRemoteThread" call_pid="1232" call_name="explorer.exe" call_time="10:30:59.102">
	<exInfo_list count="1">
		<exInfo value="zhudongfangyu.exe" descr="被注入进程"/>
	</exInfo_list>
	</action>
 </action_list><action_list name="进程开始执行" level="1" descr="被 explorer.exe（ 1232）注入的进程开始执行" times="0">
	<action field="start_boot" type="Process" name="BeInjected" call_pid="1660" call_name="rstray.exe" call_time="10:30:59.135">
	<exInfo_list count="2">
		<exInfo value="explorer.exe" descr="父进程名"/>
		<exInfo value="1232" descr="父进程ID"/>
	</exInfo_list>
	</action>
 </action_list><action_list name="进程开始执行" level="1" descr="被 explorer.exe（ 1232）注入的进程开始执行" times="0">
	<action field="start_boot" type="Process" name="BeInjected" call_pid="1668" call_name="TaoBrowser.exe" call_time="10:30:59.167">
	<exInfo_list count="2">
		<exInfo value="explorer.exe" descr="父进程名"/>
		<exInfo value="1232" descr="父进程ID"/>
	</exInfo_list>
	</action>
 </action_list><action_list name="进程开始执行" level="1" descr="被 explorer.exe（ 1232）注入的进程开始执行" times="0">
	<action field="start_boot" type="Process" name="BeInjected" call_pid="1684" call_name="WDCertM_CCB.exe" call_time="10:30:59.199">
	<exInfo_list count="2">
		<exInfo value="explorer.exe" descr="父进程名"/>
		<exInfo value="1232" descr="父进程ID"/>
	</exInfo_list>
	</action>
 </action_list><action_list name="进程开始执行" level="1" descr="被 explorer.exe（ 1232）注入的进程开始执行" times="0">
	<action field="start_boot" type="Process" name="BeInjected" call_pid="1692" call_name="WDKeyMonitorCCB.exe" call_time="10:30:59.231">
	<exInfo_list count="2">
		<exInfo value="explorer.exe" descr="父进程名"/>
		<exInfo value="1232" descr="父进程ID"/>
	</exInfo_list>
	</action>
 </action_list><action_list name="进程开始执行" level="1" descr="被 explorer.exe（ 1232）注入的进程开始执行" times="0">
	<action field="start_boot" type="Process" name="BeInjected" call_pid="1700" call_name="wow.exe" call_time="10:30:59.263">
	<exInfo_list count="2">
		<exInfo value="explorer.exe" descr="父进程名"/>
		<exInfo value="1232" descr="父进程ID"/>
	</exInfo_list>
	</action>
 </action_list><action_list name="进程开始执行" level="1" descr="被 explorer.exe（ 1232）注入的进程开始执行" times="0">
	<action field="start_boot" type="Process" name="BeInjected" call_pid="1708" call_name="zhudongfangyu.exe" call_time="10:30:59.296">
	<exInfo_list count="2">
		<exInfo value="explorer.exe" descr="父进程名"/>
		<exInfo value="1232" descr="父进程ID"/>
	</exInfo_list>
	</action>
 </action_list><action_list name="跨进程内存写入" level="3" descr="修改进程 vaspostool.exe 的内存数据" times="0">
	<action field="start_boot" type="Memory" name="WriteRemoteMemory" call_pid="1232" call_name="explorer.exe" call_time="10:30:59.304">
	<exInfo_list count="1">
		<exInfo value="vaspostool.exe" descr="目标进程"/>
	</exInfo_list>
	</action>
 </action_list><action_list name="创建远程线程" level="3" descr="注入 vaspostool.exe 进程" times="0">
	<action field="start_boot" type="Process" name="CreateRemoteThread" call_pid="1232" call_name="explorer.exe" call_time="10:30:59.307">
	<exInfo_list count="1">
		<exInfo value="vaspostool.exe" descr="被注入进程"/>
	</exInfo_list>
	</action>
 </action_list><action_list name="检测分析环境" level="1" descr="通过 sleep(180s) 技术检测虚拟机或调试器，逃避分析与查杀" times="0">
	<action field="start_boot" type="System" name="DetectDebugger" call_pid="1056" call_name="reader_sl.exe" call_time="10:31:00.350">
	<exInfo_list count="1">
		<exInfo value="sleep(180s)" descr="技术手段"/>
	</exInfo_list>
	</action>
 </action_list><action_list name="设置注册表中键值" level="2" descr="设置注册表中键 \REGISTRY\USER\S-1-5-21-117609710-838170752-515967899-1003\SOFTWARE\MICROSOFT\WINDOWS\CURRENTVERSION\EXPLORER\SHELL FOLDERS 的值 AppData" times="0">
	<action field="start_boot" type="Reg" name="SetKeyValue" call_pid="1056" call_name="reader_sl.exe" call_time="10:31:05.885">
	<exInfo_list count="2">
		<exInfo value="\REGISTRY\USER\S-1-5-21-117609710-838170752-515967899-1003\SOFTWARE\MICROSOFT\WINDOWS\CURRENTVERSION\EXPLORER\SHELL FOLDERS" descr="键名"/>
		<exInfo value="AppData" descr="键值"/>
	</exInfo_list>
	</action>
 </action_list><action_list name="加载模块" level="1" descr="加载模块 HarddiskVolume1\WINDOWS\system32\setupapi.dll" times="0">
	<action field="start_boot" type="Memory" name="LoadLibrary" call_pid="1056" call_name="reader_sl.exe" call_time="10:31:05.957">
	<exInfo_list count="1">
		<exInfo value="HarddiskVolume1\WINDOWS\system32\setupapi.dll" descr="动态链接库"/>
	</exInfo_list>
	</action>
 </action_list><action_list name="变更权限" level="3" descr="改变进程的权限" times="0">
	<action field="start_boot" type="Process" name="AdjustPrivilege" call_pid="1056" call_name="reader_sl.exe" call_time="10:31:05.040">
	<exInfo_list count="0">
	</exInfo_list>
	</action>
 </action_list><action_list name="设置注册表中键值" level="2" descr="设置注册表中键 \REGISTRY\USER\S-1-5-21-117609710-838170752-515967899-1003\SOFTWARE\MICROSOFT\WINDOWS\CURRENTVERSION\EXPLORER\MOUNTPOINTS2\{05CFC942-435A-11E6-BABC-806D6172696F} 的值 BaseClass" times="0">
	<action field="start_boot" type="Reg" name="SetKeyValue" call_pid="1056" call_name="reader_sl.exe" call_time="10:31:05.084">
	<exInfo_list count="2">
		<exInfo value="\REGISTRY\USER\S-1-5-21-117609710-838170752-515967899-1003\SOFTWARE\MICROSOFT\WINDOWS\CURRENTVERSION\EXPLORER\MOUNTPOINTS2\{05CFC942-435A-11E6-BABC-806D6172696F}" descr="键名"/>
		<exInfo value="BaseClass" descr="键值"/>
	</exInfo_list>
	</action>
 </action_list><action_list name="设置注册表中键值" level="2" descr="设置注册表中键 \REGISTRY\USER\S-1-5-21-117609710-838170752-515967899-1003\SOFTWARE\MICROSOFT\WINDOWS\CURRENTVERSION\EXPLORER\MOUNTPOINTS2\{05CFC940-435A-11E6-BABC-806D6172696F} 的值 BaseClass" times="0">
	<action field="start_boot" type="Reg" name="SetKeyValue" call_pid="1056" call_name="reader_sl.exe" call_time="10:31:05.094">
	<exInfo_list count="2">
		<exInfo value="\REGISTRY\USER\S-1-5-21-117609710-838170752-515967899-1003\SOFTWARE\MICROSOFT\WINDOWS\CURRENTVERSION\EXPLORER\MOUNTPOINTS2\{05CFC940-435A-11E6-BABC-806D6172696F}" descr="键名"/>
		<exInfo value="BaseClass" descr="键值"/>
	</exInfo_list>
	</action>
 </action_list><action_list name="读取文件" level="1" descr="读取文件 HarddiskVolume1\Documents and Settings\xpuser\Application Data\desktop.ini" times="0">
	<action field="start_boot" type="File" name="ReadFile" call_pid="1056" call_name="reader_sl.exe" call_time="10:31:05.170">
	<exInfo_list count="1">
		<exInfo value="HarddiskVolume1\Documents and Settings\xpuser\Application Data\desktop.ini" descr="文件路径"/>
	</exInfo_list>
	</action>
 </action_list><action_list name="程序退出" level="-1" descr="reader_sl.exe 退出" times="0">
	<action field="start_boot" type="Process" name="TerminateProcess" call_pid="1056" call_name="reader_sl.exe" call_time="10:31:06.852">
	<exInfo_list count="1">
		<exInfo value="reader_sl.exe" descr="结束进程名"/>
	</exInfo_list>
	</action>
 </action_list><action_list name="检测分析环境" level="1" descr="通过 DiskOperation 技术检测虚拟机或调试器，逃避分析与查杀" times="0">
	<action field="start_boot" type="System" name="DetectDebugger" call_pid="1232" call_name="explorer.exe" call_time="10:31:07.027">
	<exInfo_list count="1">
		<exInfo value="DiskOperation" descr="技术手段"/>
	</exInfo_list>
	</action>
 </action_list><action_list name="检测分析环境" level="1" descr="通过 sleep(60s) 技术检测虚拟机或调试器，逃避分析与查杀" times="0">
	<action field="start_boot" type="System" name="DetectDebugger" call_pid="1232" call_name="explorer.exe" call_time="10:31:11.712">
	<exInfo_list count="1">
		<exInfo value="sleep(60s)" descr="技术手段"/>
	</exInfo_list>
	</action>
 </action_list><action_list name="检测分析环境" level="1" descr="通过 sleep(59s) 技术检测虚拟机或调试器，逃避分析与查杀" times="0">
	<action field="start_boot" type="System" name="DetectDebugger" call_pid="1232" call_name="explorer.exe" call_time="10:31:12.678">
	<exInfo_list count="1">
		<exInfo value="sleep(59s)" descr="技术手段"/>
	</exInfo_list>
	</action>
 </action_list><action_list name="检测分析环境" level="1" descr="通过 sleep(58s) 技术检测虚拟机或调试器，逃避分析与查杀" times="0">
	<action field="start_boot" type="System" name="DetectDebugger" call_pid="1232" call_name="explorer.exe" call_time="10:31:13.191">
	<exInfo_list count="1">
		<exInfo value="sleep(58s)" descr="技术手段"/>
	</exInfo_list>
	</action>
 </action_list><action_list name="检测分析环境" level="1" descr="通过 sleep(57s) 技术检测虚拟机或调试器，逃避分析与查杀" times="0">
	<action field="start_boot" type="System" name="DetectDebugger" call_pid="1232" call_name="explorer.exe" call_time="10:31:14.775">
	<exInfo_list count="1">
		<exInfo value="sleep(57s)" descr="技术手段"/>
	</exInfo_list>
	</action>
 </action_list><action_list name="检测分析环境" level="1" descr="通过 sleep(56s) 技术检测虚拟机或调试器，逃避分析与查杀" times="0">
	<action field="start_boot" type="System" name="DetectDebugger" call_pid="1232" call_name="explorer.exe" call_time="10:31:15.409">
	<exInfo_list count="1">
		<exInfo value="sleep(56s)" descr="技术手段"/>
	</exInfo_list>
	</action>
 </action_list><action_list name="遍历进程列表" level="3" descr="病毒木马通常会通过遍历系统进程列表，查找是否有需要关闭的进程" times="0">
	<action field="start_boot" type="Process" name="TraverseProcess" call_pid="1232" call_name="explorer.exe" call_time="10:31:15.772">
	<exInfo_list count="0">
	</exInfo_list>
	</action>
 </action_list><action_list name="加载模块" level="1" descr="加载模块 HarddiskVolume1\WINDOWS\system32\rasadhlp.dll" times="0">
	<action field="start_boot" type="Memory" name="LoadLibrary" call_pid="1232" call_name="explorer.exe" call_time="10:31:15.472">
	<exInfo_list count="1">
		<exInfo value="HarddiskVolume1\WINDOWS\system32\rasadhlp.dll" descr="动态链接库"/>
	</exInfo_list>
	</action>
 </action_list><action_list name="域名查询" level="3" descr="查询域名信息：recdataoneveter.cc" times="0">
	<action field="start_boot" type="Network" name="QueryDNS" call_pid="1232" call_name="explorer.exe" call_time="10:30:59.950">
	<exInfo_list count="1">
		<exInfo value="recdataoneveter.cc" descr="请求DNS名"/>
	</exInfo_list>
	</action>
 </action_list><action_list name="检测分析环境" level="1" descr="通过 sleep(55s) 技术检测虚拟机或调试器，逃避分析与查杀" times="0">
	<action field="start_boot" type="System" name="DetectDebugger" call_pid="1232" call_name="explorer.exe" call_time="10:31:16.283">
	<exInfo_list count="1">
		<exInfo value="sleep(55s)" descr="技术手段"/>
	</exInfo_list>
	</action>
 </action_list><action_list name="检测分析环境" level="1" descr="通过 sleep(54s) 技术检测虚拟机或调试器，逃避分析与查杀" times="0">
	<action field="start_boot" type="System" name="DetectDebugger" call_pid="1232" call_name="explorer.exe" call_time="10:31:17.106">
	<exInfo_list count="1">
		<exInfo value="sleep(54s)" descr="技术手段"/>
	</exInfo_list>
	</action>
 </action_list><action_list name="检测分析环境" level="1" descr="通过 sleep(53s) 技术检测虚拟机或调试器，逃避分析与查杀" times="0">
	<action field="start_boot" type="System" name="DetectDebugger" call_pid="1232" call_name="explorer.exe" call_time="10:31:18.073">
	<exInfo_list count="1">
		<exInfo value="sleep(53s)" descr="技术手段"/>
	</exInfo_list>
	</action>
 </action_list><action_list name="检测分析环境" level="1" descr="通过 sleep(52s) 技术检测虚拟机或调试器，逃避分析与查杀" times="0">
	<action field="start_boot" type="System" name="DetectDebugger" call_pid="1232" call_name="explorer.exe" call_time="10:31:19.921">
	<exInfo_list count="1">
		<exInfo value="sleep(52s)" descr="技术手段"/>
	</exInfo_list>
	</action>
 </action_list><action_list name="遍历进程列表" level="3" descr="病毒木马通常会通过遍历系统进程列表，查找是否有需要关闭的进程" times="0">
	<action field="start_boot" type="Process" name="TraverseProcess" call_pid="1232" call_name="explorer.exe" call_time="10:31:19.390">
	<exInfo_list count="0">
	</exInfo_list>
	</action>
 </action_list><action_list name="检测分析环境" level="1" descr="通过 sleep(51s) 技术检测虚拟机或调试器，逃避分析与查杀" times="0">
	<action field="start_boot" type="System" name="DetectDebugger" call_pid="1232" call_name="explorer.exe" call_time="10:31:20.768">
	<exInfo_list count="1">
		<exInfo value="sleep(51s)" descr="技术手段"/>
	</exInfo_list>
	</action>
 </action_list><action_list name="检测分析环境" level="1" descr="通过 sleep(50s) 技术检测虚拟机或调试器，逃避分析与查杀" times="0">
	<action field="start_boot" type="System" name="DetectDebugger" call_pid="1232" call_name="explorer.exe" call_time="10:31:21.614">
	<exInfo_list count="1">
		<exInfo value="sleep(50s)" descr="技术手段"/>
	</exInfo_list>
	</action>
 </action_list><action_list name="遍历进程列表" level="3" descr="病毒木马通常会通过遍历系统进程列表，查找是否有需要关闭的进程" times="0">
	<action field="start_boot" type="Process" name="TraverseProcess" call_pid="1232" call_name="explorer.exe" call_time="10:31:22.885">
	<exInfo_list count="0">
	</exInfo_list>
	</action>
 </action_list><action_list name="检测分析环境" level="1" descr="通过 sleep(49s) 技术检测虚拟机或调试器，逃避分析与查杀" times="0">
	<action field="start_boot" type="System" name="DetectDebugger" call_pid="1232" call_name="explorer.exe" call_time="10:31:22.367">
	<exInfo_list count="1">
		<exInfo value="sleep(49s)" descr="技术手段"/>
	</exInfo_list>
	</action>
 </action_list><action_list name="检测分析环境" level="1" descr="通过 sleep(48s) 技术检测虚拟机或调试器，逃避分析与查杀" times="0">
	<action field="start_boot" type="System" name="DetectDebugger" call_pid="1232" call_name="explorer.exe" call_time="10:31:23.214">
	<exInfo_list count="1">
		<exInfo value="sleep(48s)" descr="技术手段"/>
	</exInfo_list>
	</action>
 </action_list><action_list name="检测分析环境" level="1" descr="通过 sleep(47s) 技术检测虚拟机或调试器，逃避分析与查杀" times="0">
	<action field="start_boot" type="System" name="DetectDebugger" call_pid="1232" call_name="explorer.exe" call_time="10:31:24.915">
	<exInfo_list count="1">
		<exInfo value="sleep(47s)" descr="技术手段"/>
	</exInfo_list>
	</action>
 </action_list><action_list name="遍历进程列表" level="3" descr="病毒木马通常会通过遍历系统进程列表，查找是否有需要关闭的进程" times="0">
	<action field="start_boot" type="Process" name="TraverseProcess" call_pid="1232" call_name="explorer.exe" call_time="10:31:24.304">
	<exInfo_list count="0">
	</exInfo_list>
	</action>
 </action_list><action_list name="检测分析环境" level="1" descr="通过 sleep(46s) 技术检测虚拟机或调试器，逃避分析与查杀" times="0">
	<action field="start_boot" type="System" name="DetectDebugger" call_pid="1232" call_name="explorer.exe" call_time="10:31:25.761">
	<exInfo_list count="1">
		<exInfo value="sleep(46s)" descr="技术手段"/>
	</exInfo_list>
	</action>
 </action_list><action_list name="遍历进程列表" level="3" descr="病毒木马通常会通过遍历系统进程列表，查找是否有需要关闭的进程" times="0">
	<action field="start_boot" type="Process" name="TraverseProcess" call_pid="1232" call_name="explorer.exe" call_time="10:31:26.074">
	<exInfo_list count="0">
	</exInfo_list>
	</action>
 </action_list><action_list name="检测分析环境" level="1" descr="通过 sleep(45s) 技术检测虚拟机或调试器，逃避分析与查杀" times="0">
	<action field="start_boot" type="System" name="DetectDebugger" call_pid="1232" call_name="explorer.exe" call_time="10:31:26.396">
	<exInfo_list count="1">
		<exInfo value="sleep(45s)" descr="技术手段"/>
	</exInfo_list>
	</action>
 </action_list><action_list name="检测分析环境" level="1" descr="通过 sleep(44s) 技术检测虚拟机或调试器，逃避分析与查杀" times="0">
	<action field="start_boot" type="System" name="DetectDebugger" call_pid="1232" call_name="explorer.exe" call_time="10:31:27.124">
	<exInfo_list count="1">
		<exInfo value="sleep(44s)" descr="技术手段"/>
	</exInfo_list>
	</action>
 </action_list><action_list name="检测分析环境" level="1" descr="通过 sleep(43s) 技术检测虚拟机或调试器，逃避分析与查杀" times="0">
	<action field="start_boot" type="System" name="DetectDebugger" call_pid="1232" call_name="explorer.exe" call_time="10:31:28.850">
	<exInfo_list count="1">
		<exInfo value="sleep(43s)" descr="技术手段"/>
	</exInfo_list>
	</action>
 </action_list><action_list name="遍历进程列表" level="3" descr="病毒木马通常会通过遍历系统进程列表，查找是否有需要关闭的进程" times="0">
	<action field="start_boot" type="Process" name="TraverseProcess" call_pid="1232" call_name="explorer.exe" call_time="10:31:29.535">
	<exInfo_list count="0">
	</exInfo_list>
	</action>
 </action_list><action_list name="检测分析环境" level="1" descr="通过 sleep(42s) 技术检测虚拟机或调试器，逃避分析与查杀" times="0">
	<action field="start_boot" type="System" name="DetectDebugger" call_pid="1232" call_name="explorer.exe" call_time="10:31:29.579">
	<exInfo_list count="1">
		<exInfo value="sleep(42s)" descr="技术手段"/>
	</exInfo_list>
	</action>
 </action_list><action_list name="检测分析环境" level="1" descr="通过 sleep(41s) 技术检测虚拟机或调试器，逃避分析与查杀" times="0">
	<action field="start_boot" type="System" name="DetectDebugger" call_pid="1232" call_name="explorer.exe" call_time="10:31:30.521">
	<exInfo_list count="1">
		<exInfo value="sleep(41s)" descr="技术手段"/>
	</exInfo_list>
	</action>
 </action_list><action_list name="检测分析环境" level="1" descr="通过 sleep(40s) 技术检测虚拟机或调试器，逃避分析与查杀" times="0">
	<action field="start_boot" type="System" name="DetectDebugger" call_pid="1232" call_name="explorer.exe" call_time="10:31:31.128">
	<exInfo_list count="1">
		<exInfo value="sleep(40s)" descr="技术手段"/>
	</exInfo_list>
	</action>
 </action_list><action_list name="遍历进程列表" level="3" descr="病毒木马通常会通过遍历系统进程列表，查找是否有需要关闭的进程" times="0">
	<action field="start_boot" type="Process" name="TraverseProcess" call_pid="1232" call_name="explorer.exe" call_time="10:31:31.396">
	<exInfo_list count="0">
	</exInfo_list>
	</action>
 </action_list><action_list name="域名查询" level="3" descr="查询域名信息：recdataoneveter.cc" times="0">
	<action field="start_boot" type="Network" name="QueryDNS" call_pid="1232" call_name="explorer.exe" call_time="10:31:16.247">
	<exInfo_list count="1">
		<exInfo value="recdataoneveter.cc" descr="请求DNS名"/>
	</exInfo_list>
	</action>
 </action_list><action_list name="遍历进程列表" level="3" descr="病毒木马通常会通过遍历系统进程列表，查找是否有需要关闭的进程" times="0">
	<action field="start_boot" type="Process" name="TraverseProcess" call_pid="1232" call_name="explorer.exe" call_time="10:31:32.208">
	<exInfo_list count="0">
	</exInfo_list>
	</action>
 </action_list><action_list name="检测分析环境" level="1" descr="通过 sleep(39s) 技术检测虚拟机或调试器，逃避分析与查杀" times="0">
	<action field="start_boot" type="System" name="DetectDebugger" call_pid="1232" call_name="explorer.exe" call_time="10:31:32.984">
	<exInfo_list count="1">
		<exInfo value="sleep(39s)" descr="技术手段"/>
	</exInfo_list>
	</action>
 </action_list><action_list name="检测分析环境" level="1" descr="通过 sleep(38s) 技术检测虚拟机或调试器，逃避分析与查杀" times="0">
	<action field="start_boot" type="System" name="DetectDebugger" call_pid="1232" call_name="explorer.exe" call_time="10:31:33.858">
	<exInfo_list count="1">
		<exInfo value="sleep(38s)" descr="技术手段"/>
	</exInfo_list>
	</action>
 </action_list><action_list name="检测分析环境" level="1" descr="通过 sleep(37s) 技术检测虚拟机或调试器，逃避分析与查杀" times="0">
	<action field="start_boot" type="System" name="DetectDebugger" call_pid="1232" call_name="explorer.exe" call_time="10:31:34.440">
	<exInfo_list count="1">
		<exInfo value="sleep(37s)" descr="技术手段"/>
	</exInfo_list>
	</action>
 </action_list><action_list name="遍历进程列表" level="3" descr="病毒木马通常会通过遍历系统进程列表，查找是否有需要关闭的进程" times="0">
	<action field="start_boot" type="Process" name="TraverseProcess" call_pid="1232" call_name="explorer.exe" call_time="10:31:34.189">
	<exInfo_list count="0">
	</exInfo_list>
	</action>
 </action_list><action_list name="检测分析环境" level="1" descr="通过 sleep(36s) 技术检测虚拟机或调试器，逃避分析与查杀" times="0">
	<action field="start_boot" type="System" name="DetectDebugger" call_pid="1232" call_name="explorer.exe" call_time="10:31:35.194">
	<exInfo_list count="1">
		<exInfo value="sleep(36s)" descr="技术手段"/>
	</exInfo_list>
	</action>
 </action_list><action_list name="检测分析环境" level="1" descr="通过 sleep(35s) 技术检测虚拟机或调试器，逃避分析与查杀" times="0">
	<action field="start_boot" type="System" name="DetectDebugger" call_pid="1232" call_name="explorer.exe" call_time="10:31:36.922">
	<exInfo_list count="1">
		<exInfo value="sleep(35s)" descr="技术手段"/>
	</exInfo_list>
	</action>
 </action_list><action_list name="遍历进程列表" level="3" descr="病毒木马通常会通过遍历系统进程列表，查找是否有需要关闭的进程" times="0">
	<action field="start_boot" type="Process" name="TraverseProcess" call_pid="1232" call_name="explorer.exe" call_time="10:31:36.405">
	<exInfo_list count="0">
	</exInfo_list>
	</action>
 </action_list><action_list name="检测分析环境" level="1" descr="通过 sleep(34s) 技术检测虚拟机或调试器，逃避分析与查杀" times="0">
	<action field="start_boot" type="System" name="DetectDebugger" call_pid="1232" call_name="explorer.exe" call_time="10:31:37.650">
	<exInfo_list count="1">
		<exInfo value="sleep(34s)" descr="技术手段"/>
	</exInfo_list>
	</action>
 </action_list><action_list name="检测分析环境" level="1" descr="通过 sleep(33s) 技术检测虚拟机或调试器，逃避分析与查杀" times="0">
	<action field="start_boot" type="System" name="DetectDebugger" call_pid="1232" call_name="explorer.exe" call_time="10:31:38.379">
	<exInfo_list count="1">
		<exInfo value="sleep(33s)" descr="技术手段"/>
	</exInfo_list>
	</action>
 </action_list><action_list name="检测分析环境" level="1" descr="通过 sleep(32s) 技术检测虚拟机或调试器，逃避分析与查杀" times="0">
	<action field="start_boot" type="System" name="DetectDebugger" call_pid="1232" call_name="explorer.exe" call_time="10:31:39.321">
	<exInfo_list count="1">
		<exInfo value="sleep(32s)" descr="技术手段"/>
	</exInfo_list>
	</action>
 </action_list><action_list name="检测分析环境" level="1" descr="通过 sleep(31s) 技术检测虚拟机或调试器，逃避分析与查杀" times="0">
	<action field="start_boot" type="System" name="DetectDebugger" call_pid="1232" call_name="explorer.exe" call_time="10:31:40.050">
	<exInfo_list count="1">
		<exInfo value="sleep(31s)" descr="技术手段"/>
	</exInfo_list>
	</action>
 </action_list><action_list name="检测分析环境" level="1" descr="通过 sleep(30s) 技术检测虚拟机或调试器，逃避分析与查杀" times="0">
	<action field="start_boot" type="System" name="DetectDebugger" call_pid="1232" call_name="explorer.exe" call_time="10:31:41.781">
	<exInfo_list count="1">
		<exInfo value="sleep(30s)" descr="技术手段"/>
	</exInfo_list>
	</action>
 </action_list><action_list name="检测分析环境" level="1" descr="通过 sleep(29s) 技术检测虚拟机或调试器，逃避分析与查杀" times="0">
	<action field="start_boot" type="System" name="DetectDebugger" call_pid="1232" call_name="explorer.exe" call_time="10:31:42.536">
	<exInfo_list count="1">
		<exInfo value="sleep(29s)" descr="技术手段"/>
	</exInfo_list>
	</action>
 </action_list><action_list name="检测分析环境" level="1" descr="通过 sleep(28s) 技术检测虚拟机或调试器，逃避分析与查杀" times="0">
	<action field="start_boot" type="System" name="DetectDebugger" call_pid="1232" call_name="explorer.exe" call_time="10:31:43.265">
	<exInfo_list count="1">
		<exInfo value="sleep(28s)" descr="技术手段"/>
	</exInfo_list>
	</action>
 </action_list><action_list name="检测分析环境" level="1" descr="通过 sleep(27s) 技术检测虚拟机或调试器，逃避分析与查杀" times="0">
	<action field="start_boot" type="System" name="DetectDebugger" call_pid="1232" call_name="explorer.exe" call_time="10:31:44.088">
	<exInfo_list count="1">
		<exInfo value="sleep(27s)" descr="技术手段"/>
	</exInfo_list>
	</action>
 </action_list><action_list name="检测分析环境" level="1" descr="通过 sleep(26s) 技术检测虚拟机或调试器，逃避分析与查杀" times="0">
	<action field="start_boot" type="System" name="DetectDebugger" call_pid="1232" call_name="explorer.exe" call_time="10:31:45.056">
	<exInfo_list count="1">
		<exInfo value="sleep(26s)" descr="技术手段"/>
	</exInfo_list>
	</action>
 </action_list><action_list name="检测分析环境" level="1" descr="通过 sleep(25s) 技术检测虚拟机或调试器，逃避分析与查杀" times="0">
	<action field="start_boot" type="System" name="DetectDebugger" call_pid="1232" call_name="explorer.exe" call_time="10:31:46.665">
	<exInfo_list count="1">
		<exInfo value="sleep(25s)" descr="技术手段"/>
	</exInfo_list>
	</action>
 </action_list><action_list name="域名查询" level="3" descr="查询域名信息：recdataoneveter.cc" times="0">
	<action field="start_boot" type="Network" name="QueryDNS" call_pid="1232" call_name="explorer.exe" call_time="10:31:32.346">
	<exInfo_list count="1">
		<exInfo value="recdataoneveter.cc" descr="请求DNS名"/>
	</exInfo_list>
	</action>
 </action_list><action_list name="检测分析环境" level="1" descr="通过 sleep(24s) 技术检测虚拟机或调试器，逃避分析与查杀" times="0">
	<action field="start_boot" type="System" name="DetectDebugger" call_pid="1232" call_name="explorer.exe" call_time="10:31:47.520">
	<exInfo_list count="1">
		<exInfo value="sleep(24s)" descr="技术手段"/>
	</exInfo_list>
	</action>
 </action_list><action_list name="检测分析环境" level="1" descr="通过 sleep(23s) 技术检测虚拟机或调试器，逃避分析与查杀" times="0">
	<action field="start_boot" type="System" name="DetectDebugger" call_pid="1232" call_name="explorer.exe" call_time="10:31:48.395">
	<exInfo_list count="1">
		<exInfo value="sleep(23s)" descr="技术手段"/>
	</exInfo_list>
	</action>
 </action_list><action_list name="检测分析环境" level="1" descr="通过 sleep(22s) 技术检测虚拟机或调试器，逃避分析与查杀" times="0">
	<action field="start_boot" type="System" name="DetectDebugger" call_pid="1232" call_name="explorer.exe" call_time="10:31:49.099">
	<exInfo_list count="1">
		<exInfo value="sleep(22s)" descr="技术手段"/>
	</exInfo_list>
	</action>
 </action_list><action_list name="检测分析环境" level="1" descr="通过 sleep(21s) 技术检测虚拟机或调试器，逃避分析与查杀" times="0">
	<action field="start_boot" type="System" name="DetectDebugger" call_pid="1232" call_name="explorer.exe" call_time="10:31:50.947">
	<exInfo_list count="1">
		<exInfo value="sleep(21s)" descr="技术手段"/>
	</exInfo_list>
	</action>
 </action_list><action_list name="检测分析环境" level="1" descr="通过 sleep(20s) 技术检测虚拟机或调试器，逃避分析与查杀" times="0">
	<action field="start_boot" type="System" name="DetectDebugger" call_pid="1232" call_name="explorer.exe" call_time="10:31:51.701">
	<exInfo_list count="1">
		<exInfo value="sleep(20s)" descr="技术手段"/>
	</exInfo_list>
	</action>
 </action_list><action_list name="分析结束" level="-1" descr="动态分析结束" times="0">
	<action field="start_boot" type="System" name="AnalyzeStop" call_pid="0" call_name="" call_time="10:31:52.187">
	<exInfo_list count="0">
	</exInfo_list>
	</action>
 </action_list></file>