<?xml version="1.0" encoding="UTF-8"?> 

<file name="1.exe" 文件扩展名信息="  描述：Directly executable program   使用信息: DOS, OpenVMS, Microsoft Windows, Symbian or OS/2" sha1="3975952213e217d57eaf66c87c63295d1ae5326b" md5="b832e3d20a8460dee2d4aa0e883f871f" CRC32="25fcd277" SSDEEP="6144:IasgriKCuvmqy8Bc1KKK0SO6gs3SwGHN2TSt1:Ias2vm/8oKKKh7vSB3t1" ImportHash="8ecaf239b93c73e1a13383d52c2073be" size="294912" type="exe" error="0" virusresult="" vp_name="klo07" reportType="final" exiftool="File Name                       : 1.exe--list--File Size                       : 288 kB--list--File Modification Date/Time     : 2020:01:16 11:07:10+08:00--list--File Access Date/Time           : 2020:01:16 11:07:10+08:00--list--File Inode Change Date/Time     : 2020:01:16 11:07:10+08:00--list--File Type                       : Win32 EXE--list--File Type Extension             : exe--list--MIME Type                       : application/octet-stream--list--Machine Type                    : Intel 386 or later, and compatibles--list--Time Stamp                      : 2014:05:06 18:08:47+08:00--list--PE Type                         : PE32--list--Linker Version                  : 12.0--list--Code Size                       : 126976--list--Initialized Data Size           : 190464--list--Uninitialized Data Size         : 0--list--Entry Point                     : 0x80c7--list--OS Version                      : 6.0--list--Image Version                   : 0.0--list--Subsystem Version               : 6.0--list--Subsystem                       : Windows GUI--list--File Version Number             : 3.0.48.78--list--Product Version Number          : 3.0.48.78--list--File Flags Mask                 : 0x0000--list--File Flags                      : (none)--list--File OS                         : Windows NT 32-bit--list--Object File Type                : Executable application--list--File Subtype                    : 0--list--Language Code                   : English (U.S.)--list--Character Set                   : Windows, Latin1--list--Company Name                    : ABIS Condition--list--File Description                : ABIS Catch Blue--list--File Version                    : 3.0.48.78--list--Internal Name                   : yourecord.exe--list--Legal Copyright                 : Copyright (c) ABIS, 2014. All rights reserved--list--Legal Trademarks                : ABIS--list--Original File Name              : yourecord.exe--list--Product Name                    : ABIS Separate--list--Product Version                 : 3.0.48.78--list--" system="winxp" peinfo="加壳信息 :  未发现加壳--list--文件熵 :  6.818712 (正常)--list--fpu反调试 :  未检测到--list--载入地址 :  正常的载入点--list--代码入口信息 :  正常的入口--list--DOS stub : :  正常--list--TLS表信息 :  未发现--list--段信息 :  5--list--代码段 :  未见异常--list--只读数据段 :  未见异常--list--数据段 :  未见异常--list--资源段 :  未见异常--list--重定位段 :  未见异常--list--时间戳 :  未见异常--list--ASLR ：  开启--list--DEP/NX ：  开启--list--SEH ：  开启" AI_Scan="1" filetype="PE32 executable (GUI) Intel 80386, for MS Windows"><action_list name="分析开始" level="-1" descr="动态分析开始" times="0">
	<action field="start_boot" type="System" name="AnalyzeStart" call_pid="0" call_name="" call_time="11:07:30.000">
	<exInfo_list count="0">
	</exInfo_list>
	</action>
 </action_list><action_list name="分析引擎信息" level="-1" descr="12.6, 40, 2020-01-16_11:07:25==2020-01-16_11:07:30" times="0">
	<action field="start_boot" type="System" name="VasInfo" call_pid="0" call_name="" call_time="11:07:30.001">
	<exInfo_list count="3">
		<exInfo value="12.6" descr="分析引擎版本"/>
		<exInfo value="40" descr="最大并发数量"/>
		<exInfo value="2020-01-16_11:07:25==2020-01-16_11:07:30" descr="镜像加载耗时"/>
	</exInfo_list>
	</action>
 </action_list><action_list name="进程开始执行" level="1" descr="被 vasstarter.exe（1676）创建的进程开始执行" times="0">
	<action field="start_boot" type="Process" name="BeCreated" call_pid="208" call_name="vaslauncher.exe" call_time="11:07:30.002">
	<exInfo_list count="2">
		<exInfo value="vasstarter.exe" descr="父进程名"/>
		<exInfo value="1676" descr="父进程ID"/>
	</exInfo_list>
	</action>
 </action_list><action_list name="进程开始执行" level="1" descr="被 vasstarter.exe（1676）通过参数 D:\vaslauncher.exe 以 direct 方式创建的进程开始执行" times="0">
	<action field="start_boot" type="Process" name="BeCreatedEx" call_pid="208" call_name="vaslauncher.exe" call_time="11:07:30.003">
	<exInfo_list count="4">
		<exInfo value="vasstarter.exe" descr="父进程名"/>
		<exInfo value="1676" descr="父进程ID"/>
		<exInfo value="D:\vaslauncher.exe" descr="启动参数"/>
		<exInfo value="direct" descr="创建方式"/>
	</exInfo_list>
	</action>
 </action_list><action_list name="样本打开异常" level="2" descr="分析环境与样本格式不匹配" times="0">
	<action field="start_boot" type="Process" name="BadPeFormat" call_pid="0" call_name="0" call_time="0">
	<exInfo_list count="0">
	</exInfo_list>
	</action>
 </action_list><action_list name="分析结束" level="-1" descr="动态分析结束" times="0">
	<action field="start_boot" type="System" name="AnalyzeStop" call_pid="0" call_name="" call_time="11:08:30.004">
	<exInfo_list count="0">
	</exInfo_list>
	</action>
 </action_list></file>