<?xml version="1.0" encoding="UTF-8"?> 

<file name="1.exe" 文件扩展名信息="  描述：Directly executable program   使用信息: DOS, OpenVMS, Microsoft Windows, Symbian or OS/2" sha1="e9211b8bdeb587d56e2c8d352ba609a3692d2c56" md5="58f02cba07e59c4e9289e4fd712da8da" CRC32="e9c30407" SSDEEP="24576:iAQoDefT6HesrQrSDZhyZ+aan+mMfqZaRf4KkAg4vLr9QmVCxB7Yx1rvKE:iAcGHC2ZUZ+umWeahNLJpVCsrCE" ImportHash="09965c276d620e5917bed399e0fe50ac" size="1372162" type="exe" error="0" virusresult="Trojan.Win32.Autoit.cbh,Trojan.Win32.SelfDel.boav," vp_name="klo07" reportType="final" exiftool="File Name                       : 1.exe--list--File Size                       : 1340 kB--list--File Modification Date/Time     : 2020:01:17 19:26:58+08:00--list--File Access Date/Time           : 2020:01:17 19:26:58+08:00--list--File Inode Change Date/Time     : 2020:01:17 19:26:58+08:00--list--File Type                       : Win64 EXE--list--File Type Extension             : exe--list--MIME Type                       : application/octet-stream--list--Machine Type                    : AMD AMD64--list--Time Stamp                      : 2012:01:30 05:32:45+08:00--list--PE Type                         : PE32+--list--Linker Version                  : 10.0--list--Code Size                       : 596992--list--Initialized Data Size           : 175104--list--Uninitialized Data Size         : 0--list--Entry Point                     : 0x1a53c--list--OS Version                      : 5.2--list--Image Version                   : 0.0--list--Subsystem Version               : 5.2--list--Subsystem                       : Windows GUI--list--File Version Number             : 3.3.8.1--list--Product Version Number          : 3.3.8.1--list--File Flags Mask                 : 0x0017--list--File Flags                      : (none)--list--File OS                         : Win32--list--Object File Type                : Unknown--list--File Subtype                    : 0--list--Language Code                   : English (British)--list--Character Set                   : Unicode--list--File Description                : --list--File Version                    : 3, 3, 8, 1--list--Compiled Script                 : AutoIt v3 Script: 3, 3, 8, 1--list--" system="win7x64" peinfo="加壳信息 :  未发现加壳--list--文件熵 :  7.357616 (可能存在加壳)--list--fpu反调试 :  未检测到--list--载入地址 :  可疑的载入点--list--代码入口信息 :  正常的入口--list--DOS stub : :  正常--list--TLS表信息 :  未发现--list--段信息 :  7--list--代码段 :  未见异常--list--只读数据段 :  未见异常--list--数据段 :  未见异常--list--.pdata 未见异常--list--text 可疑的名称--list--data 可疑的名称--list--资源段 :  未见异常--list--时间戳 :  未见异常--list--ASLR ：  未开启--list--DEP/NX ：  开启--list--SEH ：  开启" AI_Scan="0" filetype="PE32+ executable (GUI) x86-64, for MS Windows"><action_list name="分析开始" level="-1" descr="动态分析开始" times="0">
	<action field="start_boot" type="System" name="AnalyzeStart" call_pid="0" call_name="" call_time="19:27:41.000">
	<exInfo_list count="0">
	</exInfo_list>
	</action>
 </action_list><action_list name="分析引擎信息" level="-1" descr="12.6, 40, 2020-01-17_19:27:18==2020-01-17_19:27:41" times="0">
	<action field="start_boot" type="System" name="VasInfo" call_pid="0" call_name="" call_time="19:27:41.001">
	<exInfo_list count="3">
		<exInfo value="12.6" descr="分析引擎版本"/>
		<exInfo value="40" descr="最大并发数量"/>
		<exInfo value="2020-01-17_19:27:18==2020-01-17_19:27:41" descr="镜像加载耗时"/>
	</exInfo_list>
	</action>
 </action_list><action_list name="进程开始执行" level="1" descr="被 vasstarter.exe（1348）创建的进程开始执行" times="0">
	<action field="start_boot" type="Process" name="BeCreated" call_pid="812" call_name="vaslauncher.exe" call_time="19:27:44.002">
	<exInfo_list count="2">
		<exInfo value="vasstarter.exe" descr="父进程名"/>
		<exInfo value="1348" descr="父进程ID"/>
	</exInfo_list>
	</action>
 </action_list><action_list name="进程开始执行" level="1" descr="被 vasstarter.exe（1348）通过参数 D:\vaslauncher.exe 以 direct 方式创建的进程开始执行" times="0">
	<action field="start_boot" type="Process" name="BeCreatedEx" call_pid="812" call_name="vaslauncher.exe" call_time="19:27:44.003">
	<exInfo_list count="4">
		<exInfo value="vasstarter.exe" descr="父进程名"/>
		<exInfo value="1348" descr="父进程ID"/>
		<exInfo value="D:\vaslauncher.exe" descr="启动参数"/>
		<exInfo value="direct" descr="创建方式"/>
	</exInfo_list>
	</action>
 </action_list><action_list name="进程开始执行" level="1" descr="被 vaslauncher.ex（812）创建的进程开始执行" times="0">
	<action field="start_boot" type="Process" name="BeCreated" call_pid="2020" call_name="1.exe" call_time="19:27:52.004">
	<exInfo_list count="2">
		<exInfo value="vaslauncher.ex" descr="父进程名"/>
		<exInfo value="812" descr="父进程ID"/>
	</exInfo_list>
	</action>
 </action_list><action_list name="进程开始执行" level="1" descr="被 vaslauncher.ex（812）通过参数 &quot;C:\vastest\1.exe&quot;  以 direct 方式创建的进程开始执行" times="0">
	<action field="start_boot" type="Process" name="BeCreatedEx" call_pid="2020" call_name="1.exe" call_time="19:27:52.005">
	<exInfo_list count="4">
		<exInfo value="vaslauncher.ex" descr="父进程名"/>
		<exInfo value="812" descr="父进程ID"/>
		<exInfo value="&quot;C:\vastest\1.exe&quot; " descr="启动参数"/>
		<exInfo value="direct" descr="创建方式"/>
	</exInfo_list>
	</action>
 </action_list><action_list name="加载模块" level="1" descr="加载模块 HarddiskVolume2\Windows\System32\kernel32.dll" times="0">
	<action field="start_boot" type="Memory" name="LoadLibrary" call_pid="2020" call_name="1.exe" call_time="19:27:52.006">
	<exInfo_list count="1">
		<exInfo value="HarddiskVolume2\Windows\System32\kernel32.dll" descr="动态链接库"/>
	</exInfo_list>
	</action>
 </action_list><action_list name="加载模块" level="1" descr="加载模块 HarddiskVolume2\Windows\System32\KernelBase.dll" times="0">
	<action field="start_boot" type="Memory" name="LoadLibrary" call_pid="2020" call_name="1.exe" call_time="19:27:52.010">
	<exInfo_list count="1">
		<exInfo value="HarddiskVolume2\Windows\System32\KernelBase.dll" descr="动态链接库"/>
	</exInfo_list>
	</action>
 </action_list><action_list name="加载模块" level="1" descr="加载模块 HarddiskVolume2\Windows\System32\wsock32.dll" times="0">
	<action field="start_boot" type="Memory" name="LoadLibrary" call_pid="2020" call_name="1.exe" call_time="19:27:53.021">
	<exInfo_list count="1">
		<exInfo value="HarddiskVolume2\Windows\System32\wsock32.dll" descr="动态链接库"/>
	</exInfo_list>
	</action>
 </action_list><action_list name="加载模块" level="1" descr="加载模块 HarddiskVolume2\Windows\System32\ws2_32.dll" times="0">
	<action field="start_boot" type="Memory" name="LoadLibrary" call_pid="2020" call_name="1.exe" call_time="19:27:53.024">
	<exInfo_list count="1">
		<exInfo value="HarddiskVolume2\Windows\System32\ws2_32.dll" descr="动态链接库"/>
	</exInfo_list>
	</action>
 </action_list><action_list name="加载模块" level="1" descr="加载模块 HarddiskVolume2\Windows\System32\msvcrt.dll" times="0">
	<action field="start_boot" type="Memory" name="LoadLibrary" call_pid="2020" call_name="1.exe" call_time="19:27:53.026">
	<exInfo_list count="1">
		<exInfo value="HarddiskVolume2\Windows\System32\msvcrt.dll" descr="动态链接库"/>
	</exInfo_list>
	</action>
 </action_list><action_list name="加载模块" level="1" descr="加载模块 HarddiskVolume2\Windows\System32\rpcrt4.dll" times="0">
	<action field="start_boot" type="Memory" name="LoadLibrary" call_pid="2020" call_name="1.exe" call_time="19:27:53.028">
	<exInfo_list count="1">
		<exInfo value="HarddiskVolume2\Windows\System32\rpcrt4.dll" descr="动态链接库"/>
	</exInfo_list>
	</action>
 </action_list><action_list name="加载模块" level="1" descr="加载模块 HarddiskVolume2\Windows\System32\nsi.dll" times="0">
	<action field="start_boot" type="Memory" name="LoadLibrary" call_pid="2020" call_name="1.exe" call_time="19:27:53.030">
	<exInfo_list count="1">
		<exInfo value="HarddiskVolume2\Windows\System32\nsi.dll" descr="动态链接库"/>
	</exInfo_list>
	</action>
 </action_list><action_list name="加载模块" level="1" descr="加载模块 HarddiskVolume2\Windows\System32\version.dll" times="0">
	<action field="start_boot" type="Memory" name="LoadLibrary" call_pid="2020" call_name="1.exe" call_time="19:27:53.032">
	<exInfo_list count="1">
		<exInfo value="HarddiskVolume2\Windows\System32\version.dll" descr="动态链接库"/>
	</exInfo_list>
	</action>
 </action_list><action_list name="加载模块" level="1" descr="加载模块 HarddiskVolume2\Windows\System32\winmm.dll" times="0">
	<action field="start_boot" type="Memory" name="LoadLibrary" call_pid="2020" call_name="1.exe" call_time="19:27:53.035">
	<exInfo_list count="1">
		<exInfo value="HarddiskVolume2\Windows\System32\winmm.dll" descr="动态链接库"/>
	</exInfo_list>
	</action>
 </action_list><action_list name="加载模块" level="1" descr="加载模块 HarddiskVolume2\Windows\System32\user32.dll" times="0">
	<action field="start_boot" type="Memory" name="LoadLibrary" call_pid="2020" call_name="1.exe" call_time="19:27:53.038">
	<exInfo_list count="1">
		<exInfo value="HarddiskVolume2\Windows\System32\user32.dll" descr="动态链接库"/>
	</exInfo_list>
	</action>
 </action_list><action_list name="加载模块" level="1" descr="加载模块 HarddiskVolume2\Windows\System32\gdi32.dll" times="0">
	<action field="start_boot" type="Memory" name="LoadLibrary" call_pid="2020" call_name="1.exe" call_time="19:27:53.040">
	<exInfo_list count="1">
		<exInfo value="HarddiskVolume2\Windows\System32\gdi32.dll" descr="动态链接库"/>
	</exInfo_list>
	</action>
 </action_list><action_list name="加载模块" level="1" descr="加载模块 HarddiskVolume2\Windows\System32\lpk.dll" times="0">
	<action field="start_boot" type="Memory" name="LoadLibrary" call_pid="2020" call_name="1.exe" call_time="19:27:53.042">
	<exInfo_list count="1">
		<exInfo value="HarddiskVolume2\Windows\System32\lpk.dll" descr="动态链接库"/>
	</exInfo_list>
	</action>
 </action_list><action_list name="加载模块" level="1" descr="加载模块 HarddiskVolume2\Windows\System32\usp10.dll" times="0">
	<action field="start_boot" type="Memory" name="LoadLibrary" call_pid="2020" call_name="1.exe" call_time="19:27:53.044">
	<exInfo_list count="1">
		<exInfo value="HarddiskVolume2\Windows\System32\usp10.dll" descr="动态链接库"/>
	</exInfo_list>
	</action>
 </action_list><action_list name="加载模块" level="1" descr="加载模块 HarddiskVolume2\Windows\winsxs\amd64_microsoft.windows.common-controls_6595b64144ccf1df_6.0.7600.16385_none_fa645303170382f6\comctl32.dll" times="0">
	<action field="start_boot" type="Memory" name="LoadLibrary" call_pid="2020" call_name="1.exe" call_time="19:27:53.046">
	<exInfo_list count="1">
		<exInfo value="HarddiskVolume2\Windows\winsxs\amd64_microsoft.windows.common-controls_6595b64144ccf1df_6.0.7600.16385_none_fa645303170382f6\comctl32.dll" descr="动态链接库"/>
	</exInfo_list>
	</action>
 </action_list><action_list name="加载模块" level="1" descr="加载模块 HarddiskVolume2\Windows\System32\shlwapi.dll" times="0">
	<action field="start_boot" type="Memory" name="LoadLibrary" call_pid="2020" call_name="1.exe" call_time="19:27:53.049">
	<exInfo_list count="1">
		<exInfo value="HarddiskVolume2\Windows\System32\shlwapi.dll" descr="动态链接库"/>
	</exInfo_list>
	</action>
 </action_list><action_list name="加载模块" level="1" descr="加载模块 HarddiskVolume2\Windows\System32\mpr.dll" times="0">
	<action field="start_boot" type="Memory" name="LoadLibrary" call_pid="2020" call_name="1.exe" call_time="19:27:53.051">
	<exInfo_list count="1">
		<exInfo value="HarddiskVolume2\Windows\System32\mpr.dll" descr="动态链接库"/>
	</exInfo_list>
	</action>
 </action_list><action_list name="加载模块" level="1" descr="加载模块 HarddiskVolume2\Windows\System32\wininet.dll" times="0">
	<action field="start_boot" type="Memory" name="LoadLibrary" call_pid="2020" call_name="1.exe" call_time="19:27:53.054">
	<exInfo_list count="1">
		<exInfo value="HarddiskVolume2\Windows\System32\wininet.dll" descr="动态链接库"/>
	</exInfo_list>
	</action>
 </action_list><action_list name="加载模块" level="1" descr="加载模块 HarddiskVolume2\Windows\System32\advapi32.dll" times="0">
	<action field="start_boot" type="Memory" name="LoadLibrary" call_pid="2020" call_name="1.exe" call_time="19:27:53.056">
	<exInfo_list count="1">
		<exInfo value="HarddiskVolume2\Windows\System32\advapi32.dll" descr="动态链接库"/>
	</exInfo_list>
	</action>
 </action_list><action_list name="加载模块" level="1" descr="加载模块 HarddiskVolume2\Windows\System32\sechost.dll" times="0">
	<action field="start_boot" type="Memory" name="LoadLibrary" call_pid="2020" call_name="1.exe" call_time="19:27:53.058">
	<exInfo_list count="1">
		<exInfo value="HarddiskVolume2\Windows\System32\sechost.dll" descr="动态链接库"/>
	</exInfo_list>
	</action>
 </action_list><action_list name="加载模块" level="1" descr="加载模块 HarddiskVolume2\Windows\System32\normaliz.dll" times="0">
	<action field="start_boot" type="Memory" name="LoadLibrary" call_pid="2020" call_name="1.exe" call_time="19:27:53.061">
	<exInfo_list count="1">
		<exInfo value="HarddiskVolume2\Windows\System32\normaliz.dll" descr="动态链接库"/>
	</exInfo_list>
	</action>
 </action_list><action_list name="加载模块" level="1" descr="加载模块 HarddiskVolume2\Windows\System32\urlmon.dll" times="0">
	<action field="start_boot" type="Memory" name="LoadLibrary" call_pid="2020" call_name="1.exe" call_time="19:27:53.063">
	<exInfo_list count="1">
		<exInfo value="HarddiskVolume2\Windows\System32\urlmon.dll" descr="动态链接库"/>
	</exInfo_list>
	</action>
 </action_list><action_list name="加载模块" level="1" descr="加载模块 HarddiskVolume2\Windows\System32\ole32.dll" times="0">
	<action field="start_boot" type="Memory" name="LoadLibrary" call_pid="2020" call_name="1.exe" call_time="19:27:53.065">
	<exInfo_list count="1">
		<exInfo value="HarddiskVolume2\Windows\System32\ole32.dll" descr="动态链接库"/>
	</exInfo_list>
	</action>
 </action_list><action_list name="加载模块" level="1" descr="加载模块 HarddiskVolume2\Windows\System32\oleaut32.dll" times="0">
	<action field="start_boot" type="Memory" name="LoadLibrary" call_pid="2020" call_name="1.exe" call_time="19:27:53.067">
	<exInfo_list count="1">
		<exInfo value="HarddiskVolume2\Windows\System32\oleaut32.dll" descr="动态链接库"/>
	</exInfo_list>
	</action>
 </action_list><action_list name="加载模块" level="1" descr="加载模块 HarddiskVolume2\Windows\System32\crypt32.dll" times="0">
	<action field="start_boot" type="Memory" name="LoadLibrary" call_pid="2020" call_name="1.exe" call_time="19:27:53.069">
	<exInfo_list count="1">
		<exInfo value="HarddiskVolume2\Windows\System32\crypt32.dll" descr="动态链接库"/>
	</exInfo_list>
	</action>
 </action_list><action_list name="加载模块" level="1" descr="加载模块 HarddiskVolume2\Windows\System32\msasn1.dll" times="0">
	<action field="start_boot" type="Memory" name="LoadLibrary" call_pid="2020" call_name="1.exe" call_time="19:27:53.071">
	<exInfo_list count="1">
		<exInfo value="HarddiskVolume2\Windows\System32\msasn1.dll" descr="动态链接库"/>
	</exInfo_list>
	</action>
 </action_list><action_list name="加载模块" level="1" descr="加载模块 HarddiskVolume2\Windows\System32\iertutil.dll" times="0">
	<action field="start_boot" type="Memory" name="LoadLibrary" call_pid="2020" call_name="1.exe" call_time="19:27:53.073">
	<exInfo_list count="1">
		<exInfo value="HarddiskVolume2\Windows\System32\iertutil.dll" descr="动态链接库"/>
	</exInfo_list>
	</action>
 </action_list><action_list name="加载模块" level="1" descr="加载模块 HarddiskVolume2\Windows\System32\psapi.dll" times="0">
	<action field="start_boot" type="Memory" name="LoadLibrary" call_pid="2020" call_name="1.exe" call_time="19:27:53.075">
	<exInfo_list count="1">
		<exInfo value="HarddiskVolume2\Windows\System32\psapi.dll" descr="动态链接库"/>
	</exInfo_list>
	</action>
 </action_list><action_list name="加载模块" level="1" descr="加载模块 HarddiskVolume2\Windows\System32\userenv.dll" times="0">
	<action field="start_boot" type="Memory" name="LoadLibrary" call_pid="2020" call_name="1.exe" call_time="19:27:53.077">
	<exInfo_list count="1">
		<exInfo value="HarddiskVolume2\Windows\System32\userenv.dll" descr="动态链接库"/>
	</exInfo_list>
	</action>
 </action_list><action_list name="加载模块" level="1" descr="加载模块 HarddiskVolume2\Windows\System32\profapi.dll" times="0">
	<action field="start_boot" type="Memory" name="LoadLibrary" call_pid="2020" call_name="1.exe" call_time="19:27:53.080">
	<exInfo_list count="1">
		<exInfo value="HarddiskVolume2\Windows\System32\profapi.dll" descr="动态链接库"/>
	</exInfo_list>
	</action>
 </action_list><action_list name="加载模块" level="1" descr="加载模块 HarddiskVolume2\Windows\System32\comdlg32.dll" times="0">
	<action field="start_boot" type="Memory" name="LoadLibrary" call_pid="2020" call_name="1.exe" call_time="19:27:53.083">
	<exInfo_list count="1">
		<exInfo value="HarddiskVolume2\Windows\System32\comdlg32.dll" descr="动态链接库"/>
	</exInfo_list>
	</action>
 </action_list><action_list name="加载模块" level="1" descr="加载模块 HarddiskVolume2\Windows\System32\shell32.dll" times="0">
	<action field="start_boot" type="Memory" name="LoadLibrary" call_pid="2020" call_name="1.exe" call_time="19:27:53.085">
	<exInfo_list count="1">
		<exInfo value="HarddiskVolume2\Windows\System32\shell32.dll" descr="动态链接库"/>
	</exInfo_list>
	</action>
 </action_list><action_list name="加载模块" level="1" descr="加载模块 HarddiskVolume2\Windows\System32\imm32.dll" times="0">
	<action field="start_boot" type="Memory" name="LoadLibrary" call_pid="2020" call_name="1.exe" call_time="19:27:53.098">
	<exInfo_list count="1">
		<exInfo value="HarddiskVolume2\Windows\System32\imm32.dll" descr="动态链接库"/>
	</exInfo_list>
	</action>
 </action_list><action_list name="加载模块" level="1" descr="加载模块 HarddiskVolume2\Windows\System32\msctf.dll" times="0">
	<action field="start_boot" type="Memory" name="LoadLibrary" call_pid="2020" call_name="1.exe" call_time="19:27:53.101">
	<exInfo_list count="1">
		<exInfo value="HarddiskVolume2\Windows\System32\msctf.dll" descr="动态链接库"/>
	</exInfo_list>
	</action>
 </action_list><action_list name="加载模块" level="1" descr="加载模块 HarddiskVolume2\Windows\System32\uxtheme.dll" times="0">
	<action field="start_boot" type="Memory" name="LoadLibrary" call_pid="2020" call_name="1.exe" call_time="19:27:53.229">
	<exInfo_list count="1">
		<exInfo value="HarddiskVolume2\Windows\System32\uxtheme.dll" descr="动态链接库"/>
	</exInfo_list>
	</action>
 </action_list><action_list name="检测虚拟机" level="3" descr="通过 IsDebuggerPresent 技术检测虚拟机或调试器，逃避分析与查杀" times="0">
	<action field="start_boot" type="System" name="DetectDebugger" call_pid="2020" call_name="1.exe" call_time="19:27:53.235">
	<exInfo_list count="1">
		<exInfo value="IsDebuggerPresent" descr="技术手段"/>
	</exInfo_list>
	</action>
 </action_list><action_list name="自我读取" level="1" descr="读取文件 HarddiskVolume2\vastest\1.exe" times="0">
	<action field="start_boot" type="File" name="ReadFile" call_pid="2020" call_name="1.exe" call_time="19:27:53.237">
	<exInfo_list count="1">
		<exInfo value="HarddiskVolume2\vastest\1.exe" descr="文件路径"/>
	</exInfo_list>
	</action>
 </action_list><action_list name="检测虚拟机" level="3" descr="通过 IsDebuggerPresent 技术检测虚拟机或调试器，逃避分析与查杀" times="0">
	<action field="start_boot" type="System" name="DetectDebugger" call_pid="2020" call_name="1.exe" call_time="19:27:53.293">
	<exInfo_list count="1">
		<exInfo value="IsDebuggerPresent" descr="技术手段"/>
	</exInfo_list>
	</action>
 </action_list><action_list name="加载模块" level="1" descr="加载模块 HarddiskVolume2\Windows\System32\setupapi.dll" times="0">
	<action field="start_boot" type="Memory" name="LoadLibrary" call_pid="2020" call_name="1.exe" call_time="19:27:53.356">
	<exInfo_list count="1">
		<exInfo value="HarddiskVolume2\Windows\System32\setupapi.dll" descr="动态链接库"/>
	</exInfo_list>
	</action>
 </action_list><action_list name="加载模块" level="1" descr="加载模块 HarddiskVolume2\Windows\System32\cfgmgr32.dll" times="0">
	<action field="start_boot" type="Memory" name="LoadLibrary" call_pid="2020" call_name="1.exe" call_time="19:27:53.358">
	<exInfo_list count="1">
		<exInfo value="HarddiskVolume2\Windows\System32\cfgmgr32.dll" descr="动态链接库"/>
	</exInfo_list>
	</action>
 </action_list><action_list name="加载模块" level="1" descr="加载模块 HarddiskVolume2\Windows\System32\devobj.dll" times="0">
	<action field="start_boot" type="Memory" name="LoadLibrary" call_pid="2020" call_name="1.exe" call_time="19:27:53.360">
	<exInfo_list count="1">
		<exInfo value="HarddiskVolume2\Windows\System32\devobj.dll" descr="动态链接库"/>
	</exInfo_list>
	</action>
 </action_list><action_list name="加载模块" level="1" descr="加载模块 HarddiskVolume2\Windows\System32\cryptbase.dll" times="0">
	<action field="start_boot" type="Memory" name="LoadLibrary" call_pid="2020" call_name="1.exe" call_time="19:27:54.441">
	<exInfo_list count="1">
		<exInfo value="HarddiskVolume2\Windows\System32\cryptbase.dll" descr="动态链接库"/>
	</exInfo_list>
	</action>
 </action_list><action_list name="自我读取" level="1" descr="读取文件 HarddiskVolume2\vastest\1.exe" times="0">
	<action field="start_boot" type="File" name="ReadFile" call_pid="2020" call_name="1.exe" call_time="19:27:54.448">
	<exInfo_list count="1">
		<exInfo value="HarddiskVolume2\vastest\1.exe" descr="文件路径"/>
	</exInfo_list>
	</action>
 </action_list><action_list name="加载模块" level="1" descr="加载模块 HarddiskVolume2\Windows\System32\dwmapi.dll" times="0">
	<action field="start_boot" type="Memory" name="LoadLibrary" call_pid="2020" call_name="1.exe" call_time="19:27:55.601">
	<exInfo_list count="1">
		<exInfo value="HarddiskVolume2\Windows\System32\dwmapi.dll" descr="动态链接库"/>
	</exInfo_list>
	</action>
 </action_list><action_list name="创建互斥量" level="2" descr="创建互斥量 AutoProto_16 防止重复感染" times="0">
	<action field="start_boot" type="System" name="CreateMutex" call_pid="2020" call_name="1.exe" call_time="19:28:07.250">
	<exInfo_list count="1">
		<exInfo value="AutoProto_16" descr="互斥量名"/>
	</exInfo_list>
	</action>
 </action_list><action_list name="自我读取" level="1" descr="读取文件 HarddiskVolume2\vastest\1.exe" times="0">
	<action field="start_boot" type="File" name="ReadFile" call_pid="2020" call_name="1.exe" call_time="19:28:07.255">
	<exInfo_list count="1">
		<exInfo value="HarddiskVolume2\vastest\1.exe" descr="文件路径"/>
	</exInfo_list>
	</action>
 </action_list><action_list name="程序退出" level="-1" descr="1.exe 退出" times="0">
	<action field="start_boot" type="Process" name="TerminateProcess" call_pid="2020" call_name="1.exe" call_time="19:28:13.389">
	<exInfo_list count="1">
		<exInfo value="1.exe" descr="结束进程名"/>
	</exInfo_list>
	</action>
 </action_list><action_list name="检测分析环境" level="1" descr="通过 sleep(60s) 技术检测虚拟机或调试器，逃避分析与查杀" times="0">
	<action field="start_boot" type="System" name="DetectDebugger" call_pid="2020" call_name="1.exe" call_time="19:28:13.438">
	<exInfo_list count="1">
		<exInfo value="sleep(60s)" descr="技术手段"/>
	</exInfo_list>
	</action>
 </action_list><action_list name="程序退出" level="-1" descr="1.exe 退出" times="0">
	<action field="start_boot" type="Process" name="TerminateProcess" call_pid="2020" call_name="1.exe" call_time="19:28:13.456">
	<exInfo_list count="1">
		<exInfo value="1.exe" descr="结束进程名"/>
	</exInfo_list>
	</action>
 </action_list><action_list name="分析结束" level="-1" descr="动态分析结束" times="0">
	<action field="start_boot" type="System" name="AnalyzeStop" call_pid="0" call_name="" call_time="19:28:41.457">
	<exInfo_list count="0">
	</exInfo_list>
	</action>
 </action_list></file>