<?xml version="1.0" encoding="UTF-8"?> 

<file name="1.exe" 文件扩展名信息="  描述：Directly executable program   使用信息: DOS, OpenVMS, Microsoft Windows, Symbian or OS/2" sha1="e385baa26aabfeb9f53028f573b318deb2679ffd" md5="b9bb7455398ff01fbe76c80436681026" CRC32="3e92bc07" SSDEEP="12288:y1JHwJLHu/nWbgMOzG8fc2hJTnA6PhNmuEtz:WQJLHME2hthNAyNpEJ" ImportHash="" size="544505" type="exe" error="0" virusresult="" vp_name="klo07" reportType="final" exiftool="File Name                       : 1.exe--list--File Size                       : 532 kB--list--File Modification Date/Time     : 2020:01:17 22:20:04+08:00--list--File Access Date/Time           : 2020:01:17 22:20:04+08:00--list--File Inode Change Date/Time     : 2020:01:17 22:20:04+08:00--list--File Type                       : Win32 EXE--list--File Type Extension             : exe--list--MIME Type                       : application/octet-stream--list--Machine Type                    : Intel 386 or later, and compatibles--list--Time Stamp                      : 1992:06:20 06:22:17+08:00--list--PE Type                         : PE32--list--Linker Version                  : 2.25--list--Code Size                       : 1807872--list--Initialized Data Size           : 156672--list--Uninitialized Data Size         : 0--list--Entry Point                     : 0x168433--list--OS Version                      : 1.0--list--Image Version                   : 0.0--list--Subsystem Version               : 4.0--list--Subsystem                       : Windows GUI--list--" system="winxp" peinfo="加壳信息 :  未发现加壳--list--文件熵 :  7.845781 (可能存在加壳)--list--fpu反调试 :  检测到--list--载入地址 :  正常的载入点--list--代码入口信息 :  正常的入口--list--DOS stub : :  可疑--list--TLS表信息 :  未发现--list--段信息 :  12 (太多)--list--CODE 可疑的名称  长度为0  可能存在自修改代码--list--DATA 可疑的名称  长度为0--list--BSS 可疑的名称  长度为0--list--输入表段 :  长度为0--list--.tls 可疑的名称  长度为0--list--只读数据段 :  长度过小--list--重定位段 :  长度为0--list--资源段 :  未见异常--list--.Silvana 长度为0--list--.ylsq0 可疑的名称  长度为0  可能存在自修改代码--list--.ylsq1 可疑的名称  可能存在自修改代码--list--重定位段 :  长度过小--list--时间戳 :  过时的时间戳（2000年以前）--list--ASLR ：  未开启--list--DEP/NX ：  未开启--list--SEH ：  开启" AI_Scan="1" filetype="PE32 executable (GUI) Intel 80386, for MS Windows"><action_list name="分析开始" level="-1" descr="动态分析开始" times="0">
	<action field="start_boot" type="System" name="AnalyzeStart" call_pid="0" call_name="" call_time="22:20:22.000">
	<exInfo_list count="0">
	</exInfo_list>
	</action>
 </action_list><action_list name="分析引擎信息" level="-1" descr="12.6, 40, 2020-01-17_22:20:19==2020-01-17_22:20:22" times="0">
	<action field="start_boot" type="System" name="VasInfo" call_pid="0" call_name="" call_time="22:20:22.001">
	<exInfo_list count="3">
		<exInfo value="12.6" descr="分析引擎版本"/>
		<exInfo value="40" descr="最大并发数量"/>
		<exInfo value="2020-01-17_22:20:19==2020-01-17_22:20:22" descr="镜像加载耗时"/>
	</exInfo_list>
	</action>
 </action_list><action_list name="进程开始执行" level="1" descr="被 vasstarter.exe（1676）创建的进程开始执行" times="0">
	<action field="start_boot" type="Process" name="BeCreated" call_pid="208" call_name="vaslauncher.exe" call_time="22:20:22.002">
	<exInfo_list count="2">
		<exInfo value="vasstarter.exe" descr="父进程名"/>
		<exInfo value="1676" descr="父进程ID"/>
	</exInfo_list>
	</action>
 </action_list><action_list name="进程开始执行" level="1" descr="被 vasstarter.exe（1676）通过参数 D:\vaslauncher.exe 以 direct 方式创建的进程开始执行" times="0">
	<action field="start_boot" type="Process" name="BeCreatedEx" call_pid="208" call_name="vaslauncher.exe" call_time="22:20:22.003">
	<exInfo_list count="4">
		<exInfo value="vasstarter.exe" descr="父进程名"/>
		<exInfo value="1676" descr="父进程ID"/>
		<exInfo value="D:\vaslauncher.exe" descr="启动参数"/>
		<exInfo value="direct" descr="创建方式"/>
	</exInfo_list>
	</action>
 </action_list><action_list name="样本打开异常" level="2" descr="分析环境与样本格式不匹配" times="0">
	<action field="start_boot" type="Process" name="BadPeFormat" call_pid="0" call_name="0" call_time="0">
	<exInfo_list count="0">
	</exInfo_list>
	</action>
 </action_list><action_list name="分析结束" level="-1" descr="动态分析结束" times="0">
	<action field="start_boot" type="System" name="AnalyzeStop" call_pid="0" call_name="" call_time="22:21:22.004">
	<exInfo_list count="0">
	</exInfo_list>
	</action>
 </action_list></file>