<?xml version="1.0" encoding="UTF-8"?> 

<file name="1.exe" 文件扩展名信息="  描述：Directly executable program   使用信息: DOS, OpenVMS, Microsoft Windows, Symbian or OS/2" sha1="697c244f82f29534b1372d9dcc4706e99e6cba0a" md5="75da61977a67f2dab4f410d3d8e4fc2b" CRC32="acdfc48f" SSDEEP="3072:jmVW8iTX/3RfldjgXq1+0cxxsWEL02fXcIp08MoeLNt:aM7jJlRPxYTHYZMRt" ImportHash="8ff2a348d8d2908f63d89c70d6eb0c9e" size="148663" type="exe" error="0" virusresult="P2P-Worm.Win32.Picsys.c," vp_name="klo07" reportType="final" exiftool="File Name                       : 1.exe--list--File Size                       : 145 kB--list--File Modification Date/Time     : 2020:01:17 22:24:01+08:00--list--File Access Date/Time           : 2020:01:17 22:24:01+08:00--list--File Inode Change Date/Time     : 2020:01:17 22:24:01+08:00--list--File Type                       : Win32 EXE--list--File Type Extension             : exe--list--MIME Type                       : application/octet-stream--list--Machine Type                    : Intel 386 or later, and compatibles--list--Time Stamp                      : 1992:06:20 06:22:17+08:00--list--PE Type                         : PE32--list--Linker Version                  : 2.25--list--Code Size                       : 53248--list--Initialized Data Size           : 86528--list--Uninitialized Data Size         : 0--list--Entry Point                     : 0xda18--list--OS Version                      : 4.0--list--Image Version                   : 0.0--list--Subsystem Version               : 4.0--list--Subsystem                       : Windows GUI--list--" system="winxp" peinfo="加壳信息 :  存在加壳--list--文件熵 :  6.403231 (正常)--list--fpu反调试 :  未检测到--list--载入地址 :  正常的载入点--list--代码入口信息 :  正常的入口--list--DOS stub : :  可疑--list--TLS表信息 :  发现 - 不包含函数--list--段信息 :  8--list--CODE 可疑的名称--list--DATA 可疑的名称--list--BSS 可疑的名称  长度为0--list--输入表段 :  未见异常--list--.tls 可疑的名称  长度为0--list--只读数据段 :  长度过小--list--重定位段 :  长度为0--list--资源段 :  未见异常--list--时间戳 :  过时的时间戳（2000年以前）--list--ASLR ：  未开启--list--DEP/NX ：  未开启--list--SEH ：  开启" AI_Scan="1" filetype="PE32 executable (GUI) Intel 80386, for MS Windows"><action_list name="分析开始" level="-1" descr="动态分析开始" times="0">
	<action field="start_boot" type="System" name="AnalyzeStart" call_pid="0" call_name="" call_time="22:24:16.000">
	<exInfo_list count="0">
	</exInfo_list>
	</action>
 </action_list><action_list name="分析引擎信息" level="-1" descr="12.6, 40, 2020-01-17_22:24:13==2020-01-17_22:24:16" times="0">
	<action field="start_boot" type="System" name="VasInfo" call_pid="0" call_name="" call_time="22:24:16.001">
	<exInfo_list count="3">
		<exInfo value="12.6" descr="分析引擎版本"/>
		<exInfo value="40" descr="最大并发数量"/>
		<exInfo value="2020-01-17_22:24:13==2020-01-17_22:24:16" descr="镜像加载耗时"/>
	</exInfo_list>
	</action>
 </action_list><action_list name="进程开始执行" level="1" descr="被 vasstarter.exe（1676）创建的进程开始执行" times="0">
	<action field="start_boot" type="Process" name="BeCreated" call_pid="208" call_name="vaslauncher.exe" call_time="22:24:17.002">
	<exInfo_list count="2">
		<exInfo value="vasstarter.exe" descr="父进程名"/>
		<exInfo value="1676" descr="父进程ID"/>
	</exInfo_list>
	</action>
 </action_list><action_list name="进程开始执行" level="1" descr="被 vasstarter.exe（1676）通过参数 D:\vaslauncher.exe 以 direct 方式创建的进程开始执行" times="0">
	<action field="start_boot" type="Process" name="BeCreatedEx" call_pid="208" call_name="vaslauncher.exe" call_time="22:24:17.003">
	<exInfo_list count="4">
		<exInfo value="vasstarter.exe" descr="父进程名"/>
		<exInfo value="1676" descr="父进程ID"/>
		<exInfo value="D:\vaslauncher.exe" descr="启动参数"/>
		<exInfo value="direct" descr="创建方式"/>
	</exInfo_list>
	</action>
 </action_list><action_list name="进程开始执行" level="1" descr="被 vaslauncher.exe（208）创建的进程开始执行" times="0">
	<action field="start_boot" type="Process" name="BeCreated" call_pid="2036" call_name="1.exe" call_time="22:24:19.004">
	<exInfo_list count="2">
		<exInfo value="vaslauncher.exe" descr="父进程名"/>
		<exInfo value="208" descr="父进程ID"/>
	</exInfo_list>
	</action>
 </action_list><action_list name="进程开始执行" level="1" descr="被 vaslauncher.exe（208）通过参数 &quot;C:\vastest\1.exe&quot;  以 direct 方式创建的进程开始执行" times="0">
	<action field="start_boot" type="Process" name="BeCreatedEx" call_pid="2036" call_name="1.exe" call_time="22:24:19.005">
	<exInfo_list count="4">
		<exInfo value="vaslauncher.exe" descr="父进程名"/>
		<exInfo value="208" descr="父进程ID"/>
		<exInfo value="&quot;C:\vastest\1.exe&quot; " descr="启动参数"/>
		<exInfo value="direct" descr="创建方式"/>
	</exInfo_list>
	</action>
 </action_list><action_list name="脱壳" level="2" descr="代码自解压，逃避分析与查杀" times="0">
	<action field="start_boot" type="Memory" name="UnpackSelf" call_pid="2036" call_name="1.exe" call_time="22:24:19.006">
	<exInfo_list count="0">
	</exInfo_list>
	</action>
 </action_list><action_list name="加载模块" level="1" descr="加载模块 HarddiskVolume1\WINDOWS\system32\advapi32.dll" times="0">
	<action field="start_boot" type="Memory" name="LoadLibrary" call_pid="2036" call_name="1.exe" call_time="22:24:19.093">
	<exInfo_list count="1">
		<exInfo value="HarddiskVolume1\WINDOWS\system32\advapi32.dll" descr="动态链接库"/>
	</exInfo_list>
	</action>
 </action_list><action_list name="加载模块" level="1" descr="加载模块 HarddiskVolume1\WINDOWS\system32\rpcrt4.dll" times="0">
	<action field="start_boot" type="Memory" name="LoadLibrary" call_pid="2036" call_name="1.exe" call_time="22:24:19.098">
	<exInfo_list count="1">
		<exInfo value="HarddiskVolume1\WINDOWS\system32\rpcrt4.dll" descr="动态链接库"/>
	</exInfo_list>
	</action>
 </action_list><action_list name="加载模块" level="1" descr="加载模块 HarddiskVolume1\WINDOWS\system32\secur32.dll" times="0">
	<action field="start_boot" type="Memory" name="LoadLibrary" call_pid="2036" call_name="1.exe" call_time="22:24:19.102">
	<exInfo_list count="1">
		<exInfo value="HarddiskVolume1\WINDOWS\system32\secur32.dll" descr="动态链接库"/>
	</exInfo_list>
	</action>
 </action_list><action_list name="加载模块" level="1" descr="加载模块 HarddiskVolume1\WINDOWS\system32\oleaut32.dll" times="0">
	<action field="start_boot" type="Memory" name="LoadLibrary" call_pid="2036" call_name="1.exe" call_time="22:24:19.118">
	<exInfo_list count="1">
		<exInfo value="HarddiskVolume1\WINDOWS\system32\oleaut32.dll" descr="动态链接库"/>
	</exInfo_list>
	</action>
 </action_list><action_list name="加载模块" level="1" descr="加载模块 HarddiskVolume1\WINDOWS\system32\gdi32.dll" times="0">
	<action field="start_boot" type="Memory" name="LoadLibrary" call_pid="2036" call_name="1.exe" call_time="22:24:19.122">
	<exInfo_list count="1">
		<exInfo value="HarddiskVolume1\WINDOWS\system32\gdi32.dll" descr="动态链接库"/>
	</exInfo_list>
	</action>
 </action_list><action_list name="加载模块" level="1" descr="加载模块 HarddiskVolume1\WINDOWS\system32\user32.dll" times="0">
	<action field="start_boot" type="Memory" name="LoadLibrary" call_pid="2036" call_name="1.exe" call_time="22:24:19.126">
	<exInfo_list count="1">
		<exInfo value="HarddiskVolume1\WINDOWS\system32\user32.dll" descr="动态链接库"/>
	</exInfo_list>
	</action>
 </action_list><action_list name="加载模块" level="1" descr="加载模块 HarddiskVolume1\WINDOWS\system32\msvcrt.dll" times="0">
	<action field="start_boot" type="Memory" name="LoadLibrary" call_pid="2036" call_name="1.exe" call_time="22:24:19.130">
	<exInfo_list count="1">
		<exInfo value="HarddiskVolume1\WINDOWS\system32\msvcrt.dll" descr="动态链接库"/>
	</exInfo_list>
	</action>
 </action_list><action_list name="加载模块" level="1" descr="加载模块 HarddiskVolume1\WINDOWS\system32\ole32.dll" times="0">
	<action field="start_boot" type="Memory" name="LoadLibrary" call_pid="2036" call_name="1.exe" call_time="22:24:19.147">
	<exInfo_list count="1">
		<exInfo value="HarddiskVolume1\WINDOWS\system32\ole32.dll" descr="动态链接库"/>
	</exInfo_list>
	</action>
 </action_list><action_list name="自我读取" level="1" descr="读取文件 HarddiskVolume1\vastest\1.exe" times="0">
	<action field="start_boot" type="File" name="ReadFile" call_pid="2036" call_name="1.exe" call_time="22:24:19.184">
	<exInfo_list count="1">
		<exInfo value="HarddiskVolume1\vastest\1.exe" descr="文件路径"/>
	</exInfo_list>
	</action>
 </action_list><action_list name="加载模块" level="1" descr="加载模块 HarddiskVolume1\WINDOWS\system32\imm32.dll" times="0">
	<action field="start_boot" type="Memory" name="LoadLibrary" call_pid="2036" call_name="1.exe" call_time="22:24:19.252">
	<exInfo_list count="1">
		<exInfo value="HarddiskVolume1\WINDOWS\system32\imm32.dll" descr="动态链接库"/>
	</exInfo_list>
	</action>
 </action_list><action_list name="加载模块" level="1" descr="加载模块 HarddiskVolume1\WINDOWS\system32\lpk.dll" times="0">
	<action field="start_boot" type="Memory" name="LoadLibrary" call_pid="2036" call_name="1.exe" call_time="22:24:19.280">
	<exInfo_list count="1">
		<exInfo value="HarddiskVolume1\WINDOWS\system32\lpk.dll" descr="动态链接库"/>
	</exInfo_list>
	</action>
 </action_list><action_list name="加载模块" level="1" descr="加载模块 HarddiskVolume1\WINDOWS\system32\usp10.dll" times="0">
	<action field="start_boot" type="Memory" name="LoadLibrary" call_pid="2036" call_name="1.exe" call_time="22:24:19.285">
	<exInfo_list count="1">
		<exInfo value="HarddiskVolume1\WINDOWS\system32\usp10.dll" descr="动态链接库"/>
	</exInfo_list>
	</action>
 </action_list><action_list name="设置注册表中键值" level="2" descr="设置注册表中键 \REGISTRY\MACHINE\SOFTWARE\MICROSOFT\WINDOWS\CURRENTVERSION\SETUP 的值 Version" times="0">
	<action field="start_boot" type="Reg" name="SetKeyValue" call_pid="2036" call_name="1.exe" call_time="22:24:19.422">
	<exInfo_list count="2">
		<exInfo value="\REGISTRY\MACHINE\SOFTWARE\MICROSOFT\WINDOWS\CURRENTVERSION\SETUP" descr="键名"/>
		<exInfo value="Version" descr="键值"/>
	</exInfo_list>
	</action>
 </action_list><action_list name="创建可执行程序" level="3" descr="创建可执行程序 HarddiskVolume1\WINDOWS\system32\winxcfg.exe" times="0">
	<action field="start_boot" type="File" name="WritePEFile" call_pid="2036" call_name="1.exe" call_time="22:24:19.431">
	<exInfo_list count="1">
		<exInfo value="HarddiskVolume1\WINDOWS\system32\winxcfg.exe" descr="PE文件路径"/>
	</exInfo_list>
	</action>
 </action_list><action_list name="设置自启动" level="3" descr="将 winxcfg.exe 设置为开机自启动" times="0">
	<action field="start_boot" type="Reg" name="SetKeyValue" call_pid="2036" call_name="1.exe" call_time="22:24:19.434">
	<exInfo_list count="2">
		<exInfo value="\REGISTRY\MACHINE\SOFTWARE\MICROSOFT\WINDOWS\CURRENTVERSION\RUN" descr="键名"/>
		<exInfo value="winxcfg.exe" descr="键值"/>
	</exInfo_list>
	</action>
 </action_list><action_list name="自我读取" level="1" descr="读取文件 HarddiskVolume1\vastest\1.exe" times="0">
	<action field="start_boot" type="File" name="ReadFile" call_pid="2036" call_name="1.exe" call_time="22:24:19.437">
	<exInfo_list count="1">
		<exInfo value="HarddiskVolume1\vastest\1.exe" descr="文件路径"/>
	</exInfo_list>
	</action>
 </action_list><action_list name="创建可执行程序" level="3" descr="创建可执行程序 HarddiskVolume1\WINDOWS\system32\macromd\play station emulator crack.exe" times="0">
	<action field="start_boot" type="File" name="WritePEFile" call_pid="2036" call_name="1.exe" call_time="22:24:19.475">
	<exInfo_list count="1">
		<exInfo value="HarddiskVolume1\WINDOWS\system32\macromd\play station emulator crack.exe" descr="PE文件路径"/>
	</exInfo_list>
	</action>
 </action_list><action_list name="创建或修改系统文件" level="3" descr="创建或修改文件 HarddiskVolume1\WINDOWS\system32\macromd\fetish bondage preteen porno.mpg.pif" times="0">
	<action field="start_boot" type="File" name="WriteFile" call_pid="2036" call_name="1.exe" call_time="22:24:19.482">
	<exInfo_list count="1">
		<exInfo value="HarddiskVolume1\WINDOWS\system32\macromd\fetish bondage preteen porno.mpg.pif" descr="文件路径"/>
	</exInfo_list>
	</action>
 </action_list><action_list name="创建可执行程序" level="3" descr="创建可执行程序 HarddiskVolume1\WINDOWS\system32\macromd\Britney Spears Dance Beat.exe" times="0">
	<action field="start_boot" type="File" name="WritePEFile" call_pid="2036" call_name="1.exe" call_time="22:24:20.487">
	<exInfo_list count="1">
		<exInfo value="HarddiskVolume1\WINDOWS\system32\macromd\Britney Spears Dance Beat.exe" descr="PE文件路径"/>
	</exInfo_list>
	</action>
 </action_list><action_list name="创建可执行程序" level="3" descr="创建可执行程序 HarddiskVolume1\WINDOWS\system32\macromd\cute girl giving head.exe" times="0">
	<action field="start_boot" type="File" name="WritePEFile" call_pid="2036" call_name="1.exe" call_time="22:24:20.492">
	<exInfo_list count="1">
		<exInfo value="HarddiskVolume1\WINDOWS\system32\macromd\cute girl giving head.exe" descr="PE文件路径"/>
	</exInfo_list>
	</action>
 </action_list><action_list name="创建或修改系统文件" level="3" descr="创建或修改文件 HarddiskVolume1\WINDOWS\system32\macromd\preteen snuff sex rape with a stick hardcore.mpg.pif" times="0">
	<action field="start_boot" type="File" name="WriteFile" call_pid="2036" call_name="1.exe" call_time="22:24:20.498">
	<exInfo_list count="1">
		<exInfo value="HarddiskVolume1\WINDOWS\system32\macromd\preteen snuff sex rape with a stick hardcore.mpg.pif" descr="文件路径"/>
	</exInfo_list>
	</action>
 </action_list><action_list name="创建可执行程序" level="3" descr="创建可执行程序 HarddiskVolume1\WINDOWS\system32\macromd\divx pro.exe" times="0">
	<action field="start_boot" type="File" name="WritePEFile" call_pid="2036" call_name="1.exe" call_time="22:24:20.504">
	<exInfo_list count="1">
		<exInfo value="HarddiskVolume1\WINDOWS\system32\macromd\divx pro.exe" descr="PE文件路径"/>
	</exInfo_list>
	</action>
 </action_list><action_list name="创建可执行程序" level="3" descr="创建可执行程序 HarddiskVolume1\WINDOWS\system32\macromd\16 year old on beach.exe" times="0">
	<action field="start_boot" type="File" name="WritePEFile" call_pid="2036" call_name="1.exe" call_time="22:24:20.509">
	<exInfo_list count="1">
		<exInfo value="HarddiskVolume1\WINDOWS\system32\macromd\16 year old on beach.exe" descr="PE文件路径"/>
	</exInfo_list>
	</action>
 </action_list><action_list name="创建可执行程序" level="3" descr="创建可执行程序 HarddiskVolume1\WINDOWS\system32\macromd\Microsoft Office XP (english) key generator.exe" times="0">
	<action field="start_boot" type="File" name="WritePEFile" call_pid="2036" call_name="1.exe" call_time="22:24:20.514">
	<exInfo_list count="1">
		<exInfo value="HarddiskVolume1\WINDOWS\system32\macromd\Microsoft Office XP (english) key generator.exe" descr="PE文件路径"/>
	</exInfo_list>
	</action>
 </action_list><action_list name="创建或修改系统文件" level="3" descr="创建或修改文件 HarddiskVolume1\WINDOWS\system32\macromd\illegal porno - 15 year old raped by two men on boat.mpg.pif" times="0">
	<action field="start_boot" type="File" name="WriteFile" call_pid="2036" call_name="1.exe" call_time="22:24:20.520">
	<exInfo_list count="1">
		<exInfo value="HarddiskVolume1\WINDOWS\system32\macromd\illegal porno - 15 year old raped by two men on boat.mpg.pif" descr="文件路径"/>
	</exInfo_list>
	</action>
 </action_list><action_list name="创建可执行程序" level="3" descr="创建可执行程序 HarddiskVolume1\WINDOWS\system32\macromd\AIM Account Stealer.exe" times="0">
	<action field="start_boot" type="File" name="WritePEFile" call_pid="2036" call_name="1.exe" call_time="22:24:20.527">
	<exInfo_list count="1">
		<exInfo value="HarddiskVolume1\WINDOWS\system32\macromd\AIM Account Stealer.exe" descr="PE文件路径"/>
	</exInfo_list>
	</action>
 </action_list><action_list name="创建可执行程序" level="3" descr="创建可执行程序 HarddiskVolume1\WINDOWS\system32\macromd\Two girls - Blonde and Brunette - Giving head.exe" times="0">
	<action field="start_boot" type="File" name="WritePEFile" call_pid="2036" call_name="1.exe" call_time="22:24:20.534">
	<exInfo_list count="1">
		<exInfo value="HarddiskVolume1\WINDOWS\system32\macromd\Two girls - Blonde and Brunette - Giving head.exe" descr="PE文件路径"/>
	</exInfo_list>
	</action>
 </action_list><action_list name="创建或修改系统文件" level="3" descr="创建或修改文件 HarddiskVolume1\WINDOWS\system32\macromd\virtua girl - bailey short skirt.pif" times="0">
	<action field="start_boot" type="File" name="WriteFile" call_pid="2036" call_name="1.exe" call_time="22:24:20.540">
	<exInfo_list count="1">
		<exInfo value="HarddiskVolume1\WINDOWS\system32\macromd\virtua girl - bailey short skirt.pif" descr="文件路径"/>
	</exInfo_list>
	</action>
 </action_list><action_list name="创建可执行程序" level="3" descr="创建可执行程序 HarddiskVolume1\WINDOWS\system32\macromd\yahoo hacker.exe" times="0">
	<action field="start_boot" type="File" name="WritePEFile" call_pid="2036" call_name="1.exe" call_time="22:24:20.546">
	<exInfo_list count="1">
		<exInfo value="HarddiskVolume1\WINDOWS\system32\macromd\yahoo hacker.exe" descr="PE文件路径"/>
	</exInfo_list>
	</action>
 </action_list><action_list name="创建或修改系统文件" level="3" descr="创建或修改文件 HarddiskVolume1\WINDOWS\system32\macromd\gorgious hotties who stimulated over worked rods.mpg.pif" times="0">
	<action field="start_boot" type="File" name="WriteFile" call_pid="2036" call_name="1.exe" call_time="22:24:20.553">
	<exInfo_list count="1">
		<exInfo value="HarddiskVolume1\WINDOWS\system32\macromd\gorgious hotties who stimulated over worked rods.mpg.pif" descr="文件路径"/>
	</exInfo_list>
	</action>
 </action_list><action_list name="创建或修改系统文件" level="3" descr="创建或修改文件 HarddiskVolume1\WINDOWS\system32\macromd\honies with incredibly delicious big boobs.mpg.pif" times="0">
	<action field="start_boot" type="File" name="WriteFile" call_pid="2036" call_name="1.exe" call_time="22:24:20.560">
	<exInfo_list count="1">
		<exInfo value="HarddiskVolume1\WINDOWS\system32\macromd\honies with incredibly delicious big boobs.mpg.pif" descr="文件路径"/>
	</exInfo_list>
	</action>
 </action_list><action_list name="创建或修改系统文件" level="3" descr="创建或修改文件 HarddiskVolume1\WINDOWS\system32\macromd\two kinky old lezbos snapping the whip.mpg.pif" times="0">
	<action field="start_boot" type="File" name="WriteFile" call_pid="2036" call_name="1.exe" call_time="22:24:20.567">
	<exInfo_list count="1">
		<exInfo value="HarddiskVolume1\WINDOWS\system32\macromd\two kinky old lezbos snapping the whip.mpg.pif" descr="文件路径"/>
	</exInfo_list>
	</action>
 </action_list><action_list name="创建或修改系统文件" level="3" descr="创建或修改文件 HarddiskVolume1\WINDOWS\system32\macromd\amateur spreading more fine ass than stud can handle.mpg.pif" times="0">
	<action field="start_boot" type="File" name="WriteFile" call_pid="2036" call_name="1.exe" call_time="22:24:20.573">
	<exInfo_list count="1">
		<exInfo value="HarddiskVolume1\WINDOWS\system32\macromd\amateur spreading more fine ass than stud can handle.mpg.pif" descr="文件路径"/>
	</exInfo_list>
	</action>
 </action_list><action_list name="创建或修改系统文件" level="3" descr="创建或修改文件 HarddiskVolume1\WINDOWS\system32\macromd\amateur slut fingering herself threw her wet panties.mpg.pif" times="0">
	<action field="start_boot" type="File" name="WriteFile" call_pid="2036" call_name="1.exe" call_time="22:24:20.581">
	<exInfo_list count="1">
		<exInfo value="HarddiskVolume1\WINDOWS\system32\macromd\amateur slut fingering herself threw her wet panties.mpg.pif" descr="文件路径"/>
	</exInfo_list>
	</action>
 </action_list><action_list name="创建或修改系统文件" level="3" descr="创建或修改文件 HarddiskVolume1\WINDOWS\system32\macromd\dude getting off in lover's mouth at party.mpg.pif" times="0">
	<action field="start_boot" type="File" name="WriteFile" call_pid="2036" call_name="1.exe" call_time="22:24:20.587">
	<exInfo_list count="1">
		<exInfo value="HarddiskVolume1\WINDOWS\system32\macromd\dude getting off in lover's mouth at party.mpg.pif" descr="文件路径"/>
	</exInfo_list>
	</action>
 </action_list><action_list name="创建或修改系统文件" level="3" descr="创建或修改文件 HarddiskVolume1\WINDOWS\system32\macromd\babes with oversized hooters spreading.mpg.pif" times="0">
	<action field="start_boot" type="File" name="WriteFile" call_pid="2036" call_name="1.exe" call_time="22:24:20.596">
	<exInfo_list count="1">
		<exInfo value="HarddiskVolume1\WINDOWS\system32\macromd\babes with oversized hooters spreading.mpg.pif" descr="文件路径"/>
	</exInfo_list>
	</action>
 </action_list><action_list name="创建或修改系统文件" level="3" descr="创建或修改文件 HarddiskVolume1\WINDOWS\system32\macromd\babe locking lips around her man's rod in backyard.mpg.pif" times="0">
	<action field="start_boot" type="File" name="WriteFile" call_pid="2036" call_name="1.exe" call_time="22:24:20.602">
	<exInfo_list count="1">
		<exInfo value="HarddiskVolume1\WINDOWS\system32\macromd\babe locking lips around her man's rod in backyard.mpg.pif" descr="文件路径"/>
	</exInfo_list>
	</action>
 </action_list><action_list name="创建或修改系统文件" level="3" descr="创建或修改文件 HarddiskVolume1\WINDOWS\system32\macromd\two teenie boppers learning to eat pussy.mpg.pif" times="0">
	<action field="start_boot" type="File" name="WriteFile" call_pid="2036" call_name="1.exe" call_time="22:24:20.609">
	<exInfo_list count="1">
		<exInfo value="HarddiskVolume1\WINDOWS\system32\macromd\two teenie boppers learning to eat pussy.mpg.pif" descr="文件路径"/>
	</exInfo_list>
	</action>
 </action_list><action_list name="创建或修改系统文件" level="3" descr="创建或修改文件 HarddiskVolume1\WINDOWS\system32\macromd\babe leading pussy-whipped stud around by her cunt.mpg.pif" times="0">
	<action field="start_boot" type="File" name="WriteFile" call_pid="2036" call_name="1.exe" call_time="22:24:20.616">
	<exInfo_list count="1">
		<exInfo value="HarddiskVolume1\WINDOWS\system32\macromd\babe leading pussy-whipped stud around by her cunt.mpg.pif" descr="文件路径"/>
	</exInfo_list>
	</action>
 </action_list><action_list name="创建或修改系统文件" level="3" descr="创建或修改文件 HarddiskVolume1\WINDOWS\system32\macromd\hot hungry sluts sucking cum for a line of coke.mpg.pif" times="0">
	<action field="start_boot" type="File" name="WriteFile" call_pid="2036" call_name="1.exe" call_time="22:24:20.623">
	<exInfo_list count="1">
		<exInfo value="HarddiskVolume1\WINDOWS\system32\macromd\hot hungry sluts sucking cum for a line of coke.mpg.pif" descr="文件路径"/>
	</exInfo_list>
	</action>
 </action_list><action_list name="创建或修改系统文件" level="3" descr="创建或修改文件 HarddiskVolume1\WINDOWS\system32\macromd\hairy lezzies torching it up with hot candles.mpg.pif" times="0">
	<action field="start_boot" type="File" name="WriteFile" call_pid="2036" call_name="1.exe" call_time="22:24:20.631">
	<exInfo_list count="1">
		<exInfo value="HarddiskVolume1\WINDOWS\system32\macromd\hairy lezzies torching it up with hot candles.mpg.pif" descr="文件路径"/>
	</exInfo_list>
	</action>
 </action_list><action_list name="创建或修改系统文件" level="3" descr="创建或修改文件 HarddiskVolume1\WINDOWS\system32\macromd\sexy blonde teasing pussy.mpg.pif" times="0">
	<action field="start_boot" type="File" name="WriteFile" call_pid="2036" call_name="1.exe" call_time="22:24:20.639">
	<exInfo_list count="1">
		<exInfo value="HarddiskVolume1\WINDOWS\system32\macromd\sexy blonde teasing pussy.mpg.pif" descr="文件路径"/>
	</exInfo_list>
	</action>
 </action_list><action_list name="创建或修改系统文件" level="3" descr="创建或修改文件 HarddiskVolume1\WINDOWS\system32\macromd\babes with an assortment of delicious big juggs.mpg.pif" times="0">
	<action field="start_boot" type="File" name="WriteFile" call_pid="2036" call_name="1.exe" call_time="22:24:20.646">
	<exInfo_list count="1">
		<exInfo value="HarddiskVolume1\WINDOWS\system32\macromd\babes with an assortment of delicious big juggs.mpg.pif" descr="文件路径"/>
	</exInfo_list>
	</action>
 </action_list><action_list name="创建或修改系统文件" level="3" descr="创建或修改文件 HarddiskVolume1\WINDOWS\system32\macromd\hot blonde teen sucking old dick.mpg.pif" times="0">
	<action field="start_boot" type="File" name="WriteFile" call_pid="2036" call_name="1.exe" call_time="22:24:20.656">
	<exInfo_list count="1">
		<exInfo value="HarddiskVolume1\WINDOWS\system32\macromd\hot blonde teen sucking old dick.mpg.pif" descr="文件路径"/>
	</exInfo_list>
	</action>
 </action_list><action_list name="创建或修改系统文件" level="3" descr="创建或修改文件 HarddiskVolume1\WINDOWS\system32\macromd\sexy amatures sucking whole bag.mpg.pif" times="0">
	<action field="start_boot" type="File" name="WriteFile" call_pid="2036" call_name="1.exe" call_time="22:24:20.664">
	<exInfo_list count="1">
		<exInfo value="HarddiskVolume1\WINDOWS\system32\macromd\sexy amatures sucking whole bag.mpg.pif" descr="文件路径"/>
	</exInfo_list>
	</action>
 </action_list><action_list name="创建或修改系统文件" level="3" descr="创建或修改文件 HarddiskVolume1\WINDOWS\system32\macromd\pornstar aria giovanni .mpg.pif" times="0">
	<action field="start_boot" type="File" name="WriteFile" call_pid="2036" call_name="1.exe" call_time="22:24:20.674">
	<exInfo_list count="1">
		<exInfo value="HarddiskVolume1\WINDOWS\system32\macromd\pornstar aria giovanni .mpg.pif" descr="文件路径"/>
	</exInfo_list>
	</action>
 </action_list><action_list name="创建或修改系统文件" level="3" descr="创建或修改文件 HarddiskVolume1\WINDOWS\system32\macromd\cute young tart on a lucky dudes cum shooter.mpg.pif" times="0">
	<action field="start_boot" type="File" name="WriteFile" call_pid="2036" call_name="1.exe" call_time="22:24:20.680">
	<exInfo_list count="1">
		<exInfo value="HarddiskVolume1\WINDOWS\system32\macromd\cute young tart on a lucky dudes cum shooter.mpg.pif" descr="文件路径"/>
	</exInfo_list>
	</action>
 </action_list><action_list name="创建或修改系统文件" level="3" descr="创建或修改文件 HarddiskVolume1\WINDOWS\system32\macromd\cock forced in some slut mouth.mpg.pif" times="0">
	<action field="start_boot" type="File" name="WriteFile" call_pid="2036" call_name="1.exe" call_time="22:24:20.686">
	<exInfo_list count="1">
		<exInfo value="HarddiskVolume1\WINDOWS\system32\macromd\cock forced in some slut mouth.mpg.pif" descr="文件路径"/>
	</exInfo_list>
	</action>
 </action_list><action_list name="加载模块" level="1" descr="加载模块 HarddiskVolume1\WINDOWS\system32\msctf.dll" times="0">
	<action field="start_boot" type="Memory" name="LoadLibrary" call_pid="2036" call_name="1.exe" call_time="22:24:20.808">
	<exInfo_list count="1">
		<exInfo value="HarddiskVolume1\WINDOWS\system32\msctf.dll" descr="动态链接库"/>
	</exInfo_list>
	</action>
 </action_list><action_list name="加载模块" level="1" descr="加载模块 HarddiskVolume1\WINDOWS\system32\version.dll" times="0">
	<action field="start_boot" type="Memory" name="LoadLibrary" call_pid="2036" call_name="1.exe" call_time="22:24:20.863">
	<exInfo_list count="1">
		<exInfo value="HarddiskVolume1\WINDOWS\system32\version.dll" descr="动态链接库"/>
	</exInfo_list>
	</action>
 </action_list><action_list name="加载模块" level="1" descr="加载模块 HarddiskVolume1\WINDOWS\system32\msctfime.ime" times="0">
	<action field="start_boot" type="Memory" name="LoadLibrary" call_pid="2036" call_name="1.exe" call_time="22:24:20.910">
	<exInfo_list count="1">
		<exInfo value="HarddiskVolume1\WINDOWS\system32\msctfime.ime" descr="动态链接库"/>
	</exInfo_list>
	</action>
 </action_list><action_list name="程序退出" level="-1" descr="1.exe 退出" times="0">
	<action field="start_boot" type="Process" name="TerminateProcess" call_pid="2036" call_name="1.exe" call_time="22:24:21.216">
	<exInfo_list count="1">
		<exInfo value="1.exe" descr="结束进程名"/>
	</exInfo_list>
	</action>
 </action_list><action_list name="分析结束" level="-1" descr="动态分析结束" times="0">
	<action field="start_boot" type="System" name="AnalyzeStop" call_pid="0" call_name="" call_time="22:25:16.246">
	<exInfo_list count="0">
	</exInfo_list>
	</action>
 </action_list></file>