<?xml version="1.0" encoding="UTF-8"?> 

<file name="1.exe" 文件扩展名信息="  描述：Directly executable program   使用信息: DOS, OpenVMS, Microsoft Windows, Symbian or OS/2" sha1="905cec90342857bdda19e3ce8c287225fa4bd0dc" md5="60fa1fd7ddfed6444211d3b73ad86c95" CRC32="33081d37" SSDEEP="12288:1iUzuAaaA3xtkL86InMlBsTz0VFde1yVJZIdudFnUA+S:1iUzuA36xtkw6LlBsTz0VFdKy/ZIhvS" ImportHash="c65ddf4083cf5d88cedfb7e82925052c" size="683008" type="exe" error="0" virusresult="" vp_name="klo07" reportType="final" exiftool="File Name                       : 1.exe--list--File Size                       : 667 kB--list--File Modification Date/Time     : 2020:01:17 22:33:20+08:00--list--File Access Date/Time           : 2020:01:17 22:33:20+08:00--list--File Inode Change Date/Time     : 2020:01:17 22:33:20+08:00--list--File Type                       : Win32 EXE--list--File Type Extension             : exe--list--MIME Type                       : application/octet-stream--list--Machine Type                    : Intel 386 or later, and compatibles--list--Time Stamp                      : 2019:05:10 10:31:04+08:00--list--PE Type                         : PE32--list--Linker Version                  : 14.14--list--Code Size                       : 521728--list--Initialized Data Size           : 167936--list--Uninitialized Data Size         : 0--list--Entry Point                     : 0x240a0--list--OS Version                      : 6.0--list--Image Version                   : 0.0--list--Subsystem Version               : 6.0--list--Subsystem                       : Windows GUI--list--File Version Number             : 7.2.1.1--list--Product Version Number          : 7.2.1.1--list--File Flags Mask                 : 0x003f--list--File Flags                      : (none)--list--File OS                         : Windows NT 32-bit--list--Object File Type                : Executable application--list--File Subtype                    : 0--list--Language Code                   : English (U.S.)--list--Character Set                   : Unicode--list--Company Name                    : EpicNet Inc.--list--File Description                : Cloud Net--list--File Version                    : 7.2.1.1--list--Internal Name                   : cloudnet.exe--list--Legal Copyright                 : Copyright © 2017--list--Original File Name              : cloudnet.exe--list--Product Name                    : EpicNet Cloud Office--list--Product Version                 : 7.2.1.1--list--" system="winxp" peinfo="加壳信息 :  未发现加壳--list--文件熵 :  7.515747 (可能存在加壳)--list--fpu反调试 :  未检测到--list--载入地址 :  正常的载入点--list--代码入口信息 :  正常的入口--list--DOS stub : :  正常--list--TLS表信息 :  发现 - 不包含函数--list--段信息 :  5--list--代码段 :  未见异常--list--只读数据段 :  未见异常--list--数据段 :  未见异常--list--init 可疑的名称  长度过小--list--资源段 :  未见异常--list--时间戳 :  未见异常--list--ASLR ：  未开启--list--DEP/NX ：  未开启--list--SEH ：  开启" AI_Scan="1" filetype="PE32 executable (GUI) Intel 80386, for MS Windows"><action_list name="分析开始" level="-1" descr="动态分析开始" times="0">
	<action field="start_boot" type="System" name="AnalyzeStart" call_pid="0" call_name="" call_time="22:33:40.000">
	<exInfo_list count="0">
	</exInfo_list>
	</action>
 </action_list><action_list name="分析引擎信息" level="-1" descr="12.6, 40, 2020-01-17_22:33:37==2020-01-17_22:33:40" times="0">
	<action field="start_boot" type="System" name="VasInfo" call_pid="0" call_name="" call_time="22:33:40.001">
	<exInfo_list count="3">
		<exInfo value="12.6" descr="分析引擎版本"/>
		<exInfo value="40" descr="最大并发数量"/>
		<exInfo value="2020-01-17_22:33:37==2020-01-17_22:33:40" descr="镜像加载耗时"/>
	</exInfo_list>
	</action>
 </action_list><action_list name="进程开始执行" level="1" descr="被 vasstarter.exe（1676）创建的进程开始执行" times="0">
	<action field="start_boot" type="Process" name="BeCreated" call_pid="208" call_name="vaslauncher.exe" call_time="22:33:40.002">
	<exInfo_list count="2">
		<exInfo value="vasstarter.exe" descr="父进程名"/>
		<exInfo value="1676" descr="父进程ID"/>
	</exInfo_list>
	</action>
 </action_list><action_list name="进程开始执行" level="1" descr="被 vasstarter.exe（1676）通过参数 D:\vaslauncher.exe 以 direct 方式创建的进程开始执行" times="0">
	<action field="start_boot" type="Process" name="BeCreatedEx" call_pid="208" call_name="vaslauncher.exe" call_time="22:33:40.003">
	<exInfo_list count="4">
		<exInfo value="vasstarter.exe" descr="父进程名"/>
		<exInfo value="1676" descr="父进程ID"/>
		<exInfo value="D:\vaslauncher.exe" descr="启动参数"/>
		<exInfo value="direct" descr="创建方式"/>
	</exInfo_list>
	</action>
 </action_list><action_list name="样本打开异常" level="2" descr="分析环境与样本格式不匹配" times="0">
	<action field="start_boot" type="Process" name="BadPeFormat" call_pid="0" call_name="0" call_time="0">
	<exInfo_list count="0">
	</exInfo_list>
	</action>
 </action_list><action_list name="分析结束" level="-1" descr="动态分析结束" times="0">
	<action field="start_boot" type="System" name="AnalyzeStop" call_pid="0" call_name="" call_time="22:34:40.004">
	<exInfo_list count="0">
	</exInfo_list>
	</action>
 </action_list></file>