<?xml version="1.0" encoding="UTF-8"?> 

<file name="1.exe" 文件扩展名信息="  描述：Directly executable program   使用信息: DOS, OpenVMS, Microsoft Windows, Symbian or OS/2" sha1="c3674393d179414fb65393f1e733ee74f75d9867" md5="521a5a74e3b00854a49a9b7bd311d8fb" CRC32="ba7d08a0" SSDEEP="768:8RGkUwNsK0IYrDm6sLutN8f2lYeSDdMDyHDVS:MGlW2N8elYedyHDV" ImportHash="438771ed1a913d4cfce48f69860acdf1" size="38840" type="exe" error="0" virusresult="" vp_name="klo07" reportType="final" exiftool="File Name                       : 1.exe--list--File Size                       : 38 kB--list--File Modification Date/Time     : 2020:01:16 15:51:36+08:00--list--File Access Date/Time           : 2020:01:16 15:51:36+08:00--list--File Inode Change Date/Time     : 2020:01:16 15:51:36+08:00--list--File Type                       : Win32 EXE--list--File Type Extension             : exe--list--MIME Type                       : application/octet-stream--list--Machine Type                    : Intel 386 or later, and compatibles--list--Time Stamp                      : 2008:04:14 02:33:38+08:00--list--PE Type                         : PE32--list--Linker Version                  : 7.10--list--Code Size                       : 28672--list--Initialized Data Size           : 8704--list--Uninitialized Data Size         : 0--list--Entry Point                     : 0x2675--list--OS Version                      : 5.1--list--Image Version                   : 5.1--list--Subsystem Version               : 4.0--list--Subsystem                       : Windows GUI--list--File Version Number             : 5.1.2600.5512--list--Product Version Number          : 5.1.2600.5512--list--File Flags Mask                 : 0x003f--list--File Flags                      : (none)--list--File OS                         : Windows NT 32-bit--list--Object File Type                : Executable application--list--File Subtype                    : 0--list--Language Code                   : English (U.S.)--list--Character Set                   : Unicode--list--Company Name                    : Microsoft Corporation--list--File Description                : Automated System Recovery Protected Files Utility--list--File Version                    : 5.1.2600.5512 (xpsp.080413-2111)--list--Internal Name                   : asr_pfu.exe--list--Legal Copyright                 : © Microsoft Corporation. All rights reserved.--list--Original File Name              : asr_pfu.exe--list--Product Name                    : Microsoft® Windows® Operating System--list--Product Version                 : 5.1.2600.5512--list--" system="winxp" peinfo="加壳信息 :  未发现加壳--list--文件熵 :  6.287255 (正常)--list--fpu反调试 :  未检测到--list--载入地址 :  正常的载入点--list--代码入口信息 :  正常的入口--list--DOS stub : :  正常--list--TLS表信息 :  未发现--list--段信息 :  3--list--代码段 :  未见异常--list--数据段 :  未见异常--list--资源段 :  未见异常--list--时间戳 :  未见异常--list--ASLR ：  未开启--list--DEP/NX ：  未开启--list--SEH ：  开启" AI_Scan="0" filetype="PE32 executable (GUI) Intel 80386, for MS Windows"><action_list name="分析开始" level="-1" descr="动态分析开始" times="0">
	<action field="start_boot" type="System" name="AnalyzeStart" call_pid="0" call_name="" call_time="15:51:49.000">
	<exInfo_list count="0">
	</exInfo_list>
	</action>
 </action_list><action_list name="分析引擎信息" level="-1" descr="12.6, 40, 2020-01-16_15:51:46==2020-01-16_15:51:49" times="0">
	<action field="start_boot" type="System" name="VasInfo" call_pid="0" call_name="" call_time="15:51:49.001">
	<exInfo_list count="3">
		<exInfo value="12.6" descr="分析引擎版本"/>
		<exInfo value="40" descr="最大并发数量"/>
		<exInfo value="2020-01-16_15:51:46==2020-01-16_15:51:49" descr="镜像加载耗时"/>
	</exInfo_list>
	</action>
 </action_list><action_list name="进程开始执行" level="1" descr="被 vasstarter.exe（1676）创建的进程开始执行" times="0">
	<action field="start_boot" type="Process" name="BeCreated" call_pid="208" call_name="vaslauncher.exe" call_time="15:51:50.002">
	<exInfo_list count="2">
		<exInfo value="vasstarter.exe" descr="父进程名"/>
		<exInfo value="1676" descr="父进程ID"/>
	</exInfo_list>
	</action>
 </action_list><action_list name="进程开始执行" level="1" descr="被 vasstarter.exe（1676）通过参数 D:\vaslauncher.exe 以 direct 方式创建的进程开始执行" times="0">
	<action field="start_boot" type="Process" name="BeCreatedEx" call_pid="208" call_name="vaslauncher.exe" call_time="15:51:50.003">
	<exInfo_list count="4">
		<exInfo value="vasstarter.exe" descr="父进程名"/>
		<exInfo value="1676" descr="父进程ID"/>
		<exInfo value="D:\vaslauncher.exe" descr="启动参数"/>
		<exInfo value="direct" descr="创建方式"/>
	</exInfo_list>
	</action>
 </action_list><action_list name="进程开始执行" level="1" descr="被 vaslauncher.exe（208）创建的进程开始执行" times="0">
	<action field="start_boot" type="Process" name="BeCreated" call_pid="2036" call_name="1.exe" call_time="15:51:52.004">
	<exInfo_list count="2">
		<exInfo value="vaslauncher.exe" descr="父进程名"/>
		<exInfo value="208" descr="父进程ID"/>
	</exInfo_list>
	</action>
 </action_list><action_list name="进程开始执行" level="1" descr="被 vaslauncher.exe（208）通过参数 &quot;C:\vastest\1.exe&quot;  以 direct 方式创建的进程开始执行" times="0">
	<action field="start_boot" type="Process" name="BeCreatedEx" call_pid="2036" call_name="1.exe" call_time="15:51:52.005">
	<exInfo_list count="4">
		<exInfo value="vaslauncher.exe" descr="父进程名"/>
		<exInfo value="208" descr="父进程ID"/>
		<exInfo value="&quot;C:\vastest\1.exe&quot; " descr="启动参数"/>
		<exInfo value="direct" descr="创建方式"/>
	</exInfo_list>
	</action>
 </action_list><action_list name="加载模块" level="1" descr="加载模块 HarddiskVolume1\WINDOWS\system32\advapi32.dll" times="0">
	<action field="start_boot" type="Memory" name="LoadLibrary" call_pid="2036" call_name="1.exe" call_time="15:51:52.072">
	<exInfo_list count="1">
		<exInfo value="HarddiskVolume1\WINDOWS\system32\advapi32.dll" descr="动态链接库"/>
	</exInfo_list>
	</action>
 </action_list><action_list name="加载模块" level="1" descr="加载模块 HarddiskVolume1\WINDOWS\system32\rpcrt4.dll" times="0">
	<action field="start_boot" type="Memory" name="LoadLibrary" call_pid="2036" call_name="1.exe" call_time="15:51:52.077">
	<exInfo_list count="1">
		<exInfo value="HarddiskVolume1\WINDOWS\system32\rpcrt4.dll" descr="动态链接库"/>
	</exInfo_list>
	</action>
 </action_list><action_list name="加载模块" level="1" descr="加载模块 HarddiskVolume1\WINDOWS\system32\secur32.dll" times="0">
	<action field="start_boot" type="Memory" name="LoadLibrary" call_pid="2036" call_name="1.exe" call_time="15:51:52.081">
	<exInfo_list count="1">
		<exInfo value="HarddiskVolume1\WINDOWS\system32\secur32.dll" descr="动态链接库"/>
	</exInfo_list>
	</action>
 </action_list><action_list name="加载模块" level="1" descr="加载模块 HarddiskVolume1\WINDOWS\system32\user32.dll" times="0">
	<action field="start_boot" type="Memory" name="LoadLibrary" call_pid="2036" call_name="1.exe" call_time="15:51:52.106">
	<exInfo_list count="1">
		<exInfo value="HarddiskVolume1\WINDOWS\system32\user32.dll" descr="动态链接库"/>
	</exInfo_list>
	</action>
 </action_list><action_list name="加载模块" level="1" descr="加载模块 HarddiskVolume1\WINDOWS\system32\gdi32.dll" times="0">
	<action field="start_boot" type="Memory" name="LoadLibrary" call_pid="2036" call_name="1.exe" call_time="15:51:52.110">
	<exInfo_list count="1">
		<exInfo value="HarddiskVolume1\WINDOWS\system32\gdi32.dll" descr="动态链接库"/>
	</exInfo_list>
	</action>
 </action_list><action_list name="加载模块" level="1" descr="加载模块 HarddiskVolume1\WINDOWS\system32\imm32.dll" times="0">
	<action field="start_boot" type="Memory" name="LoadLibrary" call_pid="2036" call_name="1.exe" call_time="15:51:52.182">
	<exInfo_list count="1">
		<exInfo value="HarddiskVolume1\WINDOWS\system32\imm32.dll" descr="动态链接库"/>
	</exInfo_list>
	</action>
 </action_list><action_list name="加载模块" level="1" descr="加载模块 HarddiskVolume1\WINDOWS\system32\lpk.dll" times="0">
	<action field="start_boot" type="Memory" name="LoadLibrary" call_pid="2036" call_name="1.exe" call_time="15:51:52.204">
	<exInfo_list count="1">
		<exInfo value="HarddiskVolume1\WINDOWS\system32\lpk.dll" descr="动态链接库"/>
	</exInfo_list>
	</action>
 </action_list><action_list name="加载模块" level="1" descr="加载模块 HarddiskVolume1\WINDOWS\system32\usp10.dll" times="0">
	<action field="start_boot" type="Memory" name="LoadLibrary" call_pid="2036" call_name="1.exe" call_time="15:51:52.209">
	<exInfo_list count="1">
		<exInfo value="HarddiskVolume1\WINDOWS\system32\usp10.dll" descr="动态链接库"/>
	</exInfo_list>
	</action>
 </action_list><action_list name="自我读取" level="1" descr="读取文件 HarddiskVolume1\vastest\1.exe" times="0">
	<action field="start_boot" type="File" name="ReadFile" call_pid="2036" call_name="1.exe" call_time="15:51:52.289">
	<exInfo_list count="1">
		<exInfo value="HarddiskVolume1\vastest\1.exe" descr="文件路径"/>
	</exInfo_list>
	</action>
 </action_list><action_list name="加载模块" level="1" descr="加载模块 HarddiskVolume1\WINDOWS\system32\msctf.dll" times="0">
	<action field="start_boot" type="Memory" name="LoadLibrary" call_pid="2036" call_name="1.exe" call_time="15:51:52.439">
	<exInfo_list count="1">
		<exInfo value="HarddiskVolume1\WINDOWS\system32\msctf.dll" descr="动态链接库"/>
	</exInfo_list>
	</action>
 </action_list><action_list name="加载模块" level="1" descr="加载模块 HarddiskVolume1\WINDOWS\system32\msvcrt.dll" times="0">
	<action field="start_boot" type="Memory" name="LoadLibrary" call_pid="2036" call_name="1.exe" call_time="15:51:52.443">
	<exInfo_list count="1">
		<exInfo value="HarddiskVolume1\WINDOWS\system32\msvcrt.dll" descr="动态链接库"/>
	</exInfo_list>
	</action>
 </action_list><action_list name="加载模块" level="1" descr="加载模块 HarddiskVolume1\WINDOWS\system32\version.dll" times="0">
	<action field="start_boot" type="Memory" name="LoadLibrary" call_pid="2036" call_name="1.exe" call_time="15:51:52.557">
	<exInfo_list count="1">
		<exInfo value="HarddiskVolume1\WINDOWS\system32\version.dll" descr="动态链接库"/>
	</exInfo_list>
	</action>
 </action_list><action_list name="加载模块" level="1" descr="加载模块 HarddiskVolume1\WINDOWS\system32\msctfime.ime" times="0">
	<action field="start_boot" type="Memory" name="LoadLibrary" call_pid="2036" call_name="1.exe" call_time="15:51:52.604">
	<exInfo_list count="1">
		<exInfo value="HarddiskVolume1\WINDOWS\system32\msctfime.ime" descr="动态链接库"/>
	</exInfo_list>
	</action>
 </action_list><action_list name="加载模块" level="1" descr="加载模块 HarddiskVolume1\WINDOWS\system32\ole32.dll" times="0">
	<action field="start_boot" type="Memory" name="LoadLibrary" call_pid="2036" call_name="1.exe" call_time="15:51:52.652">
	<exInfo_list count="1">
		<exInfo value="HarddiskVolume1\WINDOWS\system32\ole32.dll" descr="动态链接库"/>
	</exInfo_list>
	</action>
 </action_list><action_list name="文件时间自修改" level="3" descr="修改 HarddiskVolume1\vastest\vasdllloader.exe 的创建时间为 1898-07-18 23_24_22" times="0">
	<action field="start_boot" type="File" name="SetFileCreationTime" call_pid="2036" call_name="1.exe" call_time="15:51:53.033">
	<exInfo_list count="2">
		<exInfo value="HarddiskVolume1\vastest\vasdllloader.exe" descr="文件路径"/>
		<exInfo value="1898-07-18 23_24_22" descr="时间"/>
	</exInfo_list>
	</action>
 </action_list><action_list name="创建可执行程序" level="3" descr="创建可执行程序 HarddiskVolume1\vastest\vasdllloader64.exe" times="0">
	<action field="start_boot" type="File" name="WritePEFile" call_pid="2036" call_name="1.exe" call_time="15:51:53.052">
	<exInfo_list count="1">
		<exInfo value="HarddiskVolume1\vastest\vasdllloader64.exe" descr="PE文件路径"/>
	</exInfo_list>
	</action>
 </action_list><action_list name="文件时间自修改" level="3" descr="修改 HarddiskVolume1\vastest\vasdllloader64.exe 的创建时间为 1902-10-21 10_06_30" times="0">
	<action field="start_boot" type="File" name="SetFileCreationTime" call_pid="2036" call_name="1.exe" call_time="15:51:53.951">
	<exInfo_list count="2">
		<exInfo value="HarddiskVolume1\vastest\vasdllloader64.exe" descr="文件路径"/>
		<exInfo value="1902-10-21 10_06_30" descr="时间"/>
	</exInfo_list>
	</action>
 </action_list><action_list name="文件时间自修改" level="3" descr="修改 HarddiskVolume1\vastest\vaslauncher.exe 的创建时间为 1904-12-08 03_27_34" times="0">
	<action field="start_boot" type="File" name="SetFileCreationTime" call_pid="2036" call_name="1.exe" call_time="15:51:53.735">
	<exInfo_list count="2">
		<exInfo value="HarddiskVolume1\vastest\vaslauncher.exe" descr="文件路径"/>
		<exInfo value="1904-12-08 03_27_34" descr="时间"/>
	</exInfo_list>
	</action>
 </action_list><action_list name="文件时间自修改" level="3" descr="修改 HarddiskVolume1\vastest\vaspostool.exe 的创建时间为 1911-04-21 07_30_46" times="0">
	<action field="start_boot" type="File" name="SetFileCreationTime" call_pid="2036" call_name="1.exe" call_time="15:51:53.661">
	<exInfo_list count="2">
		<exInfo value="HarddiskVolume1\vastest\vaspostool.exe" descr="文件路径"/>
		<exInfo value="1911-04-21 07_30_46" descr="时间"/>
	</exInfo_list>
	</action>
 </action_list><action_list name="文件时间自修改" level="3" descr="修改 HarddiskVolume1\vastest\vaspostx64.exe 的创建时间为 1915-07-23 18_12_54" times="0">
	<action field="start_boot" type="File" name="SetFileCreationTime" call_pid="2036" call_name="1.exe" call_time="15:51:53.685">
	<exInfo_list count="2">
		<exInfo value="HarddiskVolume1\vastest\vaspostx64.exe" descr="文件路径"/>
		<exInfo value="1915-07-23 18_12_54" descr="时间"/>
	</exInfo_list>
	</action>
 </action_list><action_list name="程序退出" level="-1" descr="1.exe 退出" times="0">
	<action field="start_boot" type="Process" name="TerminateProcess" call_pid="2036" call_name="1.exe" call_time="15:51:53.717">
	<exInfo_list count="1">
		<exInfo value="1.exe" descr="结束进程名"/>
	</exInfo_list>
	</action>
 </action_list><action_list name="分析结束" level="-1" descr="动态分析结束" times="0">
	<action field="start_boot" type="System" name="AnalyzeStop" call_pid="0" call_name="" call_time="15:52:49.746">
	<exInfo_list count="0">
	</exInfo_list>
	</action>
 </action_list></file>