<?xml version="1.0" encoding="UTF-8"?> 

<file name="1.exe" 文件扩展名信息="  描述：Directly executable program   使用信息: DOS, OpenVMS, Microsoft Windows, Symbian or OS/2" sha1="e331123ae150d192d71fe2b882c40a2ea48b7d98" md5="74efa5057bef2790add3d0b70119df4d" CRC32="8edf946b" SSDEEP="1536:Dogh3Q12cOs8eynVTGJE3bcRQuX6ll7PUyRexflPkt2qRkBE511NaO7aMN9AjOi/:1EcTey9AVRQJzlh201wOVN9Ays" ImportHash="bef7cf4dc3e4570a6960cb2e5e67e667" size="113250" type="exe" error="0" virusresult="" vp_name="klo07" reportType="final" exiftool="File Name                       : 1.exe--list--File Size                       : 111 kB--list--File Modification Date/Time     : 2020:01:16 17:03:31+08:00--list--File Access Date/Time           : 2020:01:16 17:03:31+08:00--list--File Inode Change Date/Time     : 2020:01:16 17:03:31+08:00--list--File Type                       : Win32 EXE--list--File Type Extension             : exe--list--MIME Type                       : application/octet-stream--list--Machine Type                    : Intel 386 or later, and compatibles--list--Time Stamp                      : 2017:10:17 11:39:35+08:00--list--PE Type                         : PE32--list--Linker Version                  : 2.25--list--Code Size                       : 106496--list--Initialized Data Size           : 4096--list--Uninitialized Data Size         : 217088--list--Entry Point                     : 0x4fd90--list--OS Version                      : 5.0--list--Image Version                   : 0.0--list--Subsystem Version               : 5.0--list--Subsystem                       : Windows GUI--list--File Version Number             : 2.0.3.6--list--Product Version Number          : 1.0.0.0--list--File Flags Mask                 : 0x003f--list--File Flags                      : (none)--list--File OS                         : Win32--list--Object File Type                : Executable application--list--File Subtype                    : 0--list--Language Code                   : English (U.S.)--list--Character Set                   : Windows, Latin1--list--File Version                    : 2.0.3.6--list--Product Version                 : 1.0.0.0--list--" system="winxp" peinfo="加壳信息 :  UPX v0.89.6 - v1.02 / v1.05 -v1.22 (Delphi) stub--list--文件熵 :  7.767734 (可能存在加壳)--list--fpu反调试 :  未检测到--list--载入地址 :  正常的载入点--list--代码入口信息 :  可能是伪造入口--list--DOS stub : :  可疑--list--TLS表信息 :  发现 - 包含1 个函数--list--段信息 :  3--list--UPX0 可疑的名称  长度为0  可能存在自修改代码--list--UPX1 可疑的名称  可能存在自修改代码--list--资源段 :  未见异常--list--时间戳 :  未见异常--list--ASLR ：  未开启--list--DEP/NX ：  未开启--list--SEH ：  开启" AI_Scan="1" filetype="PE32 executable (GUI) Intel 80386, for MS Windows, UPX compressed"><action_list name="分析开始" level="-1" descr="动态分析开始" times="0">
	<action field="start_boot" type="System" name="AnalyzeStart" call_pid="0" call_name="" call_time="17:03:48.000">
	<exInfo_list count="0">
	</exInfo_list>
	</action>
 </action_list><action_list name="分析引擎信息" level="-1" descr="12.6, 40, 2020-01-16_17:03:44==2020-01-16_17:03:48" times="0">
	<action field="start_boot" type="System" name="VasInfo" call_pid="0" call_name="" call_time="17:03:48.001">
	<exInfo_list count="3">
		<exInfo value="12.6" descr="分析引擎版本"/>
		<exInfo value="40" descr="最大并发数量"/>
		<exInfo value="2020-01-16_17:03:44==2020-01-16_17:03:48" descr="镜像加载耗时"/>
	</exInfo_list>
	</action>
 </action_list><action_list name="进程开始执行" level="1" descr="被 vasstarter.exe（1676）创建的进程开始执行" times="0">
	<action field="start_boot" type="Process" name="BeCreated" call_pid="208" call_name="vaslauncher.exe" call_time="17:03:49.002">
	<exInfo_list count="2">
		<exInfo value="vasstarter.exe" descr="父进程名"/>
		<exInfo value="1676" descr="父进程ID"/>
	</exInfo_list>
	</action>
 </action_list><action_list name="进程开始执行" level="1" descr="被 vasstarter.exe（1676）通过参数 D:\vaslauncher.exe 以 direct 方式创建的进程开始执行" times="0">
	<action field="start_boot" type="Process" name="BeCreatedEx" call_pid="208" call_name="vaslauncher.exe" call_time="17:03:49.003">
	<exInfo_list count="4">
		<exInfo value="vasstarter.exe" descr="父进程名"/>
		<exInfo value="1676" descr="父进程ID"/>
		<exInfo value="D:\vaslauncher.exe" descr="启动参数"/>
		<exInfo value="direct" descr="创建方式"/>
	</exInfo_list>
	</action>
 </action_list><action_list name="进程开始执行" level="1" descr="被 vaslauncher.exe（208）创建的进程开始执行" times="0">
	<action field="start_boot" type="Process" name="BeCreated" call_pid="2036" call_name="1.exe" call_time="17:03:51.004">
	<exInfo_list count="2">
		<exInfo value="vaslauncher.exe" descr="父进程名"/>
		<exInfo value="208" descr="父进程ID"/>
	</exInfo_list>
	</action>
 </action_list><action_list name="进程开始执行" level="1" descr="被 vaslauncher.exe（208）通过参数 &quot;C:\vastest\1.exe&quot;  以 direct 方式创建的进程开始执行" times="0">
	<action field="start_boot" type="Process" name="BeCreatedEx" call_pid="2036" call_name="1.exe" call_time="17:03:51.005">
	<exInfo_list count="4">
		<exInfo value="vaslauncher.exe" descr="父进程名"/>
		<exInfo value="208" descr="父进程ID"/>
		<exInfo value="&quot;C:\vastest\1.exe&quot; " descr="启动参数"/>
		<exInfo value="direct" descr="创建方式"/>
	</exInfo_list>
	</action>
 </action_list><action_list name="脱壳" level="2" descr="代码自解压，逃避分析与查杀" times="0">
	<action field="start_boot" type="Memory" name="UnpackSelf" call_pid="2036" call_name="1.exe" call_time="17:03:51.006">
	<exInfo_list count="0">
	</exInfo_list>
	</action>
 </action_list><action_list name="加载模块" level="1" descr="加载模块 HarddiskVolume1\WINDOWS\system32\advapi32.dll" times="0">
	<action field="start_boot" type="Memory" name="LoadLibrary" call_pid="2036" call_name="1.exe" call_time="17:03:51.072">
	<exInfo_list count="1">
		<exInfo value="HarddiskVolume1\WINDOWS\system32\advapi32.dll" descr="动态链接库"/>
	</exInfo_list>
	</action>
 </action_list><action_list name="加载模块" level="1" descr="加载模块 HarddiskVolume1\WINDOWS\system32\rpcrt4.dll" times="0">
	<action field="start_boot" type="Memory" name="LoadLibrary" call_pid="2036" call_name="1.exe" call_time="17:03:51.077">
	<exInfo_list count="1">
		<exInfo value="HarddiskVolume1\WINDOWS\system32\rpcrt4.dll" descr="动态链接库"/>
	</exInfo_list>
	</action>
 </action_list><action_list name="加载模块" level="1" descr="加载模块 HarddiskVolume1\WINDOWS\system32\secur32.dll" times="0">
	<action field="start_boot" type="Memory" name="LoadLibrary" call_pid="2036" call_name="1.exe" call_time="17:03:51.081">
	<exInfo_list count="1">
		<exInfo value="HarddiskVolume1\WINDOWS\system32\secur32.dll" descr="动态链接库"/>
	</exInfo_list>
	</action>
 </action_list><action_list name="加载模块" level="1" descr="加载模块 HarddiskVolume1\WINDOWS\system32\iphlpapi.dll" times="0">
	<action field="start_boot" type="Memory" name="LoadLibrary" call_pid="2036" call_name="1.exe" call_time="17:03:51.101">
	<exInfo_list count="1">
		<exInfo value="HarddiskVolume1\WINDOWS\system32\iphlpapi.dll" descr="动态链接库"/>
	</exInfo_list>
	</action>
 </action_list><action_list name="加载模块" level="1" descr="加载模块 HarddiskVolume1\WINDOWS\system32\msvcrt.dll" times="0">
	<action field="start_boot" type="Memory" name="LoadLibrary" call_pid="2036" call_name="1.exe" call_time="17:03:51.105">
	<exInfo_list count="1">
		<exInfo value="HarddiskVolume1\WINDOWS\system32\msvcrt.dll" descr="动态链接库"/>
	</exInfo_list>
	</action>
 </action_list><action_list name="加载模块" level="1" descr="加载模块 HarddiskVolume1\WINDOWS\system32\user32.dll" times="0">
	<action field="start_boot" type="Memory" name="LoadLibrary" call_pid="2036" call_name="1.exe" call_time="17:03:51.120">
	<exInfo_list count="1">
		<exInfo value="HarddiskVolume1\WINDOWS\system32\user32.dll" descr="动态链接库"/>
	</exInfo_list>
	</action>
 </action_list><action_list name="加载模块" level="1" descr="加载模块 HarddiskVolume1\WINDOWS\system32\gdi32.dll" times="0">
	<action field="start_boot" type="Memory" name="LoadLibrary" call_pid="2036" call_name="1.exe" call_time="17:03:51.124">
	<exInfo_list count="1">
		<exInfo value="HarddiskVolume1\WINDOWS\system32\gdi32.dll" descr="动态链接库"/>
	</exInfo_list>
	</action>
 </action_list><action_list name="加载模块" level="1" descr="加载模块 HarddiskVolume1\WINDOWS\system32\ws2_32.dll" times="0">
	<action field="start_boot" type="Memory" name="LoadLibrary" call_pid="2036" call_name="1.exe" call_time="17:03:51.129">
	<exInfo_list count="1">
		<exInfo value="HarddiskVolume1\WINDOWS\system32\ws2_32.dll" descr="动态链接库"/>
	</exInfo_list>
	</action>
 </action_list><action_list name="加载模块" level="1" descr="加载模块 HarddiskVolume1\WINDOWS\system32\ws2help.dll" times="0">
	<action field="start_boot" type="Memory" name="LoadLibrary" call_pid="2036" call_name="1.exe" call_time="17:03:51.140">
	<exInfo_list count="1">
		<exInfo value="HarddiskVolume1\WINDOWS\system32\ws2help.dll" descr="动态链接库"/>
	</exInfo_list>
	</action>
 </action_list><action_list name="加载模块" level="1" descr="加载模块 HarddiskVolume1\WINDOWS\system32\netapi32.dll" times="0">
	<action field="start_boot" type="Memory" name="LoadLibrary" call_pid="2036" call_name="1.exe" call_time="17:03:51.152">
	<exInfo_list count="1">
		<exInfo value="HarddiskVolume1\WINDOWS\system32\netapi32.dll" descr="动态链接库"/>
	</exInfo_list>
	</action>
 </action_list><action_list name="加载模块" level="1" descr="加载模块 HarddiskVolume1\WINDOWS\system32\oleaut32.dll" times="0">
	<action field="start_boot" type="Memory" name="LoadLibrary" call_pid="2036" call_name="1.exe" call_time="17:03:51.169">
	<exInfo_list count="1">
		<exInfo value="HarddiskVolume1\WINDOWS\system32\oleaut32.dll" descr="动态链接库"/>
	</exInfo_list>
	</action>
 </action_list><action_list name="加载模块" level="1" descr="加载模块 HarddiskVolume1\WINDOWS\system32\ole32.dll" times="0">
	<action field="start_boot" type="Memory" name="LoadLibrary" call_pid="2036" call_name="1.exe" call_time="17:03:51.181">
	<exInfo_list count="1">
		<exInfo value="HarddiskVolume1\WINDOWS\system32\ole32.dll" descr="动态链接库"/>
	</exInfo_list>
	</action>
 </action_list><action_list name="加载模块" level="1" descr="加载模块 HarddiskVolume1\WINDOWS\system32\userenv.dll" times="0">
	<action field="start_boot" type="Memory" name="LoadLibrary" call_pid="2036" call_name="1.exe" call_time="17:03:51.204">
	<exInfo_list count="1">
		<exInfo value="HarddiskVolume1\WINDOWS\system32\userenv.dll" descr="动态链接库"/>
	</exInfo_list>
	</action>
 </action_list><action_list name="加载模块" level="1" descr="加载模块 HarddiskVolume1\WINDOWS\system32\version.dll" times="0">
	<action field="start_boot" type="Memory" name="LoadLibrary" call_pid="2036" call_name="1.exe" call_time="17:03:51.219">
	<exInfo_list count="1">
		<exInfo value="HarddiskVolume1\WINDOWS\system32\version.dll" descr="动态链接库"/>
	</exInfo_list>
	</action>
 </action_list><action_list name="加载模块" level="1" descr="加载模块 HarddiskVolume1\WINDOWS\system32\imm32.dll" times="0">
	<action field="start_boot" type="Memory" name="LoadLibrary" call_pid="2036" call_name="1.exe" call_time="17:03:51.369">
	<exInfo_list count="1">
		<exInfo value="HarddiskVolume1\WINDOWS\system32\imm32.dll" descr="动态链接库"/>
	</exInfo_list>
	</action>
 </action_list><action_list name="加载模块" level="1" descr="加载模块 HarddiskVolume1\WINDOWS\system32\lpk.dll" times="0">
	<action field="start_boot" type="Memory" name="LoadLibrary" call_pid="2036" call_name="1.exe" call_time="17:03:51.395">
	<exInfo_list count="1">
		<exInfo value="HarddiskVolume1\WINDOWS\system32\lpk.dll" descr="动态链接库"/>
	</exInfo_list>
	</action>
 </action_list><action_list name="加载模块" level="1" descr="加载模块 HarddiskVolume1\WINDOWS\system32\usp10.dll" times="0">
	<action field="start_boot" type="Memory" name="LoadLibrary" call_pid="2036" call_name="1.exe" call_time="17:03:51.400">
	<exInfo_list count="1">
		<exInfo value="HarddiskVolume1\WINDOWS\system32\usp10.dll" descr="动态链接库"/>
	</exInfo_list>
	</action>
 </action_list><action_list name="检测分析环境" level="1" descr="通过 CpuCheck 技术检测虚拟机或调试器，逃避分析与查杀" times="0">
	<action field="start_boot" type="System" name="DetectDebugger" call_pid="2036" call_name="1.exe" call_time="17:03:51.634">
	<exInfo_list count="1">
		<exInfo value="CpuCheck" descr="技术手段"/>
	</exInfo_list>
	</action>
 </action_list><action_list name="创建互斥量" level="2" descr="创建互斥量 a19ba483ac1fd96eb6eb77a50c8dd217 防止重复感染" times="0">
	<action field="start_boot" type="System" name="CreateMutex" call_pid="2036" call_name="1.exe" call_time="17:03:51.293">
	<exInfo_list count="1">
		<exInfo value="a19ba483ac1fd96eb6eb77a50c8dd217" descr="互斥量名"/>
	</exInfo_list>
	</action>
 </action_list><action_list name="自修改" level="3" descr="创建或修改文件 HarddiskVolume1\vastest\logs\Client.log" times="0">
	<action field="start_boot" type="File" name="WriteFile" call_pid="2036" call_name="1.exe" call_time="17:03:51.711">
	<exInfo_list count="1">
		<exInfo value="HarddiskVolume1\vastest\logs\Client.log" descr="文件路径"/>
	</exInfo_list>
	</action>
 </action_list><action_list name="加载模块" level="1" descr="加载模块 HarddiskVolume1\WINDOWS\system32\mswsock.dll" times="0">
	<action field="start_boot" type="Memory" name="LoadLibrary" call_pid="2036" call_name="1.exe" call_time="17:03:52.165">
	<exInfo_list count="1">
		<exInfo value="HarddiskVolume1\WINDOWS\system32\mswsock.dll" descr="动态链接库"/>
	</exInfo_list>
	</action>
 </action_list><action_list name="加载模块" level="1" descr="加载模块 HarddiskVolume1\WINDOWS\system32\hnetcfg.dll" times="0">
	<action field="start_boot" type="Memory" name="LoadLibrary" call_pid="2036" call_name="1.exe" call_time="17:03:52.184">
	<exInfo_list count="1">
		<exInfo value="HarddiskVolume1\WINDOWS\system32\hnetcfg.dll" descr="动态链接库"/>
	</exInfo_list>
	</action>
 </action_list><action_list name="检测分析环境" level="1" descr="通过 MemoryOperation 技术检测虚拟机或调试器，逃避分析与查杀" times="0">
	<action field="start_boot" type="System" name="DetectDebugger" call_pid="2036" call_name="1.exe" call_time="17:03:52.221">
	<exInfo_list count="1">
		<exInfo value="MemoryOperation" descr="技术手段"/>
	</exInfo_list>
	</action>
 </action_list><action_list name="加载模块" level="1" descr="加载模块 HarddiskVolume1\WINDOWS\system32\wshtcpip.dll" times="0">
	<action field="start_boot" type="Memory" name="LoadLibrary" call_pid="2036" call_name="1.exe" call_time="17:03:52.242">
	<exInfo_list count="1">
		<exInfo value="HarddiskVolume1\WINDOWS\system32\wshtcpip.dll" descr="动态链接库"/>
	</exInfo_list>
	</action>
 </action_list><action_list name="访问网络服务" level="3" descr="获取系统提供的socket服务" times="0">
	<action field="start_boot" type="Network" name="AccessSocketService" call_pid="2036" call_name="1.exe" call_time="17:03:52.158">
	<exInfo_list count="0">
	</exInfo_list>
	</action>
 </action_list><action_list name="创建到本机的网络连接" level="1" descr="连接到本机主机端口" times="0">
	<action field="start_boot" type="Network" name="connect" call_pid="2036" call_name="1.exe" call_time="17:03:52.271">
	<exInfo_list count="1">
		<exInfo value="127.0.0.1: 8801" descr="远程服务器Host"/>
	</exInfo_list>
	</action>
 </action_list><action_list name="自修改" level="3" descr="创建或修改文件 HarddiskVolume1\vastest\logs\Client.log" times="0">
	<action field="start_boot" type="File" name="WriteFile" call_pid="2036" call_name="1.exe" call_time="17:03:54.099">
	<exInfo_list count="1">
		<exInfo value="HarddiskVolume1\vastest\logs\Client.log" descr="文件路径"/>
	</exInfo_list>
	</action>
 </action_list><action_list name="访问网络服务" level="3" descr="获取系统提供的socket服务" times="0">
	<action field="start_boot" type="Network" name="AccessSocketService" call_pid="2036" call_name="1.exe" call_time="17:03:55.178">
	<exInfo_list count="0">
	</exInfo_list>
	</action>
 </action_list><action_list name="创建到本机的网络连接" level="1" descr="连接到本机主机端口" times="0">
	<action field="start_boot" type="Network" name="connect" call_pid="2036" call_name="1.exe" call_time="17:03:55.196">
	<exInfo_list count="1">
		<exInfo value="127.0.0.1: 8801" descr="远程服务器Host"/>
	</exInfo_list>
	</action>
 </action_list><action_list name="自修改" level="3" descr="创建或修改文件 HarddiskVolume1\vastest\logs\Client.log" times="0">
	<action field="start_boot" type="File" name="WriteFile" call_pid="2036" call_name="1.exe" call_time="17:03:57.973">
	<exInfo_list count="1">
		<exInfo value="HarddiskVolume1\vastest\logs\Client.log" descr="文件路径"/>
	</exInfo_list>
	</action>
 </action_list><action_list name="创建到本机的网络连接" level="1" descr="连接到本机主机端口" times="0">
	<action field="start_boot" type="Network" name="connect" call_pid="2036" call_name="1.exe" call_time="17:03:58.048">
	<exInfo_list count="1">
		<exInfo value="127.0.0.1: 8801" descr="远程服务器Host"/>
	</exInfo_list>
	</action>
 </action_list><action_list name="自修改" level="3" descr="创建或修改文件 HarddiskVolume1\vastest\logs\Client.log" times="0">
	<action field="start_boot" type="File" name="WriteFile" call_pid="2036" call_name="1.exe" call_time="17:04:00.812">
	<exInfo_list count="1">
		<exInfo value="HarddiskVolume1\vastest\logs\Client.log" descr="文件路径"/>
	</exInfo_list>
	</action>
 </action_list><action_list name="创建到本机的网络连接" level="1" descr="连接到本机主机端口" times="0">
	<action field="start_boot" type="Network" name="connect" call_pid="2036" call_name="1.exe" call_time="17:04:01.888">
	<exInfo_list count="1">
		<exInfo value="127.0.0.1: 8801" descr="远程服务器Host"/>
	</exInfo_list>
	</action>
 </action_list><action_list name="自修改" level="3" descr="创建或修改文件 HarddiskVolume1\vastest\logs\Client.log" times="0">
	<action field="start_boot" type="File" name="WriteFile" call_pid="2036" call_name="1.exe" call_time="17:04:03.751">
	<exInfo_list count="1">
		<exInfo value="HarddiskVolume1\vastest\logs\Client.log" descr="文件路径"/>
	</exInfo_list>
	</action>
 </action_list><action_list name="创建到本机的网络连接" level="1" descr="连接到本机主机端口" times="0">
	<action field="start_boot" type="Network" name="connect" call_pid="2036" call_name="1.exe" call_time="17:04:04.041">
	<exInfo_list count="1">
		<exInfo value="127.0.0.1: 8801" descr="远程服务器Host"/>
	</exInfo_list>
	</action>
 </action_list><action_list name="自修改" level="3" descr="创建或修改文件 HarddiskVolume1\vastest\logs\Client.log" times="0">
	<action field="start_boot" type="File" name="WriteFile" call_pid="2036" call_name="1.exe" call_time="17:04:06.205">
	<exInfo_list count="1">
		<exInfo value="HarddiskVolume1\vastest\logs\Client.log" descr="文件路径"/>
	</exInfo_list>
	</action>
 </action_list><action_list name="创建到本机的网络连接" level="1" descr="连接到本机主机端口" times="0">
	<action field="start_boot" type="Network" name="connect" call_pid="2036" call_name="1.exe" call_time="17:04:07.488">
	<exInfo_list count="1">
		<exInfo value="127.0.0.1: 8801" descr="远程服务器Host"/>
	</exInfo_list>
	</action>
 </action_list><action_list name="自修改" level="3" descr="创建或修改文件 HarddiskVolume1\vastest\logs\Client.log" times="0">
	<action field="start_boot" type="File" name="WriteFile" call_pid="2036" call_name="1.exe" call_time="17:04:09.632">
	<exInfo_list count="1">
		<exInfo value="HarddiskVolume1\vastest\logs\Client.log" descr="文件路径"/>
	</exInfo_list>
	</action>
 </action_list><action_list name="创建到本机的网络连接" level="1" descr="连接到本机主机端口" times="0">
	<action field="start_boot" type="Network" name="connect" call_pid="2036" call_name="1.exe" call_time="17:04:10.907">
	<exInfo_list count="1">
		<exInfo value="127.0.0.1: 8801" descr="远程服务器Host"/>
	</exInfo_list>
	</action>
 </action_list><action_list name="自修改" level="3" descr="创建或修改文件 HarddiskVolume1\vastest\logs\Client.log" times="0">
	<action field="start_boot" type="File" name="WriteFile" call_pid="2036" call_name="1.exe" call_time="17:04:12.062">
	<exInfo_list count="1">
		<exInfo value="HarddiskVolume1\vastest\logs\Client.log" descr="文件路径"/>
	</exInfo_list>
	</action>
 </action_list><action_list name="创建到本机的网络连接" level="1" descr="连接到本机主机端口" times="0">
	<action field="start_boot" type="Network" name="connect" call_pid="2036" call_name="1.exe" call_time="17:04:13.338">
	<exInfo_list count="1">
		<exInfo value="127.0.0.1: 8801" descr="远程服务器Host"/>
	</exInfo_list>
	</action>
 </action_list><action_list name="自修改" level="3" descr="创建或修改文件 HarddiskVolume1\vastest\logs\Client.log" times="0">
	<action field="start_boot" type="File" name="WriteFile" call_pid="2036" call_name="1.exe" call_time="17:04:15.485">
	<exInfo_list count="1">
		<exInfo value="HarddiskVolume1\vastest\logs\Client.log" descr="文件路径"/>
	</exInfo_list>
	</action>
 </action_list><action_list name="创建到本机的网络连接" level="1" descr="连接到本机主机端口" times="0">
	<action field="start_boot" type="Network" name="connect" call_pid="2036" call_name="1.exe" call_time="17:04:16.761">
	<exInfo_list count="1">
		<exInfo value="127.0.0.1: 8801" descr="远程服务器Host"/>
	</exInfo_list>
	</action>
 </action_list><action_list name="自修改" level="3" descr="创建或修改文件 HarddiskVolume1\vastest\logs\Client.log" times="0">
	<action field="start_boot" type="File" name="WriteFile" call_pid="2036" call_name="1.exe" call_time="17:04:18.884">
	<exInfo_list count="1">
		<exInfo value="HarddiskVolume1\vastest\logs\Client.log" descr="文件路径"/>
	</exInfo_list>
	</action>
 </action_list><action_list name="创建到本机的网络连接" level="1" descr="连接到本机主机端口" times="0">
	<action field="start_boot" type="Network" name="connect" call_pid="2036" call_name="1.exe" call_time="17:04:19.174">
	<exInfo_list count="1">
		<exInfo value="127.0.0.1: 8801" descr="远程服务器Host"/>
	</exInfo_list>
	</action>
 </action_list><action_list name="自修改" level="3" descr="创建或修改文件 HarddiskVolume1\vastest\logs\Client.log" times="0">
	<action field="start_boot" type="File" name="WriteFile" call_pid="2036" call_name="1.exe" call_time="17:04:21.333">
	<exInfo_list count="1">
		<exInfo value="HarddiskVolume1\vastest\logs\Client.log" descr="文件路径"/>
	</exInfo_list>
	</action>
 </action_list><action_list name="创建到本机的网络连接" level="1" descr="连接到本机主机端口" times="0">
	<action field="start_boot" type="Network" name="connect" call_pid="2036" call_name="1.exe" call_time="17:04:22.607">
	<exInfo_list count="1">
		<exInfo value="127.0.0.1: 8801" descr="远程服务器Host"/>
	</exInfo_list>
	</action>
 </action_list><action_list name="自修改" level="3" descr="创建或修改文件 HarddiskVolume1\vastest\logs\Client.log" times="0">
	<action field="start_boot" type="File" name="WriteFile" call_pid="2036" call_name="1.exe" call_time="17:04:24.759">
	<exInfo_list count="1">
		<exInfo value="HarddiskVolume1\vastest\logs\Client.log" descr="文件路径"/>
	</exInfo_list>
	</action>
 </action_list><action_list name="程序退出" level="-1" descr="1.exe 退出" times="0">
	<action field="start_boot" type="Process" name="TerminateProcess" call_pid="2036" call_name="1.exe" call_time="17:04:25.094">
	<exInfo_list count="1">
		<exInfo value="1.exe" descr="结束进程名"/>
	</exInfo_list>
	</action>
 </action_list><action_list name="分析结束" level="-1" descr="动态分析结束" times="0">
	<action field="start_boot" type="System" name="AnalyzeStop" call_pid="0" call_name="" call_time="17:04:48.123">
	<exInfo_list count="0">
	</exInfo_list>
	</action>
 </action_list></file>