<?xml version="1.0" encoding="UTF-8"?> 

<file name="1.exe" 文件扩展名信息="  描述：Directly executable program   使用信息: DOS, OpenVMS, Microsoft Windows, Symbian or OS/2" sha1="e88a0e217ad1ad74d94eed66649ec8c731778746" md5="bb37cbfe6880290c3fb9519aacf74cca" CRC32="58c001f1" SSDEEP="6144:aXJvDB4Q+f+VP1Bpv3gkmCc0+hDghAQMnaIMUR:aBDDZ1Xv3PQhDghAQ8jF" ImportHash="6e3858be536763ec60b658cacd00b80d" size="313344" type="exe" error="0" virusresult="" vp_name="klo07" reportType="final" exiftool="File Name                       : 1.exe--list--File Size                       : 306 kB--list--File Modification Date/Time     : 2020:01:16 17:49:40+08:00--list--File Access Date/Time           : 2020:01:16 17:49:40+08:00--list--File Inode Change Date/Time     : 2020:01:16 17:49:40+08:00--list--File Type                       : Win32 EXE--list--File Type Extension             : exe--list--MIME Type                       : application/octet-stream--list--Machine Type                    : Intel 386 or later, and compatibles--list--Time Stamp                      : 2001:02:27 04:15:41+08:00--list--PE Type                         : PE32--list--Linker Version                  : 9.0--list--Code Size                       : 237056--list--Initialized Data Size           : 47616--list--Uninitialized Data Size         : 0--list--Entry Point                     : 0x11d2f--list--OS Version                      : 6.1--list--Image Version                   : 6.1--list--Subsystem Version               : 6.1--list--Subsystem                       : Windows GUI--list--File Version Number             : 6.1.7600.16385--list--Product Version Number          : 6.1.7600.16385--list--File Flags Mask                 : 0x003f--list--File Flags                      : (none)--list--File OS                         : Windows NT 32-bit--list--Object File Type                : Executable application--list--File Subtype                    : 0--list--Language Code                   : English (U.S.)--list--Character Set                   : Unicode--list--Company Name                    : Microsoft Corporation--list--File Description                : Windows Logon Application--list--File Version                    : 6.1.7600.16385 (win7_rtm.090713-1255)--list--Internal Name                   : winlogon--list--Legal Copyright                 : © Microsoft Corporation. All rights reserved.--list--Original File Name              : WINLOGON.EXE--list--Product Name                    : Microsoft® Windows® Operating System--list--Product Version                 : 6.1.7600.16385--list--" system="winxp" peinfo="加壳信息 :  未发现加壳--list--文件熵 :  6.575478 (正常)--list--fpu反调试 :  未检测到--list--载入地址 :  正常的载入点--list--代码入口信息 :  正常的入口--list--DOS stub : :  正常--list--TLS表信息 :  未发现--list--段信息 :  5--list--代码段 :  可能存在自修改代码--list--数据段 :  未见异常--list--资源段 :  未见异常--list--重定位段 :  可能存在自修改代码--list--qbgnpbk 可疑的名称  长度为0--list--时间戳 :  未见异常--list--ASLR ：  未开启--list--DEP/NX ：  未开启--list--SEH ：  开启" AI_Scan="0" filetype="PE32 executable (GUI) Intel 80386, for MS Windows"><action_list name="分析开始" level="-1" descr="动态分析开始" times="0">
	<action field="start_boot" type="System" name="AnalyzeStart" call_pid="0" call_name="" call_time="17:50:01.000">
	<exInfo_list count="0">
	</exInfo_list>
	</action>
 </action_list><action_list name="分析引擎信息" level="-1" descr="12.6, 40, 2020-01-16_17:49:58==2020-01-16_17:50:01" times="0">
	<action field="start_boot" type="System" name="VasInfo" call_pid="0" call_name="" call_time="17:50:01.001">
	<exInfo_list count="3">
		<exInfo value="12.6" descr="分析引擎版本"/>
		<exInfo value="40" descr="最大并发数量"/>
		<exInfo value="2020-01-16_17:49:58==2020-01-16_17:50:01" descr="镜像加载耗时"/>
	</exInfo_list>
	</action>
 </action_list><action_list name="进程开始执行" level="1" descr="被 vasstarter.exe（1676）创建的进程开始执行" times="0">
	<action field="start_boot" type="Process" name="BeCreated" call_pid="208" call_name="vaslauncher.exe" call_time="17:50:02.002">
	<exInfo_list count="2">
		<exInfo value="vasstarter.exe" descr="父进程名"/>
		<exInfo value="1676" descr="父进程ID"/>
	</exInfo_list>
	</action>
 </action_list><action_list name="进程开始执行" level="1" descr="被 vasstarter.exe（1676）通过参数 D:\vaslauncher.exe 以 direct 方式创建的进程开始执行" times="0">
	<action field="start_boot" type="Process" name="BeCreatedEx" call_pid="208" call_name="vaslauncher.exe" call_time="17:50:02.003">
	<exInfo_list count="4">
		<exInfo value="vasstarter.exe" descr="父进程名"/>
		<exInfo value="1676" descr="父进程ID"/>
		<exInfo value="D:\vaslauncher.exe" descr="启动参数"/>
		<exInfo value="direct" descr="创建方式"/>
	</exInfo_list>
	</action>
 </action_list><action_list name="样本打开异常" level="2" descr="分析环境与样本格式不匹配" times="0">
	<action field="start_boot" type="Process" name="BadPeFormat" call_pid="0" call_name="0" call_time="0">
	<exInfo_list count="0">
	</exInfo_list>
	</action>
 </action_list><action_list name="分析结束" level="-1" descr="动态分析结束" times="0">
	<action field="start_boot" type="System" name="AnalyzeStop" call_pid="0" call_name="" call_time="17:51:01.004">
	<exInfo_list count="0">
	</exInfo_list>
	</action>
 </action_list></file>