<?xml version="1.0" encoding="UTF-8"?> 

<file name="1.exe" 文件扩展名信息="  描述：Directly executable program   使用信息: DOS, OpenVMS, Microsoft Windows, Symbian or OS/2" sha1="b541a9ee8f8a11b567cc1feaf108d3b9c708c1a9" md5="c62a09458f577f5efa1db00474c794d5" CRC32="1ce35179" SSDEEP="6144:Xl57Iv1dKxsSs8j/EbkWl57Iv1dKxsSs8j/EbkPac1qTZHFuR5DFj47+/:X/EKvsbp/EKvsb0pqTZHFuRRFj47+/" ImportHash="09d0478591d4f788cb3e5ea416c25237" size="312503" type="exe" error="0" virusresult="Trojan.Win32.Lunam.a," vp_name="klo07" reportType="final" exiftool="File Name                       : 1.exe--list--File Size                       : 305 kB--list--File Modification Date/Time     : 2020:01:15 19:19:10+08:00--list--File Access Date/Time           : 2020:01:15 19:19:10+08:00--list--File Inode Change Date/Time     : 2020:01:15 19:19:10+08:00--list--File Type                       : Win32 EXE--list--File Type Extension             : exe--list--MIME Type                       : application/octet-stream--list--Machine Type                    : Intel 386 or later, and compatibles--list--Time Stamp                      : 2008:11:16 11:29:47+08:00--list--PE Type                         : PE32--list--Linker Version                  : 6.0--list--Code Size                       : 106496--list--Initialized Data Size           : 32768--list--Uninitialized Data Size         : 0--list--Entry Point                     : 0x1e60--list--OS Version                      : 4.0--list--Image Version                   : 1.0--list--Subsystem Version               : 4.0--list--Subsystem                       : Windows GUI--list--Warning                         : Error processing PE data dictionary--list--" system="winxp" peinfo="加壳信息 :  PeCompact 2.xx --&amp;gt; BitSum Technologies--list--文件熵 :  7.756446 (可能存在加壳)--list--fpu反调试 :  未检测到--list--载入地址 :  正常的载入点--list--代码入口信息 :  正常的入口--list--DOS stub : :  正常--list--TLS表信息 :  未发现--list--段信息 :  2 (太少)--list--代码段 :  可能存在自修改代码--list--资源段 :  可能存在自修改代码--list--时间戳 :  未见异常--list--ASLR ：  未开启--list--DEP/NX ：  未开启--list--SEH ：  开启" AI_Scan="1" filetype="PE32 executable (GUI) Intel 80386, for MS Windows, PECompact2 compressed"><action_list name="分析开始" level="-1" descr="动态分析开始" times="0">
	<action field="start_boot" type="System" name="AnalyzeStart" call_pid="0" call_name="" call_time="19:19:27.000">
	<exInfo_list count="0">
	</exInfo_list>
	</action>
 </action_list><action_list name="分析引擎信息" level="-1" descr="12.6, 40, 2020-01-15_19:19:23==2020-01-15_19:19:27" times="0">
	<action field="start_boot" type="System" name="VasInfo" call_pid="0" call_name="" call_time="19:19:27.001">
	<exInfo_list count="3">
		<exInfo value="12.6" descr="分析引擎版本"/>
		<exInfo value="40" descr="最大并发数量"/>
		<exInfo value="2020-01-15_19:19:23==2020-01-15_19:19:27" descr="镜像加载耗时"/>
	</exInfo_list>
	</action>
 </action_list><action_list name="进程开始执行" level="1" descr="被 vasstarter.exe（1676）创建的进程开始执行" times="0">
	<action field="start_boot" type="Process" name="BeCreated" call_pid="208" call_name="vaslauncher.exe" call_time="19:19:27.002">
	<exInfo_list count="2">
		<exInfo value="vasstarter.exe" descr="父进程名"/>
		<exInfo value="1676" descr="父进程ID"/>
	</exInfo_list>
	</action>
 </action_list><action_list name="进程开始执行" level="1" descr="被 vasstarter.exe（1676）通过参数 D:\vaslauncher.exe 以 direct 方式创建的进程开始执行" times="0">
	<action field="start_boot" type="Process" name="BeCreatedEx" call_pid="208" call_name="vaslauncher.exe" call_time="19:19:27.003">
	<exInfo_list count="4">
		<exInfo value="vasstarter.exe" descr="父进程名"/>
		<exInfo value="1676" descr="父进程ID"/>
		<exInfo value="D:\vaslauncher.exe" descr="启动参数"/>
		<exInfo value="direct" descr="创建方式"/>
	</exInfo_list>
	</action>
 </action_list><action_list name="进程开始执行" level="1" descr="被 vaslauncher.exe（208）创建的进程开始执行" times="0">
	<action field="start_boot" type="Process" name="BeCreated" call_pid="2036" call_name="1.exe" call_time="19:19:30.004">
	<exInfo_list count="2">
		<exInfo value="vaslauncher.exe" descr="父进程名"/>
		<exInfo value="208" descr="父进程ID"/>
	</exInfo_list>
	</action>
 </action_list><action_list name="进程开始执行" level="1" descr="被 vaslauncher.exe（208）通过参数 &quot;C:\vastest\1.exe&quot;  以 direct 方式创建的进程开始执行" times="0">
	<action field="start_boot" type="Process" name="BeCreatedEx" call_pid="2036" call_name="1.exe" call_time="19:19:30.005">
	<exInfo_list count="4">
		<exInfo value="vaslauncher.exe" descr="父进程名"/>
		<exInfo value="208" descr="父进程ID"/>
		<exInfo value="&quot;C:\vastest\1.exe&quot; " descr="启动参数"/>
		<exInfo value="direct" descr="创建方式"/>
	</exInfo_list>
	</action>
 </action_list><action_list name="自我读取" level="1" descr="读取文件 HarddiskVolume1\vastest\1.exe" times="0">
	<action field="start_boot" type="File" name="ReadFile" call_pid="2036" call_name="1.exe" call_time="19:19:30.084">
	<exInfo_list count="1">
		<exInfo value="HarddiskVolume1\vastest\1.exe" descr="文件路径"/>
	</exInfo_list>
	</action>
 </action_list><action_list name="加载模块" level="1" descr="加载模块 HarddiskVolume1\WINDOWS\system32\user32.dll" times="0">
	<action field="start_boot" type="Memory" name="LoadLibrary" call_pid="2036" call_name="1.exe" call_time="19:19:30.110">
	<exInfo_list count="1">
		<exInfo value="HarddiskVolume1\WINDOWS\system32\user32.dll" descr="动态链接库"/>
	</exInfo_list>
	</action>
 </action_list><action_list name="加载模块" level="1" descr="加载模块 HarddiskVolume1\WINDOWS\system32\gdi32.dll" times="0">
	<action field="start_boot" type="Memory" name="LoadLibrary" call_pid="2036" call_name="1.exe" call_time="19:19:30.114">
	<exInfo_list count="1">
		<exInfo value="HarddiskVolume1\WINDOWS\system32\gdi32.dll" descr="动态链接库"/>
	</exInfo_list>
	</action>
 </action_list><action_list name="加载模块" level="1" descr="加载模块 HarddiskVolume1\WINDOWS\system32\imm32.dll" times="0">
	<action field="start_boot" type="Memory" name="LoadLibrary" call_pid="2036" call_name="1.exe" call_time="19:19:30.150">
	<exInfo_list count="1">
		<exInfo value="HarddiskVolume1\WINDOWS\system32\imm32.dll" descr="动态链接库"/>
	</exInfo_list>
	</action>
 </action_list><action_list name="加载模块" level="1" descr="加载模块 HarddiskVolume1\WINDOWS\system32\advapi32.dll" times="0">
	<action field="start_boot" type="Memory" name="LoadLibrary" call_pid="2036" call_name="1.exe" call_time="19:19:30.154">
	<exInfo_list count="1">
		<exInfo value="HarddiskVolume1\WINDOWS\system32\advapi32.dll" descr="动态链接库"/>
	</exInfo_list>
	</action>
 </action_list><action_list name="加载模块" level="1" descr="加载模块 HarddiskVolume1\WINDOWS\system32\rpcrt4.dll" times="0">
	<action field="start_boot" type="Memory" name="LoadLibrary" call_pid="2036" call_name="1.exe" call_time="19:19:30.158">
	<exInfo_list count="1">
		<exInfo value="HarddiskVolume1\WINDOWS\system32\rpcrt4.dll" descr="动态链接库"/>
	</exInfo_list>
	</action>
 </action_list><action_list name="加载模块" level="1" descr="加载模块 HarddiskVolume1\WINDOWS\system32\secur32.dll" times="0">
	<action field="start_boot" type="Memory" name="LoadLibrary" call_pid="2036" call_name="1.exe" call_time="19:19:30.164">
	<exInfo_list count="1">
		<exInfo value="HarddiskVolume1\WINDOWS\system32\secur32.dll" descr="动态链接库"/>
	</exInfo_list>
	</action>
 </action_list><action_list name="加载模块" level="1" descr="加载模块 HarddiskVolume1\WINDOWS\system32\lpk.dll" times="0">
	<action field="start_boot" type="Memory" name="LoadLibrary" call_pid="2036" call_name="1.exe" call_time="19:19:30.213">
	<exInfo_list count="1">
		<exInfo value="HarddiskVolume1\WINDOWS\system32\lpk.dll" descr="动态链接库"/>
	</exInfo_list>
	</action>
 </action_list><action_list name="加载模块" level="1" descr="加载模块 HarddiskVolume1\WINDOWS\system32\usp10.dll" times="0">
	<action field="start_boot" type="Memory" name="LoadLibrary" call_pid="2036" call_name="1.exe" call_time="19:19:30.218">
	<exInfo_list count="1">
		<exInfo value="HarddiskVolume1\WINDOWS\system32\usp10.dll" descr="动态链接库"/>
	</exInfo_list>
	</action>
 </action_list><action_list name="加载模块" level="1" descr="加载模块 HarddiskVolume1\WINDOWS\system32\msvbvm60.dll" times="0">
	<action field="start_boot" type="Memory" name="LoadLibrary" call_pid="2036" call_name="1.exe" call_time="19:19:30.352">
	<exInfo_list count="1">
		<exInfo value="HarddiskVolume1\WINDOWS\system32\msvbvm60.dll" descr="动态链接库"/>
	</exInfo_list>
	</action>
 </action_list><action_list name="加载模块" level="1" descr="加载模块 HarddiskVolume1\WINDOWS\system32\ole32.dll" times="0">
	<action field="start_boot" type="Memory" name="LoadLibrary" call_pid="2036" call_name="1.exe" call_time="19:19:30.356">
	<exInfo_list count="1">
		<exInfo value="HarddiskVolume1\WINDOWS\system32\ole32.dll" descr="动态链接库"/>
	</exInfo_list>
	</action>
 </action_list><action_list name="加载模块" level="1" descr="加载模块 HarddiskVolume1\WINDOWS\system32\msvcrt.dll" times="0">
	<action field="start_boot" type="Memory" name="LoadLibrary" call_pid="2036" call_name="1.exe" call_time="19:19:30.360">
	<exInfo_list count="1">
		<exInfo value="HarddiskVolume1\WINDOWS\system32\msvcrt.dll" descr="动态链接库"/>
	</exInfo_list>
	</action>
 </action_list><action_list name="加载模块" level="1" descr="加载模块 HarddiskVolume1\WINDOWS\system32\oleaut32.dll" times="0">
	<action field="start_boot" type="Memory" name="LoadLibrary" call_pid="2036" call_name="1.exe" call_time="19:19:30.376">
	<exInfo_list count="1">
		<exInfo value="HarddiskVolume1\WINDOWS\system32\oleaut32.dll" descr="动态链接库"/>
	</exInfo_list>
	</action>
 </action_list><action_list name="加载模块" level="1" descr="加载模块 HarddiskVolume1\WINDOWS\system32\msctf.dll" times="0">
	<action field="start_boot" type="Memory" name="LoadLibrary" call_pid="2036" call_name="1.exe" call_time="19:19:30.635">
	<exInfo_list count="1">
		<exInfo value="HarddiskVolume1\WINDOWS\system32\msctf.dll" descr="动态链接库"/>
	</exInfo_list>
	</action>
 </action_list><action_list name="加载模块" level="1" descr="加载模块 HarddiskVolume1\WINDOWS\system32\sxs.dll" times="0">
	<action field="start_boot" type="Memory" name="LoadLibrary" call_pid="2036" call_name="1.exe" call_time="19:19:30.723">
	<exInfo_list count="1">
		<exInfo value="HarddiskVolume1\WINDOWS\system32\sxs.dll" descr="动态链接库"/>
	</exInfo_list>
	</action>
 </action_list><action_list name="加载模块" level="1" descr="加载模块 HarddiskVolume1\WINDOWS\system32\version.dll" times="0">
	<action field="start_boot" type="Memory" name="LoadLibrary" call_pid="2036" call_name="1.exe" call_time="19:19:30.768">
	<exInfo_list count="1">
		<exInfo value="HarddiskVolume1\WINDOWS\system32\version.dll" descr="动态链接库"/>
	</exInfo_list>
	</action>
 </action_list><action_list name="加载模块" level="1" descr="加载模块 HarddiskVolume1\WINDOWS\system32\msctfime.ime" times="0">
	<action field="start_boot" type="Memory" name="LoadLibrary" call_pid="2036" call_name="1.exe" call_time="19:19:30.815">
	<exInfo_list count="1">
		<exInfo value="HarddiskVolume1\WINDOWS\system32\msctfime.ime" descr="动态链接库"/>
	</exInfo_list>
	</action>
 </action_list><action_list name="检测分析环境" level="1" descr="通过 sleep(30s) 技术检测虚拟机或调试器，逃避分析与查杀" times="0">
	<action field="start_boot" type="System" name="DetectDebugger" call_pid="2036" call_name="1.exe" call_time="19:19:31.006">
	<exInfo_list count="1">
		<exInfo value="sleep(30s)" descr="技术手段"/>
	</exInfo_list>
	</action>
 </action_list><action_list name="加载模块" level="1" descr="加载模块 HarddiskVolume1\WINDOWS\system32\clbcatq.dll" times="0">
	<action field="start_boot" type="Memory" name="LoadLibrary" call_pid="2036" call_name="1.exe" call_time="19:19:31.056">
	<exInfo_list count="1">
		<exInfo value="HarddiskVolume1\WINDOWS\system32\clbcatq.dll" descr="动态链接库"/>
	</exInfo_list>
	</action>
 </action_list><action_list name="加载模块" level="1" descr="加载模块 HarddiskVolume1\WINDOWS\system32\comres.dll" times="0">
	<action field="start_boot" type="Memory" name="LoadLibrary" call_pid="2036" call_name="1.exe" call_time="19:19:31.061">
	<exInfo_list count="1">
		<exInfo value="HarddiskVolume1\WINDOWS\system32\comres.dll" descr="动态链接库"/>
	</exInfo_list>
	</action>
 </action_list><action_list name="加载模块" level="1" descr="加载模块 HarddiskVolume1\WINDOWS\system32\version.dll" times="0">
	<action field="start_boot" type="Memory" name="LoadLibrary" call_pid="2036" call_name="1.exe" call_time="19:19:31.073">
	<exInfo_list count="1">
		<exInfo value="HarddiskVolume1\WINDOWS\system32\version.dll" descr="动态链接库"/>
	</exInfo_list>
	</action>
 </action_list><action_list name="读取系统文件" level="2" descr="读取文件 HarddiskVolume1\WINDOWS\Registration\R000000000007.clb" times="0">
	<action field="start_boot" type="File" name="ReadFile" call_pid="2036" call_name="1.exe" call_time="19:19:31.130">
	<exInfo_list count="1">
		<exInfo value="HarddiskVolume1\WINDOWS\Registration\R000000000007.clb" descr="文件路径"/>
	</exInfo_list>
	</action>
 </action_list><action_list name="加载模块" level="1" descr="加载模块 HarddiskVolume1\WINDOWS\system32\scrrun.dll" times="0">
	<action field="start_boot" type="Memory" name="LoadLibrary" call_pid="2036" call_name="1.exe" call_time="19:19:31.199">
	<exInfo_list count="1">
		<exInfo value="HarddiskVolume1\WINDOWS\system32\scrrun.dll" descr="动态链接库"/>
	</exInfo_list>
	</action>
 </action_list><action_list name="读取系统文件" level="2" descr="读取文件 HarddiskVolume1\WINDOWS\system32\scrrun.dll" times="0">
	<action field="start_boot" type="File" name="ReadFile" call_pid="2036" call_name="1.exe" call_time="19:19:31.236">
	<exInfo_list count="1">
		<exInfo value="HarddiskVolume1\WINDOWS\system32\scrrun.dll" descr="文件路径"/>
	</exInfo_list>
	</action>
 </action_list><action_list name="加载模块" level="1" descr="加载模块 HarddiskVolume1\WINDOWS\system32\wshom.ocx" times="0">
	<action field="start_boot" type="Memory" name="LoadLibrary" call_pid="2036" call_name="1.exe" call_time="19:19:31.401">
	<exInfo_list count="1">
		<exInfo value="HarddiskVolume1\WINDOWS\system32\wshom.ocx" descr="动态链接库"/>
	</exInfo_list>
	</action>
 </action_list><action_list name="加载模块" level="1" descr="加载模块 HarddiskVolume1\WINDOWS\system32\mpr.dll" times="0">
	<action field="start_boot" type="Memory" name="LoadLibrary" call_pid="2036" call_name="1.exe" call_time="19:19:31.428">
	<exInfo_list count="1">
		<exInfo value="HarddiskVolume1\WINDOWS\system32\mpr.dll" descr="动态链接库"/>
	</exInfo_list>
	</action>
 </action_list><action_list name="加载模块" level="1" descr="加载模块 HarddiskVolume1\WINDOWS\system32\shell32.dll" times="0">
	<action field="start_boot" type="Memory" name="LoadLibrary" call_pid="2036" call_name="1.exe" call_time="19:19:31.436">
	<exInfo_list count="1">
		<exInfo value="HarddiskVolume1\WINDOWS\system32\shell32.dll" descr="动态链接库"/>
	</exInfo_list>
	</action>
 </action_list><action_list name="加载模块" level="1" descr="加载模块 HarddiskVolume1\WINDOWS\system32\shlwapi.dll" times="0">
	<action field="start_boot" type="Memory" name="LoadLibrary" call_pid="2036" call_name="1.exe" call_time="19:19:31.448">
	<exInfo_list count="1">
		<exInfo value="HarddiskVolume1\WINDOWS\system32\shlwapi.dll" descr="动态链接库"/>
	</exInfo_list>
	</action>
 </action_list><action_list name="加载模块" level="1" descr="加载模块 HarddiskVolume1\WINDOWS\WinSxS\x86_Microsoft.Windows.Common-Controls_6595b64144ccf1df_6.0.2600.5512_x-ww_35d4ce83\comctl32.dll" times="0">
	<action field="start_boot" type="Memory" name="LoadLibrary" call_pid="2036" call_name="1.exe" call_time="19:19:31.527">
	<exInfo_list count="1">
		<exInfo value="HarddiskVolume1\WINDOWS\WinSxS\x86_Microsoft.Windows.Common-Controls_6595b64144ccf1df_6.0.2600.5512_x-ww_35d4ce83\comctl32.dll" descr="动态链接库"/>
	</exInfo_list>
	</action>
 </action_list><action_list name="加载模块" level="1" descr="加载模块 HarddiskVolume1\WINDOWS\system32\comctl32.dll" times="0">
	<action field="start_boot" type="Memory" name="LoadLibrary" call_pid="2036" call_name="1.exe" call_time="19:19:31.615">
	<exInfo_list count="1">
		<exInfo value="HarddiskVolume1\WINDOWS\system32\comctl32.dll" descr="动态链接库"/>
	</exInfo_list>
	</action>
 </action_list><action_list name="读取系统文件" level="2" descr="读取文件 HarddiskVolume1\WINDOWS\system32\zh-cn\wshom.ocx.mui" times="0">
	<action field="start_boot" type="File" name="ReadFile" call_pid="2036" call_name="1.exe" call_time="19:19:31.680">
	<exInfo_list count="1">
		<exInfo value="HarddiskVolume1\WINDOWS\system32\zh-cn\wshom.ocx.mui" descr="文件路径"/>
	</exInfo_list>
	</action>
 </action_list><action_list name="读取系统文件" level="2" descr="读取文件 HarddiskVolume1\WINDOWS\system32\wshom.ocx" times="0">
	<action field="start_boot" type="File" name="ReadFile" call_pid="2036" call_name="1.exe" call_time="19:19:31.708">
	<exInfo_list count="1">
		<exInfo value="HarddiskVolume1\WINDOWS\system32\wshom.ocx" descr="文件路径"/>
	</exInfo_list>
	</action>
 </action_list><action_list name="设置注册表中键值" level="2" descr="设置注册表中键 \REGISTRY\MACHINE\SOFTWARE\MICROSOF2\WINDO2S\C2RREN2VERSION\R2N 的值 a2scan" times="0">
	<action field="start_boot" type="Reg" name="SetKeyValue" call_pid="2036" call_name="1.exe" call_time="19:19:31.767">
	<exInfo_list count="2">
		<exInfo value="\REGISTRY\MACHINE\SOFTWARE\MICROSOF2\WINDO2S\C2RREN2VERSION\R2N" descr="键名"/>
		<exInfo value="a2scan" descr="键值"/>
	</exInfo_list>
	</action>
 </action_list><action_list name="设置注册表中键值" level="2" descr="设置注册表中键 \REGISTRY\USER\S-1-5-21-117609710-838170752-515967899-1003\SOF22ARE\MICROSOF2\WINDO2S\C2RREN2VERSION\E 的值 HideFileE2" times="0">
	<action field="start_boot" type="Reg" name="SetKeyValue" call_pid="2036" call_name="1.exe" call_time="19:19:31.779">
	<exInfo_list count="2">
		<exInfo value="\REGISTRY\USER\S-1-5-21-117609710-838170752-515967899-1003\SOF22ARE\MICROSOF2\WINDO2S\C2RREN2VERSION\E" descr="键名"/>
		<exInfo value="HideFileE2" descr="键值"/>
	</exInfo_list>
	</action>
 </action_list><action_list name="设置注册表中键值" level="2" descr="设置注册表中键 \REGISTRY\USER\S-1-5-21-117609710-838170752-515967899-1003\SOF22ARE\MICROSOF2\WINDO2S\C2RREN2VERSION\E 的值 S2perHidden" times="0">
	<action field="start_boot" type="Reg" name="SetKeyValue" call_pid="2036" call_name="1.exe" call_time="19:19:31.781">
	<exInfo_list count="2">
		<exInfo value="\REGISTRY\USER\S-1-5-21-117609710-838170752-515967899-1003\SOF22ARE\MICROSOF2\WINDO2S\C2RREN2VERSION\E" descr="键名"/>
		<exInfo value="S2perHidden" descr="键值"/>
	</exInfo_list>
	</action>
 </action_list><action_list name="设置注册表中键值" level="2" descr="设置注册表中键 \REGISTRY\USER\S-1-5-21-117609710-838170752-515967899-1003\SOF22ARE\MICROSOF2\WINDO2S\C2RREN2VERSION\E 的值 Sho2S2perHidden" times="0">
	<action field="start_boot" type="Reg" name="SetKeyValue" call_pid="2036" call_name="1.exe" call_time="19:19:31.783">
	<exInfo_list count="2">
		<exInfo value="\REGISTRY\USER\S-1-5-21-117609710-838170752-515967899-1003\SOF22ARE\MICROSOF2\WINDO2S\C2RREN2VERSION\E" descr="键名"/>
		<exInfo value="Sho2S2perHidden" descr="键值"/>
	</exInfo_list>
	</action>
 </action_list><action_list name="设置注册表中键值" level="2" descr="设置注册表中键 \REGISTRY\MACHINE\SOFTWARE\MICROSOF2\WINDO2S\C2RREN2VERSION\E 的值 Defa2l2Val2e" times="0">
	<action field="start_boot" type="Reg" name="SetKeyValue" call_pid="2036" call_name="1.exe" call_time="19:19:31.792">
	<exInfo_list count="2">
		<exInfo value="\REGISTRY\MACHINE\SOFTWARE\MICROSOF2\WINDO2S\C2RREN2VERSION\E" descr="键名"/>
		<exInfo value="Defa2l2Val2e" descr="键值"/>
	</exInfo_list>
	</action>
 </action_list><action_list name="设置注册表中键值" level="2" descr="设置注册表中键 \REGISTRY\MACHINE\SOFTWARE\MICROSOF2\WINDO2S\C2RREN2VERSION\E 的值 UncheckedVal2e" times="0">
	<action field="start_boot" type="Reg" name="SetKeyValue" call_pid="2036" call_name="1.exe" call_time="19:19:31.794">
	<exInfo_list count="2">
		<exInfo value="\REGISTRY\MACHINE\SOFTWARE\MICROSOF2\WINDO2S\C2RREN2VERSION\E" descr="键名"/>
		<exInfo value="UncheckedVal2e" descr="键值"/>
	</exInfo_list>
	</action>
 </action_list><action_list name="加载模块" level="1" descr="加载模块 HarddiskVolume1\WINDOWS\system32\apphelp.dll" times="0">
	<action field="start_boot" type="Memory" name="LoadLibrary" call_pid="2036" call_name="1.exe" call_time="19:19:31.815">
	<exInfo_list count="1">
		<exInfo value="HarddiskVolume1\WINDOWS\system32\apphelp.dll" descr="动态链接库"/>
	</exInfo_list>
	</action>
 </action_list><action_list name="映射文件" level="1" descr="映射文件 HarddiskVolume1\WINDOWS\system32\reg.exe" times="0">
	<action field="start_boot" type="File" name="ReadFileToCreate" call_pid="2036" call_name="1.exe" call_time="19:19:31.861">
	<exInfo_list count="1">
		<exInfo value="HarddiskVolume1\WINDOWS\system32\reg.exe" descr="文件路径"/>
	</exInfo_list>
	</action>
 </action_list><action_list name="创建进程" level="3" descr="创建进程  REG DELETE HKLM\SYSTEM\C2rren2Con2rolSe2\Con2rol\SafeBoo2 /f" times="0">
	<action field="start_boot" type="Process" name="CreateProcess" call_pid="2036" call_name="1.exe" call_time="19:19:31.797">
	<exInfo_list count="1">
		<exInfo value=" REG DELETE HKLM\SYSTEM\C2rren2Con2rolSe2\Con2rol\SafeBoo2 /f" descr="进程名"/>
	</exInfo_list>
	</action>
 </action_list><action_list name="加载模块" level="1" descr="加载模块 HarddiskVolume1\WINDOWS\system32\shdocvw.dll" times="0">
	<action field="start_boot" type="Memory" name="LoadLibrary" call_pid="2036" call_name="1.exe" call_time="19:19:31.058">
	<exInfo_list count="1">
		<exInfo value="HarddiskVolume1\WINDOWS\system32\shdocvw.dll" descr="动态链接库"/>
	</exInfo_list>
	</action>
 </action_list><action_list name="加载模块" level="1" descr="加载模块 HarddiskVolume1\WINDOWS\system32\crypt32.dll" times="0">
	<action field="start_boot" type="Memory" name="LoadLibrary" call_pid="2036" call_name="1.exe" call_time="19:19:31.062">
	<exInfo_list count="1">
		<exInfo value="HarddiskVolume1\WINDOWS\system32\crypt32.dll" descr="动态链接库"/>
	</exInfo_list>
	</action>
 </action_list><action_list name="加载模块" level="1" descr="加载模块 HarddiskVolume1\WINDOWS\system32\msasn1.dll" times="0">
	<action field="start_boot" type="Memory" name="LoadLibrary" call_pid="2036" call_name="1.exe" call_time="19:19:31.066">
	<exInfo_list count="1">
		<exInfo value="HarddiskVolume1\WINDOWS\system32\msasn1.dll" descr="动态链接库"/>
	</exInfo_list>
	</action>
 </action_list><action_list name="加载模块" level="1" descr="加载模块 HarddiskVolume1\WINDOWS\system32\cryptui.dll" times="0">
	<action field="start_boot" type="Memory" name="LoadLibrary" call_pid="2036" call_name="1.exe" call_time="19:19:31.084">
	<exInfo_list count="1">
		<exInfo value="HarddiskVolume1\WINDOWS\system32\cryptui.dll" descr="动态链接库"/>
	</exInfo_list>
	</action>
 </action_list><action_list name="加载模块" level="1" descr="加载模块 HarddiskVolume1\WINDOWS\system32\netapi32.dll" times="0">
	<action field="start_boot" type="Memory" name="LoadLibrary" call_pid="2036" call_name="1.exe" call_time="19:19:31.100">
	<exInfo_list count="1">
		<exInfo value="HarddiskVolume1\WINDOWS\system32\netapi32.dll" descr="动态链接库"/>
	</exInfo_list>
	</action>
 </action_list><action_list name="加载模块" level="1" descr="加载模块 HarddiskVolume1\WINDOWS\system32\wininet.dll" times="0">
	<action field="start_boot" type="Memory" name="LoadLibrary" call_pid="2036" call_name="1.exe" call_time="19:19:31.112">
	<exInfo_list count="1">
		<exInfo value="HarddiskVolume1\WINDOWS\system32\wininet.dll" descr="动态链接库"/>
	</exInfo_list>
	</action>
 </action_list><action_list name="加载模块" level="1" descr="加载模块 HarddiskVolume1\WINDOWS\system32\wintrust.dll" times="0">
	<action field="start_boot" type="Memory" name="LoadLibrary" call_pid="2036" call_name="1.exe" call_time="19:19:31.123">
	<exInfo_list count="1">
		<exInfo value="HarddiskVolume1\WINDOWS\system32\wintrust.dll" descr="动态链接库"/>
	</exInfo_list>
	</action>
 </action_list><action_list name="加载模块" level="1" descr="加载模块 HarddiskVolume1\WINDOWS\system32\imagehlp.dll" times="0">
	<action field="start_boot" type="Memory" name="LoadLibrary" call_pid="2036" call_name="1.exe" call_time="19:19:31.127">
	<exInfo_list count="1">
		<exInfo value="HarddiskVolume1\WINDOWS\system32\imagehlp.dll" descr="动态链接库"/>
	</exInfo_list>
	</action>
 </action_list><action_list name="加载模块" level="1" descr="加载模块 HarddiskVolume1\WINDOWS\system32\wldap32.dll" times="0">
	<action field="start_boot" type="Memory" name="LoadLibrary" call_pid="2036" call_name="1.exe" call_time="19:19:31.145">
	<exInfo_list count="1">
		<exInfo value="HarddiskVolume1\WINDOWS\system32\wldap32.dll" descr="动态链接库"/>
	</exInfo_list>
	</action>
 </action_list><action_list name="加载模块" level="1" descr="加载模块 HarddiskVolume1\WINDOWS\system32\riched20.dll" times="0">
	<action field="start_boot" type="Memory" name="LoadLibrary" call_pid="2036" call_name="1.exe" call_time="19:19:31.233">
	<exInfo_list count="1">
		<exInfo value="HarddiskVolume1\WINDOWS\system32\riched20.dll" descr="动态链接库"/>
	</exInfo_list>
	</action>
 </action_list><action_list name="进程开始执行" level="1" descr="被 1.exe（2036）创建的进程开始执行" times="0">
	<action field="start_boot" type="Process" name="BeCreated" call_pid="1928" call_name="reg.exe" call_time="19:19:31.262">
	<exInfo_list count="2">
		<exInfo value="1.exe" descr="父进程名"/>
		<exInfo value="2036" descr="父进程ID"/>
	</exInfo_list>
	</action>
 </action_list><action_list name="进程开始执行" level="1" descr="被 1.exe（2036）通过参数 REG DELETE HKLM\SYSTEM\C2rren2Con2rolSe2\Con2rol\SafeBoo2 /f 以 direct 方式创建的进程开始执行" times="0">
	<action field="start_boot" type="Process" name="BeCreatedEx" call_pid="1928" call_name="reg.exe" call_time="19:19:31.263">
	<exInfo_list count="4">
		<exInfo value="1.exe" descr="父进程名"/>
		<exInfo value="2036" descr="父进程ID"/>
		<exInfo value="REG DELETE HKLM\SYSTEM\C2rren2Con2rolSe2\Con2rol\SafeBoo2 /f" descr="启动参数"/>
		<exInfo value="direct" descr="创建方式"/>
	</exInfo_list>
	</action>
 </action_list><action_list name="加载模块" level="1" descr="加载模块 HarddiskVolume1\WINDOWS\system32\msvcrt.dll" times="0">
	<action field="start_boot" type="Memory" name="LoadLibrary" call_pid="1928" call_name="reg.exe" call_time="19:19:31.341">
	<exInfo_list count="1">
		<exInfo value="HarddiskVolume1\WINDOWS\system32\msvcrt.dll" descr="动态链接库"/>
	</exInfo_list>
	</action>
 </action_list><action_list name="加载模块" level="1" descr="加载模块 HarddiskVolume1\WINDOWS\system32\advapi32.dll" times="0">
	<action field="start_boot" type="Memory" name="LoadLibrary" call_pid="1928" call_name="reg.exe" call_time="19:19:31.356">
	<exInfo_list count="1">
		<exInfo value="HarddiskVolume1\WINDOWS\system32\advapi32.dll" descr="动态链接库"/>
	</exInfo_list>
	</action>
 </action_list><action_list name="加载模块" level="1" descr="加载模块 HarddiskVolume1\WINDOWS\system32\rpcrt4.dll" times="0">
	<action field="start_boot" type="Memory" name="LoadLibrary" call_pid="1928" call_name="reg.exe" call_time="19:19:31.360">
	<exInfo_list count="1">
		<exInfo value="HarddiskVolume1\WINDOWS\system32\rpcrt4.dll" descr="动态链接库"/>
	</exInfo_list>
	</action>
 </action_list><action_list name="加载模块" level="1" descr="加载模块 HarddiskVolume1\WINDOWS\system32\secur32.dll" times="0">
	<action field="start_boot" type="Memory" name="LoadLibrary" call_pid="1928" call_name="reg.exe" call_time="19:19:31.364">
	<exInfo_list count="1">
		<exInfo value="HarddiskVolume1\WINDOWS\system32\secur32.dll" descr="动态链接库"/>
	</exInfo_list>
	</action>
 </action_list><action_list name="加载模块" level="1" descr="加载模块 HarddiskVolume1\WINDOWS\system32\user32.dll" times="0">
	<action field="start_boot" type="Memory" name="LoadLibrary" call_pid="1928" call_name="reg.exe" call_time="19:19:31.368">
	<exInfo_list count="1">
		<exInfo value="HarddiskVolume1\WINDOWS\system32\user32.dll" descr="动态链接库"/>
	</exInfo_list>
	</action>
 </action_list><action_list name="加载模块" level="1" descr="加载模块 HarddiskVolume1\WINDOWS\system32\gdi32.dll" times="0">
	<action field="start_boot" type="Memory" name="LoadLibrary" call_pid="1928" call_name="reg.exe" call_time="19:19:31.372">
	<exInfo_list count="1">
		<exInfo value="HarddiskVolume1\WINDOWS\system32\gdi32.dll" descr="动态链接库"/>
	</exInfo_list>
	</action>
 </action_list><action_list name="加载模块" level="1" descr="加载模块 HarddiskVolume1\WINDOWS\system32\shimeng.dll" times="0">
	<action field="start_boot" type="Memory" name="LoadLibrary" call_pid="1928" call_name="reg.exe" call_time="19:19:31.384">
	<exInfo_list count="1">
		<exInfo value="HarddiskVolume1\WINDOWS\system32\shimeng.dll" descr="动态链接库"/>
	</exInfo_list>
	</action>
 </action_list><action_list name="加载模块" level="1" descr="加载模块 HarddiskVolume1\WINDOWS\AppPatch\acgenral.dll" times="0">
	<action field="start_boot" type="Memory" name="LoadLibrary" call_pid="1928" call_name="reg.exe" call_time="19:19:31.445">
	<exInfo_list count="1">
		<exInfo value="HarddiskVolume1\WINDOWS\AppPatch\acgenral.dll" descr="动态链接库"/>
	</exInfo_list>
	</action>
 </action_list><action_list name="加载模块" level="1" descr="加载模块 HarddiskVolume1\WINDOWS\system32\winmm.dll" times="0">
	<action field="start_boot" type="Memory" name="LoadLibrary" call_pid="1928" call_name="reg.exe" call_time="19:19:31.450">
	<exInfo_list count="1">
		<exInfo value="HarddiskVolume1\WINDOWS\system32\winmm.dll" descr="动态链接库"/>
	</exInfo_list>
	</action>
 </action_list><action_list name="加载模块" level="1" descr="加载模块 HarddiskVolume1\WINDOWS\system32\ole32.dll" times="0">
	<action field="start_boot" type="Memory" name="LoadLibrary" call_pid="1928" call_name="reg.exe" call_time="19:19:31.454">
	<exInfo_list count="1">
		<exInfo value="HarddiskVolume1\WINDOWS\system32\ole32.dll" descr="动态链接库"/>
	</exInfo_list>
	</action>
 </action_list><action_list name="加载模块" level="1" descr="加载模块 HarddiskVolume1\WINDOWS\system32\oleaut32.dll" times="0">
	<action field="start_boot" type="Memory" name="LoadLibrary" call_pid="1928" call_name="reg.exe" call_time="19:19:31.465">
	<exInfo_list count="1">
		<exInfo value="HarddiskVolume1\WINDOWS\system32\oleaut32.dll" descr="动态链接库"/>
	</exInfo_list>
	</action>
 </action_list><action_list name="加载模块" level="1" descr="加载模块 HarddiskVolume1\WINDOWS\system32\msacm32.dll" times="0">
	<action field="start_boot" type="Memory" name="LoadLibrary" call_pid="1928" call_name="reg.exe" call_time="19:19:31.478">
	<exInfo_list count="1">
		<exInfo value="HarddiskVolume1\WINDOWS\system32\msacm32.dll" descr="动态链接库"/>
	</exInfo_list>
	</action>
 </action_list><action_list name="加载模块" level="1" descr="加载模块 HarddiskVolume1\WINDOWS\system32\version.dll" times="0">
	<action field="start_boot" type="Memory" name="LoadLibrary" call_pid="1928" call_name="reg.exe" call_time="19:19:31.488">
	<exInfo_list count="1">
		<exInfo value="HarddiskVolume1\WINDOWS\system32\version.dll" descr="动态链接库"/>
	</exInfo_list>
	</action>
 </action_list><action_list name="加载模块" level="1" descr="加载模块 HarddiskVolume1\WINDOWS\system32\shell32.dll" times="0">
	<action field="start_boot" type="Memory" name="LoadLibrary" call_pid="1928" call_name="reg.exe" call_time="19:19:31.492">
	<exInfo_list count="1">
		<exInfo value="HarddiskVolume1\WINDOWS\system32\shell32.dll" descr="动态链接库"/>
	</exInfo_list>
	</action>
 </action_list><action_list name="加载模块" level="1" descr="加载模块 HarddiskVolume1\WINDOWS\system32\shlwapi.dll" times="0">
	<action field="start_boot" type="Memory" name="LoadLibrary" call_pid="1928" call_name="reg.exe" call_time="19:19:31.504">
	<exInfo_list count="1">
		<exInfo value="HarddiskVolume1\WINDOWS\system32\shlwapi.dll" descr="动态链接库"/>
	</exInfo_list>
	</action>
 </action_list><action_list name="加载模块" level="1" descr="加载模块 HarddiskVolume1\WINDOWS\system32\userenv.dll" times="0">
	<action field="start_boot" type="Memory" name="LoadLibrary" call_pid="1928" call_name="reg.exe" call_time="19:19:31.518">
	<exInfo_list count="1">
		<exInfo value="HarddiskVolume1\WINDOWS\system32\userenv.dll" descr="动态链接库"/>
	</exInfo_list>
	</action>
 </action_list><action_list name="加载模块" level="1" descr="加载模块 HarddiskVolume1\WINDOWS\system32\uxtheme.dll" times="0">
	<action field="start_boot" type="Memory" name="LoadLibrary" call_pid="1928" call_name="reg.exe" call_time="19:19:32.566">
	<exInfo_list count="1">
		<exInfo value="HarddiskVolume1\WINDOWS\system32\uxtheme.dll" descr="动态链接库"/>
	</exInfo_list>
	</action>
 </action_list><action_list name="加载模块" level="1" descr="加载模块 HarddiskVolume1\WINDOWS\system32\setupapi.dll" times="0">
	<action field="start_boot" type="Memory" name="LoadLibrary" call_pid="2036" call_name="1.exe" call_time="19:19:32.654">
	<exInfo_list count="1">
		<exInfo value="HarddiskVolume1\WINDOWS\system32\setupapi.dll" descr="动态链接库"/>
	</exInfo_list>
	</action>
 </action_list><action_list name="检测分析环境" level="1" descr="通过 MemoryOperation 技术检测虚拟机或调试器，逃避分析与查杀" times="0">
	<action field="start_boot" type="System" name="DetectDebugger" call_pid="2036" call_name="1.exe" call_time="19:19:32.718">
	<exInfo_list count="1">
		<exInfo value="MemoryOperation" descr="技术手段"/>
	</exInfo_list>
	</action>
 </action_list><action_list name="变更权限" level="3" descr="改变进程的权限" times="0">
	<action field="start_boot" type="Process" name="AdjustPrivilege" call_pid="2036" call_name="1.exe" call_time="19:19:32.762">
	<exInfo_list count="0">
	</exInfo_list>
	</action>
 </action_list><action_list name="加载模块" level="1" descr="加载模块 HarddiskVolume1\WINDOWS\system32\imm32.dll" times="0">
	<action field="start_boot" type="Memory" name="LoadLibrary" call_pid="1928" call_name="reg.exe" call_time="19:19:32.928">
	<exInfo_list count="1">
		<exInfo value="HarddiskVolume1\WINDOWS\system32\imm32.dll" descr="动态链接库"/>
	</exInfo_list>
	</action>
 </action_list><action_list name="加载模块" level="1" descr="加载模块 HarddiskVolume1\WINDOWS\system32\lpk.dll" times="0">
	<action field="start_boot" type="Memory" name="LoadLibrary" call_pid="1928" call_name="reg.exe" call_time="19:19:32.950">
	<exInfo_list count="1">
		<exInfo value="HarddiskVolume1\WINDOWS\system32\lpk.dll" descr="动态链接库"/>
	</exInfo_list>
	</action>
 </action_list><action_list name="加载模块" level="1" descr="加载模块 HarddiskVolume1\WINDOWS\system32\usp10.dll" times="0">
	<action field="start_boot" type="Memory" name="LoadLibrary" call_pid="1928" call_name="reg.exe" call_time="19:19:32.955">
	<exInfo_list count="1">
		<exInfo value="HarddiskVolume1\WINDOWS\system32\usp10.dll" descr="动态链接库"/>
	</exInfo_list>
	</action>
 </action_list><action_list name="加载模块" level="1" descr="加载模块 HarddiskVolume1\WINDOWS\WinSxS\x86_Microsoft.Windows.Common-Controls_6595b64144ccf1df_6.0.2600.5512_x-ww_35d4ce83\comctl32.dll" times="0">
	<action field="start_boot" type="Memory" name="LoadLibrary" call_pid="1928" call_name="reg.exe" call_time="19:19:32.119">
	<exInfo_list count="1">
		<exInfo value="HarddiskVolume1\WINDOWS\WinSxS\x86_Microsoft.Windows.Common-Controls_6595b64144ccf1df_6.0.2600.5512_x-ww_35d4ce83\comctl32.dll" descr="动态链接库"/>
	</exInfo_list>
	</action>
 </action_list><action_list name="加载模块" level="1" descr="加载模块 HarddiskVolume1\WINDOWS\system32\comctl32.dll" times="0">
	<action field="start_boot" type="Memory" name="LoadLibrary" call_pid="1928" call_name="reg.exe" call_time="19:19:32.231">
	<exInfo_list count="1">
		<exInfo value="HarddiskVolume1\WINDOWS\system32\comctl32.dll" descr="动态链接库"/>
	</exInfo_list>
	</action>
 </action_list><action_list name="加载模块" level="1" descr="加载模块 HarddiskVolume1\WINDOWS\system32\apphelp.dll" times="0">
	<action field="start_boot" type="Memory" name="LoadLibrary" call_pid="1928" call_name="reg.exe" call_time="19:19:32.348">
	<exInfo_list count="1">
		<exInfo value="HarddiskVolume1\WINDOWS\system32\apphelp.dll" descr="动态链接库"/>
	</exInfo_list>
	</action>
 </action_list><action_list name="映射文件" level="1" descr="映射文件 HarddiskVolume1\WINDOWS\system32\conime.exe" times="0">
	<action field="start_boot" type="File" name="ReadFileToCreate" call_pid="1928" call_name="reg.exe" call_time="19:19:32.394">
	<exInfo_list count="1">
		<exInfo value="HarddiskVolume1\WINDOWS\system32\conime.exe" descr="文件路径"/>
	</exInfo_list>
	</action>
 </action_list><action_list name="启动CUI程序" level="2" descr="通过黑框命令行执行系统命令或恶意脚本" times="0">
	<action field="start_boot" type="Process" name="CreateProcess" call_pid="1928" call_name="reg.exe" call_time="19:19:32.324">
	<exInfo_list count="1">
		<exInfo value=" C:\WINDOWS\system32\conime.exe" descr="进程名"/>
	</exInfo_list>
	</action>
 </action_list><action_list name="设置注册表中键值" level="2" descr="设置注册表中键 \REGISTRY\USER\S-1-5-21-117609710-838170752-515967899-1003\SOFTWARE\MICROSOFT\WINDOWS\CURRENTVERSION\EXPLORER\MOUNTPOINTS2\{05CFC942-435A-11E6-BABC-806D6172696F} 的值 BaseClass" times="0">
	<action field="start_boot" type="Reg" name="SetKeyValue" call_pid="2036" call_name="1.exe" call_time="19:19:32.527">
	<exInfo_list count="2">
		<exInfo value="\REGISTRY\USER\S-1-5-21-117609710-838170752-515967899-1003\SOFTWARE\MICROSOFT\WINDOWS\CURRENTVERSION\EXPLORER\MOUNTPOINTS2\{05CFC942-435A-11E6-BABC-806D6172696F}" descr="键名"/>
		<exInfo value="BaseClass" descr="键值"/>
	</exInfo_list>
	</action>
 </action_list><action_list name="程序退出" level="-1" descr="reg.exe 退出" times="0">
	<action field="start_boot" type="Process" name="TerminateProcess" call_pid="1928" call_name="reg.exe" call_time="19:19:32.535">
	<exInfo_list count="1">
		<exInfo value="reg.exe" descr="结束进程名"/>
	</exInfo_list>
	</action>
 </action_list><action_list name="设置注册表中键值" level="2" descr="设置注册表中键 \REGISTRY\USER\S-1-5-21-117609710-838170752-515967899-1003\SOFTWARE\MICROSOFT\WINDOWS\CURRENTVERSION\EXPLORER\MOUNTPOINTS2\{05CFC940-435A-11E6-BABC-806D6172696F} 的值 BaseClass" times="0">
	<action field="start_boot" type="Reg" name="SetKeyValue" call_pid="2036" call_name="1.exe" call_time="19:19:32.583">
	<exInfo_list count="2">
		<exInfo value="\REGISTRY\USER\S-1-5-21-117609710-838170752-515967899-1003\SOFTWARE\MICROSOFT\WINDOWS\CURRENTVERSION\EXPLORER\MOUNTPOINTS2\{05CFC940-435A-11E6-BABC-806D6172696F}" descr="键名"/>
		<exInfo value="BaseClass" descr="键值"/>
	</exInfo_list>
	</action>
 </action_list><action_list name="进程开始执行" level="1" descr="被 reg.exe（1928）创建的进程开始执行" times="0">
	<action field="start_boot" type="Process" name="BeCreated" call_pid="792" call_name="conime.exe" call_time="19:19:32.668">
	<exInfo_list count="2">
		<exInfo value="reg.exe" descr="父进程名"/>
		<exInfo value="1928" descr="父进程ID"/>
	</exInfo_list>
	</action>
 </action_list><action_list name="进程开始执行" level="1" descr="被 reg.exe（1928）通过参数 C:\WINDOWS\system32\conime.exe 以 direct 方式创建的进程开始执行" times="0">
	<action field="start_boot" type="Process" name="BeCreatedEx" call_pid="792" call_name="conime.exe" call_time="19:19:32.669">
	<exInfo_list count="4">
		<exInfo value="reg.exe" descr="父进程名"/>
		<exInfo value="1928" descr="父进程ID"/>
		<exInfo value="C:\WINDOWS\system32\conime.exe" descr="启动参数"/>
		<exInfo value="direct" descr="创建方式"/>
	</exInfo_list>
	</action>
 </action_list><action_list name="加载模块" level="1" descr="加载模块 HarddiskVolume1\WINDOWS\system32\user32.dll" times="0">
	<action field="start_boot" type="Memory" name="LoadLibrary" call_pid="792" call_name="conime.exe" call_time="19:19:32.803">
	<exInfo_list count="1">
		<exInfo value="HarddiskVolume1\WINDOWS\system32\user32.dll" descr="动态链接库"/>
	</exInfo_list>
	</action>
 </action_list><action_list name="加载模块" level="1" descr="加载模块 HarddiskVolume1\WINDOWS\system32\gdi32.dll" times="0">
	<action field="start_boot" type="Memory" name="LoadLibrary" call_pid="792" call_name="conime.exe" call_time="19:19:32.807">
	<exInfo_list count="1">
		<exInfo value="HarddiskVolume1\WINDOWS\system32\gdi32.dll" descr="动态链接库"/>
	</exInfo_list>
	</action>
 </action_list><action_list name="加载模块" level="1" descr="加载模块 HarddiskVolume1\WINDOWS\system32\imm32.dll" times="0">
	<action field="start_boot" type="Memory" name="LoadLibrary" call_pid="792" call_name="conime.exe" call_time="19:19:32.818">
	<exInfo_list count="1">
		<exInfo value="HarddiskVolume1\WINDOWS\system32\imm32.dll" descr="动态链接库"/>
	</exInfo_list>
	</action>
 </action_list><action_list name="加载模块" level="1" descr="加载模块 HarddiskVolume1\WINDOWS\system32\advapi32.dll" times="0">
	<action field="start_boot" type="Memory" name="LoadLibrary" call_pid="792" call_name="conime.exe" call_time="19:19:32.822">
	<exInfo_list count="1">
		<exInfo value="HarddiskVolume1\WINDOWS\system32\advapi32.dll" descr="动态链接库"/>
	</exInfo_list>
	</action>
 </action_list><action_list name="加载模块" level="1" descr="加载模块 HarddiskVolume1\WINDOWS\system32\rpcrt4.dll" times="0">
	<action field="start_boot" type="Memory" name="LoadLibrary" call_pid="792" call_name="conime.exe" call_time="19:19:32.826">
	<exInfo_list count="1">
		<exInfo value="HarddiskVolume1\WINDOWS\system32\rpcrt4.dll" descr="动态链接库"/>
	</exInfo_list>
	</action>
 </action_list><action_list name="加载模块" level="1" descr="加载模块 HarddiskVolume1\WINDOWS\system32\secur32.dll" times="0">
	<action field="start_boot" type="Memory" name="LoadLibrary" call_pid="792" call_name="conime.exe" call_time="19:19:32.830">
	<exInfo_list count="1">
		<exInfo value="HarddiskVolume1\WINDOWS\system32\secur32.dll" descr="动态链接库"/>
	</exInfo_list>
	</action>
 </action_list><action_list name="加载模块" level="1" descr="加载模块 HarddiskVolume1\WINDOWS\system32\msvcrt.dll" times="0">
	<action field="start_boot" type="Memory" name="LoadLibrary" call_pid="792" call_name="conime.exe" call_time="19:19:32.834">
	<exInfo_list count="1">
		<exInfo value="HarddiskVolume1\WINDOWS\system32\msvcrt.dll" descr="动态链接库"/>
	</exInfo_list>
	</action>
 </action_list><action_list name="加载模块" level="1" descr="加载模块 HarddiskVolume1\WINDOWS\system32\shimeng.dll" times="0">
	<action field="start_boot" type="Memory" name="LoadLibrary" call_pid="792" call_name="conime.exe" call_time="19:19:32.853">
	<exInfo_list count="1">
		<exInfo value="HarddiskVolume1\WINDOWS\system32\shimeng.dll" descr="动态链接库"/>
	</exInfo_list>
	</action>
 </action_list><action_list name="加载模块" level="1" descr="加载模块 HarddiskVolume1\WINDOWS\AppPatch\acgenral.dll" times="0">
	<action field="start_boot" type="Memory" name="LoadLibrary" call_pid="792" call_name="conime.exe" call_time="19:19:32.921">
	<exInfo_list count="1">
		<exInfo value="HarddiskVolume1\WINDOWS\AppPatch\acgenral.dll" descr="动态链接库"/>
	</exInfo_list>
	</action>
 </action_list><action_list name="加载模块" level="1" descr="加载模块 HarddiskVolume1\WINDOWS\system32\winmm.dll" times="0">
	<action field="start_boot" type="Memory" name="LoadLibrary" call_pid="792" call_name="conime.exe" call_time="19:19:32.926">
	<exInfo_list count="1">
		<exInfo value="HarddiskVolume1\WINDOWS\system32\winmm.dll" descr="动态链接库"/>
	</exInfo_list>
	</action>
 </action_list><action_list name="加载模块" level="1" descr="加载模块 HarddiskVolume1\WINDOWS\system32\ole32.dll" times="0">
	<action field="start_boot" type="Memory" name="LoadLibrary" call_pid="792" call_name="conime.exe" call_time="19:19:32.930">
	<exInfo_list count="1">
		<exInfo value="HarddiskVolume1\WINDOWS\system32\ole32.dll" descr="动态链接库"/>
	</exInfo_list>
	</action>
 </action_list><action_list name="加载模块" level="1" descr="加载模块 HarddiskVolume1\WINDOWS\system32\oleaut32.dll" times="0">
	<action field="start_boot" type="Memory" name="LoadLibrary" call_pid="792" call_name="conime.exe" call_time="19:19:32.941">
	<exInfo_list count="1">
		<exInfo value="HarddiskVolume1\WINDOWS\system32\oleaut32.dll" descr="动态链接库"/>
	</exInfo_list>
	</action>
 </action_list><action_list name="加载模块" level="1" descr="加载模块 HarddiskVolume1\WINDOWS\system32\msacm32.dll" times="0">
	<action field="start_boot" type="Memory" name="LoadLibrary" call_pid="792" call_name="conime.exe" call_time="19:19:32.954">
	<exInfo_list count="1">
		<exInfo value="HarddiskVolume1\WINDOWS\system32\msacm32.dll" descr="动态链接库"/>
	</exInfo_list>
	</action>
 </action_list><action_list name="加载模块" level="1" descr="加载模块 HarddiskVolume1\WINDOWS\system32\version.dll" times="0">
	<action field="start_boot" type="Memory" name="LoadLibrary" call_pid="792" call_name="conime.exe" call_time="19:19:32.964">
	<exInfo_list count="1">
		<exInfo value="HarddiskVolume1\WINDOWS\system32\version.dll" descr="动态链接库"/>
	</exInfo_list>
	</action>
 </action_list><action_list name="加载模块" level="1" descr="加载模块 HarddiskVolume1\WINDOWS\system32\shell32.dll" times="0">
	<action field="start_boot" type="Memory" name="LoadLibrary" call_pid="792" call_name="conime.exe" call_time="19:19:32.968">
	<exInfo_list count="1">
		<exInfo value="HarddiskVolume1\WINDOWS\system32\shell32.dll" descr="动态链接库"/>
	</exInfo_list>
	</action>
 </action_list><action_list name="加载模块" level="1" descr="加载模块 HarddiskVolume1\WINDOWS\system32\shlwapi.dll" times="0">
	<action field="start_boot" type="Memory" name="LoadLibrary" call_pid="792" call_name="conime.exe" call_time="19:19:32.980">
	<exInfo_list count="1">
		<exInfo value="HarddiskVolume1\WINDOWS\system32\shlwapi.dll" descr="动态链接库"/>
	</exInfo_list>
	</action>
 </action_list><action_list name="加载模块" level="1" descr="加载模块 HarddiskVolume1\WINDOWS\system32\userenv.dll" times="0">
	<action field="start_boot" type="Memory" name="LoadLibrary" call_pid="792" call_name="conime.exe" call_time="19:19:32.994">
	<exInfo_list count="1">
		<exInfo value="HarddiskVolume1\WINDOWS\system32\userenv.dll" descr="动态链接库"/>
	</exInfo_list>
	</action>
 </action_list><action_list name="加载模块" level="1" descr="加载模块 HarddiskVolume1\WINDOWS\system32\uxtheme.dll" times="0">
	<action field="start_boot" type="Memory" name="LoadLibrary" call_pid="792" call_name="conime.exe" call_time="19:19:32.006">
	<exInfo_list count="1">
		<exInfo value="HarddiskVolume1\WINDOWS\system32\uxtheme.dll" descr="动态链接库"/>
	</exInfo_list>
	</action>
 </action_list><action_list name="加载模块" level="1" descr="加载模块 HarddiskVolume1\WINDOWS\system32\lpk.dll" times="0">
	<action field="start_boot" type="Memory" name="LoadLibrary" call_pid="792" call_name="conime.exe" call_time="19:19:32.183">
	<exInfo_list count="1">
		<exInfo value="HarddiskVolume1\WINDOWS\system32\lpk.dll" descr="动态链接库"/>
	</exInfo_list>
	</action>
 </action_list><action_list name="加载模块" level="1" descr="加载模块 HarddiskVolume1\WINDOWS\system32\usp10.dll" times="0">
	<action field="start_boot" type="Memory" name="LoadLibrary" call_pid="792" call_name="conime.exe" call_time="19:19:32.188">
	<exInfo_list count="1">
		<exInfo value="HarddiskVolume1\WINDOWS\system32\usp10.dll" descr="动态链接库"/>
	</exInfo_list>
	</action>
 </action_list><action_list name="加载模块" level="1" descr="加载模块 HarddiskVolume1\WINDOWS\WinSxS\x86_Microsoft.Windows.Common-Controls_6595b64144ccf1df_6.0.2600.5512_x-ww_35d4ce83\comctl32.dll" times="0">
	<action field="start_boot" type="Memory" name="LoadLibrary" call_pid="792" call_name="conime.exe" call_time="19:19:32.384">
	<exInfo_list count="1">
		<exInfo value="HarddiskVolume1\WINDOWS\WinSxS\x86_Microsoft.Windows.Common-Controls_6595b64144ccf1df_6.0.2600.5512_x-ww_35d4ce83\comctl32.dll" descr="动态链接库"/>
	</exInfo_list>
	</action>
 </action_list><action_list name="加载模块" level="1" descr="加载模块 HarddiskVolume1\WINDOWS\system32\comctl32.dll" times="0">
	<action field="start_boot" type="Memory" name="LoadLibrary" call_pid="792" call_name="conime.exe" call_time="19:19:32.485">
	<exInfo_list count="1">
		<exInfo value="HarddiskVolume1\WINDOWS\system32\comctl32.dll" descr="动态链接库"/>
	</exInfo_list>
	</action>
 </action_list><action_list name="程序退出" level="-1" descr="conime.exe 退出" times="0">
	<action field="start_boot" type="Process" name="TerminateProcess" call_pid="792" call_name="conime.exe" call_time="19:19:32.578">
	<exInfo_list count="1">
		<exInfo value="conime.exe" descr="结束进程名"/>
	</exInfo_list>
	</action>
 </action_list><action_list name="检测分析环境" level="1" descr="通过 sleep(180s) 技术检测虚拟机或调试器，逃避分析与查杀" times="0">
	<action field="start_boot" type="System" name="DetectDebugger" call_pid="2036" call_name="1.exe" call_time="19:19:32.626">
	<exInfo_list count="1">
		<exInfo value="sleep(180s)" descr="技术手段"/>
	</exInfo_list>
	</action>
 </action_list><action_list name="自我读取" level="1" descr="读取文件 HarddiskVolume1\vastest\1.exe" times="0">
	<action field="start_boot" type="File" name="ReadFile" call_pid="2036" call_name="1.exe" call_time="19:19:32.796">
	<exInfo_list count="1">
		<exInfo value="HarddiskVolume1\vastest\1.exe" descr="文件路径"/>
	</exInfo_list>
	</action>
 </action_list><action_list name="创建可执行程序" level="3" descr="创建可执行程序 HarddiskVolume1\DOCUME~1\xpuser\LOCALS~1\Temp\avscan.exe" times="0">
	<action field="start_boot" type="File" name="WritePEFile" call_pid="2036" call_name="1.exe" call_time="19:19:34.030">
	<exInfo_list count="1">
		<exInfo value="HarddiskVolume1\DOCUME~1\xpuser\LOCALS~1\Temp\avscan.exe" descr="PE文件路径"/>
	</exInfo_list>
	</action>
 </action_list><action_list name="自我读取" level="1" descr="读取文件 HarddiskVolume1\vastest\1.exe" times="0">
	<action field="start_boot" type="File" name="ReadFile" call_pid="2036" call_name="1.exe" call_time="19:19:34.193">
	<exInfo_list count="1">
		<exInfo value="HarddiskVolume1\vastest\1.exe" descr="文件路径"/>
	</exInfo_list>
	</action>
 </action_list><action_list name="创建可执行程序" level="3" descr="创建可执行程序 HarddiskVolume1\WINDOWS\hosts.exe" times="0">
	<action field="start_boot" type="File" name="WritePEFile" call_pid="2036" call_name="1.exe" call_time="19:19:35.389">
	<exInfo_list count="1">
		<exInfo value="HarddiskVolume1\WINDOWS\hosts.exe" descr="PE文件路径"/>
	</exInfo_list>
	</action>
 </action_list><action_list name="修改文件属性" level="3" descr="将文件 HarddiskVolume1\DOCUME~1\xpuser\LOCALS~1\Temp\avscan.exe 的属性更改为隐藏或只读" times="0">
	<action field="start_boot" type="File" name="SetFileHiddenOrReadOnly" call_pid="2036" call_name="1.exe" call_time="19:19:35.394">
	<exInfo_list count="2">
		<exInfo value="HarddiskVolume1\DOCUME~1\xpuser\LOCALS~1\Temp\avscan.exe" descr="文件路径"/>
		<exInfo value="00000086" descr="属性"/>
	</exInfo_list>
	</action>
 </action_list><action_list name="修改文件属性" level="3" descr="将文件 HarddiskVolume1\WINDOWS 的属性更改为隐藏或只读" times="0">
	<action field="start_boot" type="File" name="SetFileHiddenOrReadOnly" call_pid="2036" call_name="1.exe" call_time="19:19:35.397">
	<exInfo_list count="2">
		<exInfo value="HarddiskVolume1\WINDOWS" descr="文件路径"/>
		<exInfo value="00000086" descr="属性"/>
	</exInfo_list>
	</action>
 </action_list><action_list name="映射文件" level="1" descr="映射文件 HarddiskVolume1\DOCUME~1\xpuser\LOCALS~1\Temp\avscan.exe" times="0">
	<action field="start_boot" type="File" name="ReadFileToCreate" call_pid="2036" call_name="1.exe" call_time="19:19:35.417">
	<exInfo_list count="1">
		<exInfo value="HarddiskVolume1\DOCUME~1\xpuser\LOCALS~1\Temp\avscan.exe" descr="文件路径"/>
	</exInfo_list>
	</action>
 </action_list><action_list name="创建进程" level="3" descr="创建进程  C:\DOCUME~1\xpuser\LOCALS~1\Temp\avscan.exe" times="0">
	<action field="start_boot" type="Process" name="CreateProcess" call_pid="2036" call_name="1.exe" call_time="19:19:35.400">
	<exInfo_list count="1">
		<exInfo value=" C:\DOCUME~1\xpuser\LOCALS~1\Temp\avscan.exe" descr="进程名"/>
	</exInfo_list>
	</action>
 </action_list><action_list name="创建进程" level="3" descr="创建进程  c:\2indo2s\W_X_C.ba2" times="0">
	<action field="start_boot" type="Process" name="CreateProcess" call_pid="2036" call_name="1.exe" call_time="19:19:35.497">
	<exInfo_list count="1">
		<exInfo value=" c:\2indo2s\W_X_C.ba2" descr="进程名"/>
	</exInfo_list>
	</action>
 </action_list><action_list name="进程开始执行" level="1" descr="被 1.exe（2036）创建的进程开始执行" times="0">
	<action field="start_boot" type="Process" name="BeCreated" call_pid="776" call_name="ntvdm.exe" call_time="19:19:35.505">
	<exInfo_list count="2">
		<exInfo value="1.exe" descr="父进程名"/>
		<exInfo value="2036" descr="父进程ID"/>
	</exInfo_list>
	</action>
 </action_list><action_list name="进程开始执行" level="1" descr="被 1.exe（2036）通过参数 &quot;C:\WINDOWS\system32\ntvdm.exe&quot; -f -i1 -o 以 direct 方式创建的进程开始执行" times="0">
	<action field="start_boot" type="Process" name="BeCreatedEx" call_pid="776" call_name="ntvdm.exe" call_time="19:19:35.506">
	<exInfo_list count="4">
		<exInfo value="1.exe" descr="父进程名"/>
		<exInfo value="2036" descr="父进程ID"/>
		<exInfo value="&quot;C:\WINDOWS\system32\ntvdm.exe&quot; -f -i1 -o" descr="启动参数"/>
		<exInfo value="direct" descr="创建方式"/>
	</exInfo_list>
	</action>
 </action_list><action_list name="不是有效的可执行程序" level="1" descr="不是有效的可执行程序" times="0">
	<action field="start_boot" type="Memory" name="LoadLibrary" call_pid="776" call_name="ntvdm.exe" call_time="19:19:35.598">
	<exInfo_list count="1">
		<exInfo value="HarddiskVolume1\WINDOWS\system32\advapi32.dll" descr="Anything"/>
	</exInfo_list>
	</action>
 </action_list><action_list name="不是有效的可执行程序" level="1" descr="不是有效的可执行程序" times="0">
	<action field="start_boot" type="Memory" name="LoadLibrary" call_pid="776" call_name="ntvdm.exe" call_time="19:19:35.602">
	<exInfo_list count="1">
		<exInfo value="HarddiskVolume1\WINDOWS\system32\rpcrt4.dll" descr="Anything"/>
	</exInfo_list>
	</action>
 </action_list><action_list name="不是有效的可执行程序" level="1" descr="不是有效的可执行程序" times="0">
	<action field="start_boot" type="Memory" name="LoadLibrary" call_pid="776" call_name="ntvdm.exe" call_time="19:19:35.606">
	<exInfo_list count="1">
		<exInfo value="HarddiskVolume1\WINDOWS\system32\secur32.dll" descr="Anything"/>
	</exInfo_list>
	</action>
 </action_list><action_list name="不是有效的可执行程序" level="1" descr="不是有效的可执行程序" times="0">
	<action field="start_boot" type="Memory" name="LoadLibrary" call_pid="776" call_name="ntvdm.exe" call_time="19:19:35.610">
	<exInfo_list count="1">
		<exInfo value="HarddiskVolume1\WINDOWS\system32\gdi32.dll" descr="Anything"/>
	</exInfo_list>
	</action>
 </action_list><action_list name="不是有效的可执行程序" level="1" descr="不是有效的可执行程序" times="0">
	<action field="start_boot" type="Memory" name="LoadLibrary" call_pid="776" call_name="ntvdm.exe" call_time="19:19:35.614">
	<exInfo_list count="1">
		<exInfo value="HarddiskVolume1\WINDOWS\system32\user32.dll" descr="Anything"/>
	</exInfo_list>
	</action>
 </action_list><action_list name="程序退出" level="-1" descr="1.exe 退出" times="0">
	<action field="start_boot" type="Process" name="TerminateProcess" call_pid="2036" call_name="1.exe" call_time="19:19:35.720">
	<exInfo_list count="1">
		<exInfo value="1.exe" descr="结束进程名"/>
	</exInfo_list>
	</action>
 </action_list><action_list name="不是有效的可执行程序" level="1" descr="不是有效的可执行程序" times="0">
	<action field="start_boot" type="Memory" name="LoadLibrary" call_pid="776" call_name="ntvdm.exe" call_time="19:19:35.754">
	<exInfo_list count="1">
		<exInfo value="HarddiskVolume1\WINDOWS\system32\imm32.dll" descr="Anything"/>
	</exInfo_list>
	</action>
 </action_list><action_list name="不是有效的可执行程序" level="1" descr="不是有效的可执行程序" times="0">
	<action field="start_boot" type="Memory" name="LoadLibrary" call_pid="776" call_name="ntvdm.exe" call_time="19:19:35.781">
	<exInfo_list count="1">
		<exInfo value="HarddiskVolume1\WINDOWS\system32\lpk.dll" descr="Anything"/>
	</exInfo_list>
	</action>
 </action_list><action_list name="不是有效的可执行程序" level="1" descr="不是有效的可执行程序" times="0">
	<action field="start_boot" type="Memory" name="LoadLibrary" call_pid="776" call_name="ntvdm.exe" call_time="19:19:35.786">
	<exInfo_list count="1">
		<exInfo value="HarddiskVolume1\WINDOWS\system32\usp10.dll" descr="Anything"/>
	</exInfo_list>
	</action>
 </action_list><action_list name="不是有效的可执行程序" level="1" descr="不是有效的可执行程序" times="0">
	<action field="start_boot" type="Memory" name="LoadLibrary" call_pid="776" call_name="ntvdm.exe" call_time="19:19:35.853">
	<exInfo_list count="1">
		<exInfo value="HarddiskVolume1\WINDOWS\system32\apphelp.dll" descr="Anything"/>
	</exInfo_list>
	</action>
 </action_list><action_list name="不是有效的可执行程序" level="1" descr="不是有效的可执行程序" times="0">
	<action field="start_boot" type="Memory" name="LoadLibrary" call_pid="776" call_name="ntvdm.exe" call_time="19:19:35.895">
	<exInfo_list count="1">
		<exInfo value="HarddiskVolume1\WINDOWS\system32\version.dll" descr="Anything"/>
	</exInfo_list>
	</action>
 </action_list><action_list name="不是有效的可执行程序" level="1" descr="不是有效的可执行程序" times="0">
	<action field="start_boot" type="File" name="ReadFileToCreate" call_pid="776" call_name="ntvdm.exe" call_time="19:19:35.909">
	<exInfo_list count="1">
		<exInfo value="HarddiskVolume1\WINDOWS\system32\conime.exe" descr="Anything"/>
	</exInfo_list>
	</action>
 </action_list><action_list name="不是有效的可执行程序" level="1" descr="不是有效的可执行程序" times="0">
	<action field="start_boot" type="Process" name="CreateProcess" call_pid="776" call_name="ntvdm.exe" call_time="19:19:35.829">
	<exInfo_list count="1">
		<exInfo value=" C:\WINDOWS\system32\conime.exe" descr="Anything"/>
	</exInfo_list>
	</action>
 </action_list><action_list name="程序退出" level="-1" descr="1.exe 退出" times="0">
	<action field="start_boot" type="Process" name="TerminateProcess" call_pid="2036" call_name="1.exe" call_time="19:19:35.083">
	<exInfo_list count="1">
		<exInfo value="1.exe" descr="结束进程名"/>
	</exInfo_list>
	</action>
 </action_list><action_list name="进程开始执行" level="1" descr="被 ntvdm.exe（776）创建的进程开始执行" times="0">
	<action field="start_boot" type="Process" name="BeCreated" call_pid="800" call_name="conime.exe" call_time="19:19:35.085">
	<exInfo_list count="2">
		<exInfo value="ntvdm.exe" descr="父进程名"/>
		<exInfo value="776" descr="父进程ID"/>
	</exInfo_list>
	</action>
 </action_list><action_list name="进程开始执行" level="1" descr="被 ntvdm.exe（776）通过参数 C:\WINDOWS\system32\conime.exe 以 direct 方式创建的进程开始执行" times="0">
	<action field="start_boot" type="Process" name="BeCreatedEx" call_pid="800" call_name="conime.exe" call_time="19:19:35.086">
	<exInfo_list count="4">
		<exInfo value="ntvdm.exe" descr="父进程名"/>
		<exInfo value="776" descr="父进程ID"/>
		<exInfo value="C:\WINDOWS\system32\conime.exe" descr="启动参数"/>
		<exInfo value="direct" descr="创建方式"/>
	</exInfo_list>
	</action>
 </action_list><action_list name="加载模块" level="1" descr="加载模块 HarddiskVolume1\WINDOWS\system32\user32.dll" times="0">
	<action field="start_boot" type="Memory" name="LoadLibrary" call_pid="800" call_name="conime.exe" call_time="19:19:35.155">
	<exInfo_list count="1">
		<exInfo value="HarddiskVolume1\WINDOWS\system32\user32.dll" descr="动态链接库"/>
	</exInfo_list>
	</action>
 </action_list><action_list name="加载模块" level="1" descr="加载模块 HarddiskVolume1\WINDOWS\system32\gdi32.dll" times="0">
	<action field="start_boot" type="Memory" name="LoadLibrary" call_pid="800" call_name="conime.exe" call_time="19:19:35.159">
	<exInfo_list count="1">
		<exInfo value="HarddiskVolume1\WINDOWS\system32\gdi32.dll" descr="动态链接库"/>
	</exInfo_list>
	</action>
 </action_list><action_list name="加载模块" level="1" descr="加载模块 HarddiskVolume1\WINDOWS\system32\imm32.dll" times="0">
	<action field="start_boot" type="Memory" name="LoadLibrary" call_pid="800" call_name="conime.exe" call_time="19:19:35.170">
	<exInfo_list count="1">
		<exInfo value="HarddiskVolume1\WINDOWS\system32\imm32.dll" descr="动态链接库"/>
	</exInfo_list>
	</action>
 </action_list><action_list name="加载模块" level="1" descr="加载模块 HarddiskVolume1\WINDOWS\system32\advapi32.dll" times="0">
	<action field="start_boot" type="Memory" name="LoadLibrary" call_pid="800" call_name="conime.exe" call_time="19:19:35.174">
	<exInfo_list count="1">
		<exInfo value="HarddiskVolume1\WINDOWS\system32\advapi32.dll" descr="动态链接库"/>
	</exInfo_list>
	</action>
 </action_list><action_list name="加载模块" level="1" descr="加载模块 HarddiskVolume1\WINDOWS\system32\rpcrt4.dll" times="0">
	<action field="start_boot" type="Memory" name="LoadLibrary" call_pid="800" call_name="conime.exe" call_time="19:19:35.178">
	<exInfo_list count="1">
		<exInfo value="HarddiskVolume1\WINDOWS\system32\rpcrt4.dll" descr="动态链接库"/>
	</exInfo_list>
	</action>
 </action_list><action_list name="加载模块" level="1" descr="加载模块 HarddiskVolume1\WINDOWS\system32\secur32.dll" times="0">
	<action field="start_boot" type="Memory" name="LoadLibrary" call_pid="800" call_name="conime.exe" call_time="19:19:35.182">
	<exInfo_list count="1">
		<exInfo value="HarddiskVolume1\WINDOWS\system32\secur32.dll" descr="动态链接库"/>
	</exInfo_list>
	</action>
 </action_list><action_list name="加载模块" level="1" descr="加载模块 HarddiskVolume1\WINDOWS\system32\msvcrt.dll" times="0">
	<action field="start_boot" type="Memory" name="LoadLibrary" call_pid="800" call_name="conime.exe" call_time="19:19:35.186">
	<exInfo_list count="1">
		<exInfo value="HarddiskVolume1\WINDOWS\system32\msvcrt.dll" descr="动态链接库"/>
	</exInfo_list>
	</action>
 </action_list><action_list name="加载模块" level="1" descr="加载模块 HarddiskVolume1\WINDOWS\system32\shimeng.dll" times="0">
	<action field="start_boot" type="Memory" name="LoadLibrary" call_pid="800" call_name="conime.exe" call_time="19:19:35.205">
	<exInfo_list count="1">
		<exInfo value="HarddiskVolume1\WINDOWS\system32\shimeng.dll" descr="动态链接库"/>
	</exInfo_list>
	</action>
 </action_list><action_list name="加载模块" level="1" descr="加载模块 HarddiskVolume1\WINDOWS\AppPatch\acgenral.dll" times="0">
	<action field="start_boot" type="Memory" name="LoadLibrary" call_pid="800" call_name="conime.exe" call_time="19:19:35.266">
	<exInfo_list count="1">
		<exInfo value="HarddiskVolume1\WINDOWS\AppPatch\acgenral.dll" descr="动态链接库"/>
	</exInfo_list>
	</action>
 </action_list><action_list name="加载模块" level="1" descr="加载模块 HarddiskVolume1\WINDOWS\system32\winmm.dll" times="0">
	<action field="start_boot" type="Memory" name="LoadLibrary" call_pid="800" call_name="conime.exe" call_time="19:19:35.271">
	<exInfo_list count="1">
		<exInfo value="HarddiskVolume1\WINDOWS\system32\winmm.dll" descr="动态链接库"/>
	</exInfo_list>
	</action>
 </action_list><action_list name="加载模块" level="1" descr="加载模块 HarddiskVolume1\WINDOWS\system32\ole32.dll" times="0">
	<action field="start_boot" type="Memory" name="LoadLibrary" call_pid="800" call_name="conime.exe" call_time="19:19:35.275">
	<exInfo_list count="1">
		<exInfo value="HarddiskVolume1\WINDOWS\system32\ole32.dll" descr="动态链接库"/>
	</exInfo_list>
	</action>
 </action_list><action_list name="加载模块" level="1" descr="加载模块 HarddiskVolume1\WINDOWS\system32\oleaut32.dll" times="0">
	<action field="start_boot" type="Memory" name="LoadLibrary" call_pid="800" call_name="conime.exe" call_time="19:19:35.286">
	<exInfo_list count="1">
		<exInfo value="HarddiskVolume1\WINDOWS\system32\oleaut32.dll" descr="动态链接库"/>
	</exInfo_list>
	</action>
 </action_list><action_list name="加载模块" level="1" descr="加载模块 HarddiskVolume1\WINDOWS\system32\msacm32.dll" times="0">
	<action field="start_boot" type="Memory" name="LoadLibrary" call_pid="800" call_name="conime.exe" call_time="19:19:35.299">
	<exInfo_list count="1">
		<exInfo value="HarddiskVolume1\WINDOWS\system32\msacm32.dll" descr="动态链接库"/>
	</exInfo_list>
	</action>
 </action_list><action_list name="加载模块" level="1" descr="加载模块 HarddiskVolume1\WINDOWS\system32\version.dll" times="0">
	<action field="start_boot" type="Memory" name="LoadLibrary" call_pid="800" call_name="conime.exe" call_time="19:19:35.309">
	<exInfo_list count="1">
		<exInfo value="HarddiskVolume1\WINDOWS\system32\version.dll" descr="动态链接库"/>
	</exInfo_list>
	</action>
 </action_list><action_list name="加载模块" level="1" descr="加载模块 HarddiskVolume1\WINDOWS\system32\shell32.dll" times="0">
	<action field="start_boot" type="Memory" name="LoadLibrary" call_pid="800" call_name="conime.exe" call_time="19:19:35.313">
	<exInfo_list count="1">
		<exInfo value="HarddiskVolume1\WINDOWS\system32\shell32.dll" descr="动态链接库"/>
	</exInfo_list>
	</action>
 </action_list><action_list name="加载模块" level="1" descr="加载模块 HarddiskVolume1\WINDOWS\system32\shlwapi.dll" times="0">
	<action field="start_boot" type="Memory" name="LoadLibrary" call_pid="800" call_name="conime.exe" call_time="19:19:35.325">
	<exInfo_list count="1">
		<exInfo value="HarddiskVolume1\WINDOWS\system32\shlwapi.dll" descr="动态链接库"/>
	</exInfo_list>
	</action>
 </action_list><action_list name="加载模块" level="1" descr="加载模块 HarddiskVolume1\WINDOWS\system32\userenv.dll" times="0">
	<action field="start_boot" type="Memory" name="LoadLibrary" call_pid="800" call_name="conime.exe" call_time="19:19:35.339">
	<exInfo_list count="1">
		<exInfo value="HarddiskVolume1\WINDOWS\system32\userenv.dll" descr="动态链接库"/>
	</exInfo_list>
	</action>
 </action_list><action_list name="加载模块" level="1" descr="加载模块 HarddiskVolume1\WINDOWS\system32\uxtheme.dll" times="0">
	<action field="start_boot" type="Memory" name="LoadLibrary" call_pid="800" call_name="conime.exe" call_time="19:19:35.351">
	<exInfo_list count="1">
		<exInfo value="HarddiskVolume1\WINDOWS\system32\uxtheme.dll" descr="动态链接库"/>
	</exInfo_list>
	</action>
 </action_list><action_list name="加载模块" level="1" descr="加载模块 HarddiskVolume1\WINDOWS\system32\lpk.dll" times="0">
	<action field="start_boot" type="Memory" name="LoadLibrary" call_pid="800" call_name="conime.exe" call_time="19:19:35.530">
	<exInfo_list count="1">
		<exInfo value="HarddiskVolume1\WINDOWS\system32\lpk.dll" descr="动态链接库"/>
	</exInfo_list>
	</action>
 </action_list><action_list name="加载模块" level="1" descr="加载模块 HarddiskVolume1\WINDOWS\system32\usp10.dll" times="0">
	<action field="start_boot" type="Memory" name="LoadLibrary" call_pid="800" call_name="conime.exe" call_time="19:19:36.535">
	<exInfo_list count="1">
		<exInfo value="HarddiskVolume1\WINDOWS\system32\usp10.dll" descr="动态链接库"/>
	</exInfo_list>
	</action>
 </action_list><action_list name="加载模块" level="1" descr="加载模块 HarddiskVolume1\WINDOWS\WinSxS\x86_Microsoft.Windows.Common-Controls_6595b64144ccf1df_6.0.2600.5512_x-ww_35d4ce83\comctl32.dll" times="0">
	<action field="start_boot" type="Memory" name="LoadLibrary" call_pid="800" call_name="conime.exe" call_time="19:19:36.738">
	<exInfo_list count="1">
		<exInfo value="HarddiskVolume1\WINDOWS\WinSxS\x86_Microsoft.Windows.Common-Controls_6595b64144ccf1df_6.0.2600.5512_x-ww_35d4ce83\comctl32.dll" descr="动态链接库"/>
	</exInfo_list>
	</action>
 </action_list><action_list name="加载模块" level="1" descr="加载模块 HarddiskVolume1\WINDOWS\system32\comctl32.dll" times="0">
	<action field="start_boot" type="Memory" name="LoadLibrary" call_pid="800" call_name="conime.exe" call_time="19:19:36.839">
	<exInfo_list count="1">
		<exInfo value="HarddiskVolume1\WINDOWS\system32\comctl32.dll" descr="动态链接库"/>
	</exInfo_list>
	</action>
 </action_list><action_list name="加载模块" level="1" descr="加载模块 HarddiskVolume1\WINDOWS\system32\msctf.dll" times="0">
	<action field="start_boot" type="Memory" name="LoadLibrary" call_pid="800" call_name="conime.exe" call_time="19:19:36.954">
	<exInfo_list count="1">
		<exInfo value="HarddiskVolume1\WINDOWS\system32\msctf.dll" descr="动态链接库"/>
	</exInfo_list>
	</action>
 </action_list><action_list name="加载模块" level="1" descr="加载模块 HarddiskVolume1\WINDOWS\system32\msctfime.ime" times="0">
	<action field="start_boot" type="Memory" name="LoadLibrary" call_pid="800" call_name="conime.exe" call_time="19:19:36.070">
	<exInfo_list count="1">
		<exInfo value="HarddiskVolume1\WINDOWS\system32\msctfime.ime" descr="动态链接库"/>
	</exInfo_list>
	</action>
 </action_list><action_list name="不是有效的可执行程序" level="1" descr="不是有效的可执行程序" times="0">
	<action field="start_boot" type="File" name="ReadFile" call_pid="776" call_name="ntvdm.exe" call_time="19:19:36.237">
	<exInfo_list count="1">
		<exInfo value="HarddiskVolume1\WINDOWS\_default.pif" descr="Anything"/>
	</exInfo_list>
	</action>
 </action_list><action_list name="不是有效的可执行程序" level="1" descr="不是有效的可执行程序" times="0">
	<action field="start_boot" type="System" name="DetectDebugger" call_pid="776" call_name="ntvdm.exe" call_time="19:19:37.345">
	<exInfo_list count="1">
		<exInfo value="sleep(115264076863s)" descr="Anything"/>
	</exInfo_list>
	</action>
 </action_list><action_list name="不是有效的可执行程序" level="1" descr="不是有效的可执行程序" times="0">
	<action field="start_boot" type="Memory" name="LoadLibrary" call_pid="776" call_name="ntvdm.exe" call_time="19:19:37.356">
	<exInfo_list count="1">
		<exInfo value="HarddiskVolume1\WINDOWS\system32\winmm.dll" descr="Anything"/>
	</exInfo_list>
	</action>
 </action_list><action_list name="不是有效的可执行程序" level="1" descr="不是有效的可执行程序" times="0">
	<action field="start_boot" type="Memory" name="LoadLibrary" call_pid="776" call_name="ntvdm.exe" call_time="19:19:37.379">
	<exInfo_list count="1">
		<exInfo value="HarddiskVolume1\WINDOWS\system32\ntvdmd.dll" descr="Anything"/>
	</exInfo_list>
	</action>
 </action_list><action_list name="不是有效的可执行程序" level="1" descr="不是有效的可执行程序" times="0">
	<action field="start_boot" type="System" name="DetectDebugger" call_pid="776" call_name="ntvdm.exe" call_time="19:19:37.387">
	<exInfo_list count="1">
		<exInfo value="NtQueryInformationProcess(7)" descr="Anything"/>
	</exInfo_list>
	</action>
 </action_list><action_list name="不是有效的可执行程序" level="1" descr="不是有效的可执行程序" times="0">
	<action field="start_boot" type="File" name="ReadFile" call_pid="776" call_name="ntvdm.exe" call_time="19:19:37.390">
	<exInfo_list count="1">
		<exInfo value="HarddiskVolume1\WINDOWS\system32\ntio804.sys" descr="Anything"/>
	</exInfo_list>
	</action>
 </action_list><action_list name="不是有效的可执行程序" level="1" descr="不是有效的可执行程序" times="0">
	<action field="start_boot" type="File" name="ReadFile" call_pid="776" call_name="ntvdm.exe" call_time="19:19:37.406">
	<exInfo_list count="1">
		<exInfo value="HarddiskVolume1\WINDOWS\system32\ntdos804.sys" descr="Anything"/>
	</exInfo_list>
	</action>
 </action_list><action_list name="不是有效的可执行程序" level="1" descr="不是有效的可执行程序" times="0">
	<action field="start_boot" type="Memory" name="LoadLibrary" call_pid="776" call_name="ntvdm.exe" call_time="19:19:37.456">
	<exInfo_list count="1">
		<exInfo value="HarddiskVolume1\WINDOWS\system32\userenv.dll" descr="Anything"/>
	</exInfo_list>
	</action>
 </action_list><action_list name="不是有效的可执行程序" level="1" descr="不是有效的可执行程序" times="0">
	<action field="start_boot" type="Memory" name="LoadLibrary" call_pid="776" call_name="ntvdm.exe" call_time="19:19:37.460">
	<exInfo_list count="1">
		<exInfo value="HarddiskVolume1\WINDOWS\system32\msvcrt.dll" descr="Anything"/>
	</exInfo_list>
	</action>
 </action_list><action_list name="不是有效的可执行程序" level="1" descr="不是有效的可执行程序" times="0">
	<action field="start_boot" type="File" name="ReadFile" call_pid="776" call_name="ntvdm.exe" call_time="19:19:37.559">
	<exInfo_list count="1">
		<exInfo value="HarddiskVolume1\WINDOWS\system32\CONFIG.NT" descr="Anything"/>
	</exInfo_list>
	</action>
 </action_list><action_list name="不是有效的可执行程序" level="1" descr="不是有效的可执行程序" times="0">
	<action field="start_boot" type="File" name="WriteFile" call_pid="776" call_name="ntvdm.exe" call_time="19:19:37.565">
	<exInfo_list count="1">
		<exInfo value="HarddiskVolume1\WINDOWS\Temp\scs7.tmp" descr="Anything"/>
	</exInfo_list>
	</action>
 </action_list><action_list name="不是有效的可执行程序" level="1" descr="不是有效的可执行程序" times="0">
	<action field="start_boot" type="File" name="ReadFile" call_pid="776" call_name="ntvdm.exe" call_time="19:19:37.691">
	<exInfo_list count="1">
		<exInfo value="HarddiskVolume1\WINDOWS\Temp\scs7.tmp" descr="Anything"/>
	</exInfo_list>
	</action>
 </action_list><action_list name="不是有效的可执行程序" level="1" descr="不是有效的可执行程序" times="0">
	<action field="start_boot" type="File" name="ReadFile" call_pid="776" call_name="ntvdm.exe" call_time="19:19:37.699">
	<exInfo_list count="1">
		<exInfo value="HarddiskVolume1\WINDOWS\system32\himem.sys" descr="Anything"/>
	</exInfo_list>
	</action>
 </action_list><action_list name="不是有效的可执行程序" level="1" descr="不是有效的可执行程序" times="0">
	<action field="start_boot" type="File" name="ReadFile" call_pid="776" call_name="ntvdm.exe" call_time="19:19:37.715">
	<exInfo_list count="1">
		<exInfo value="HarddiskVolume1\WINDOWS\system32\country.sys" descr="Anything"/>
	</exInfo_list>
	</action>
 </action_list><action_list name="不是有效的可执行程序" level="1" descr="不是有效的可执行程序" times="0">
	<action field="start_boot" type="File" name="ReadFile" call_pid="776" call_name="ntvdm.exe" call_time="19:19:37.049">
	<exInfo_list count="1">
		<exInfo value="HarddiskVolume1\WINDOWS\system32\command.com" descr="Anything"/>
	</exInfo_list>
	</action>
 </action_list><action_list name="不是有效的可执行程序" level="1" descr="不是有效的可执行程序" times="0">
	<action field="start_boot" type="Memory" name="LoadLibrary" call_pid="776" call_name="ntvdm.exe" call_time="19:19:37.073">
	<exInfo_list count="1">
		<exInfo value="HarddiskVolume1\WINDOWS\system32\userenv.dll" descr="Anything"/>
	</exInfo_list>
	</action>
 </action_list><action_list name="不是有效的可执行程序" level="1" descr="不是有效的可执行程序" times="0">
	<action field="start_boot" type="Memory" name="LoadLibrary" call_pid="776" call_name="ntvdm.exe" call_time="19:19:37.077">
	<exInfo_list count="1">
		<exInfo value="HarddiskVolume1\WINDOWS\system32\msvcrt.dll" descr="Anything"/>
	</exInfo_list>
	</action>
 </action_list><action_list name="不是有效的可执行程序" level="1" descr="不是有效的可执行程序" times="0">
	<action field="start_boot" type="System" name="DetectDebugger" call_pid="776" call_name="ntvdm.exe" call_time="19:19:37.125">
	<exInfo_list count="1">
		<exInfo value="CpuCheck" descr="Anything"/>
	</exInfo_list>
	</action>
 </action_list><action_list name="不是有效的可执行程序" level="1" descr="不是有效的可执行程序" times="0">
	<action field="start_boot" type="File" name="ReadFile" call_pid="776" call_name="ntvdm.exe" call_time="19:19:37.170">
	<exInfo_list count="1">
		<exInfo value="HarddiskVolume1\WINDOWS\system32\AUTOEXEC.NT" descr="Anything"/>
	</exInfo_list>
	</action>
 </action_list><action_list name="不是有效的可执行程序" level="1" descr="不是有效的可执行程序" times="0">
	<action field="start_boot" type="File" name="WriteFile" call_pid="776" call_name="ntvdm.exe" call_time="19:19:37.176">
	<exInfo_list count="1">
		<exInfo value="HarddiskVolume1\WINDOWS\Temp\scs8.tmp" descr="Anything"/>
	</exInfo_list>
	</action>
 </action_list><action_list name="不是有效的可执行程序" level="1" descr="不是有效的可执行程序" times="0">
	<action field="start_boot" type="Memory" name="LoadLibrary" call_pid="776" call_name="ntvdm.exe" call_time="19:19:37.289">
	<exInfo_list count="1">
		<exInfo value="HarddiskVolume1\WINDOWS\system32\userenv.dll" descr="Anything"/>
	</exInfo_list>
	</action>
 </action_list><action_list name="不是有效的可执行程序" level="1" descr="不是有效的可执行程序" times="0">
	<action field="start_boot" type="Memory" name="LoadLibrary" call_pid="776" call_name="ntvdm.exe" call_time="19:19:37.293">
	<exInfo_list count="1">
		<exInfo value="HarddiskVolume1\WINDOWS\system32\msvcrt.dll" descr="Anything"/>
	</exInfo_list>
	</action>
 </action_list><action_list name="不是有效的可执行程序" level="1" descr="不是有效的可执行程序" times="0">
	<action field="start_boot" type="System" name="DetectDebugger" call_pid="776" call_name="ntvdm.exe" call_time="19:19:37.341">
	<exInfo_list count="1">
		<exInfo value="CpuCheck" descr="Anything"/>
	</exInfo_list>
	</action>
 </action_list><action_list name="不是有效的可执行程序" level="1" descr="不是有效的可执行程序" times="0">
	<action field="start_boot" type="Memory" name="LoadLibrary" call_pid="776" call_name="ntvdm.exe" call_time="19:19:37.383">
	<exInfo_list count="1">
		<exInfo value="HarddiskVolume1\WINDOWS\system32\userenv.dll" descr="Anything"/>
	</exInfo_list>
	</action>
 </action_list><action_list name="不是有效的可执行程序" level="1" descr="不是有效的可执行程序" times="0">
	<action field="start_boot" type="Memory" name="LoadLibrary" call_pid="776" call_name="ntvdm.exe" call_time="19:19:37.387">
	<exInfo_list count="1">
		<exInfo value="HarddiskVolume1\WINDOWS\system32\msvcrt.dll" descr="Anything"/>
	</exInfo_list>
	</action>
 </action_list><action_list name="不是有效的可执行程序" level="1" descr="不是有效的可执行程序" times="0">
	<action field="start_boot" type="System" name="DetectDebugger" call_pid="776" call_name="ntvdm.exe" call_time="19:19:37.435">
	<exInfo_list count="1">
		<exInfo value="CpuCheck" descr="Anything"/>
	</exInfo_list>
	</action>
 </action_list><action_list name="不是有效的可执行程序" level="1" descr="不是有效的可执行程序" times="0">
	<action field="start_boot" type="File" name="ReadFile" call_pid="776" call_name="ntvdm.exe" call_time="19:19:37.483">
	<exInfo_list count="1">
		<exInfo value="HarddiskVolume1\WINDOWS\Temp\scs8.tmp" descr="Anything"/>
	</exInfo_list>
	</action>
 </action_list><action_list name="不是有效的可执行程序" level="1" descr="不是有效的可执行程序" times="0">
	<action field="start_boot" type="File" name="ReadFile" call_pid="776" call_name="ntvdm.exe" call_time="19:19:37.530">
	<exInfo_list count="1">
		<exInfo value="HarddiskVolume1\WINDOWS\system32\mscdexnt.exe" descr="Anything"/>
	</exInfo_list>
	</action>
 </action_list><action_list name="不是有效的可执行程序" level="1" descr="不是有效的可执行程序" times="0">
	<action field="start_boot" type="File" name="ReadFile" call_pid="776" call_name="ntvdm.exe" call_time="19:19:37.552">
	<exInfo_list count="1">
		<exInfo value="HarddiskVolume1\WINDOWS\Temp\scs8.tmp" descr="Anything"/>
	</exInfo_list>
	</action>
 </action_list><action_list name="不是有效的可执行程序" level="1" descr="不是有效的可执行程序" times="0">
	<action field="start_boot" type="File" name="ReadFile" call_pid="776" call_name="ntvdm.exe" call_time="19:19:37.567">
	<exInfo_list count="1">
		<exInfo value="HarddiskVolume1\WINDOWS\system32\redir.exe" descr="Anything"/>
	</exInfo_list>
	</action>
 </action_list><action_list name="不是有效的可执行程序" level="1" descr="不是有效的可执行程序" times="0">
	<action field="start_boot" type="File" name="ReadFile" call_pid="776" call_name="ntvdm.exe" call_time="19:19:37.587">
	<exInfo_list count="1">
		<exInfo value="HarddiskVolume1\WINDOWS\Temp\scs8.tmp" descr="Anything"/>
	</exInfo_list>
	</action>
 </action_list><action_list name="不是有效的可执行程序" level="1" descr="不是有效的可执行程序" times="0">
	<action field="start_boot" type="File" name="ReadFile" call_pid="776" call_name="ntvdm.exe" call_time="19:19:37.601">
	<exInfo_list count="1">
		<exInfo value="HarddiskVolume1\WINDOWS\system32\dosx.exe" descr="Anything"/>
	</exInfo_list>
	</action>
 </action_list><action_list name="不是有效的可执行程序" level="1" descr="不是有效的可执行程序" times="0">
	<action field="start_boot" type="File" name="ReadFile" call_pid="776" call_name="ntvdm.exe" call_time="19:19:37.636">
	<exInfo_list count="1">
		<exInfo value="HarddiskVolume1\WINDOWS\system.ini" descr="Anything"/>
	</exInfo_list>
	</action>
 </action_list><action_list name="不是有效的可执行程序" level="1" descr="不是有效的可执行程序" times="0">
	<action field="start_boot" type="File" name="ReadFile" call_pid="776" call_name="ntvdm.exe" call_time="19:19:37.658">
	<exInfo_list count="1">
		<exInfo value="HarddiskVolume1\WINDOWS\Temp\scs8.tmp" descr="Anything"/>
	</exInfo_list>
	</action>
 </action_list><action_list name="不是有效的可执行程序" level="1" descr="不是有效的可执行程序" times="0">
	<action field="start_boot" type="File" name="DeleteFile" call_pid="776" call_name="ntvdm.exe" call_time="19:19:37.834">
	<exInfo_list count="1">
		<exInfo value="C:\WINDOWS\TEMP\scs7.tmp" descr="Anything"/>
	</exInfo_list>
	</action>
 </action_list><action_list name="不是有效的可执行程序" level="1" descr="不是有效的可执行程序" times="0">
	<action field="start_boot" type="File" name="ReadFile" call_pid="776" call_name="ntvdm.exe" call_time="19:19:37.857">
	<exInfo_list count="1">
		<exInfo value="HarddiskVolume1\WINDOWS\system32\kb16.com" descr="Anything"/>
	</exInfo_list>
	</action>
 </action_list><action_list name="不是有效的可执行程序" level="1" descr="不是有效的可执行程序" times="0">
	<action field="start_boot" type="File" name="ReadFile" call_pid="776" call_name="ntvdm.exe" call_time="19:19:37.870">
	<exInfo_list count="1">
		<exInfo value="HarddiskVolume1\WINDOWS\system32\keyboard.sys" descr="Anything"/>
	</exInfo_list>
	</action>
 </action_list><action_list name="不是有效的可执行程序" level="1" descr="不是有效的可执行程序" times="0">
	<action field="start_boot" type="File" name="ReadFile" call_pid="776" call_name="ntvdm.exe" call_time="19:19:37.883">
	<exInfo_list count="1">
		<exInfo value="HarddiskVolume1\DOCUME~1\xpuser\LOCALS~1\Temp\avscan.exe" descr="Anything"/>
	</exInfo_list>
	</action>
 </action_list><action_list name="不是有效的可执行程序" level="1" descr="不是有效的可执行程序" times="0">
	<action field="start_boot" type="System" name="DetectDebugger" call_pid="776" call_name="ntvdm.exe" call_time="19:19:37.888">
	<exInfo_list count="1">
		<exInfo value="NtQueryInformationProcess(7)" descr="Anything"/>
	</exInfo_list>
	</action>
 </action_list><action_list name="不是有效的可执行程序" level="1" descr="不是有效的可执行程序" times="0">
	<action field="start_boot" type="File" name="ReadFile" call_pid="776" call_name="ntvdm.exe" call_time="19:19:37.894">
	<exInfo_list count="1">
		<exInfo value="HarddiskVolume1\WINDOWS\system32\command.com" descr="Anything"/>
	</exInfo_list>
	</action>
 </action_list><action_list name="不是有效的可执行程序" level="1" descr="不是有效的可执行程序" times="0">
	<action field="start_boot" type="System" name="DetectDebugger" call_pid="776" call_name="ntvdm.exe" call_time="19:19:37.921">
	<exInfo_list count="1">
		<exInfo value="sleep(360s)" descr="Anything"/>
	</exInfo_list>
	</action>
 </action_list><action_list name="不是有效的可执行程序" level="1" descr="不是有效的可执行程序" times="0">
	<action field="start_boot" type="Process" name="TerminateProcess" call_pid="776" call_name="ntvdm.exe" call_time="19:19:37.940">
	<exInfo_list count="1">
		<exInfo value="ntvdm.exe" descr="Anything"/>
	</exInfo_list>
	</action>
 </action_list><action_list name="分析结束" level="-1" descr="动态分析结束" times="0">
	<action field="start_boot" type="System" name="AnalyzeStop" call_pid="0" call_name="" call_time="19:20:27.949">
	<exInfo_list count="0">
	</exInfo_list>
	</action>
 </action_list></file>