<?xml version="1.0" encoding="UTF-8"?> 

<file name="1.exe" 文件扩展名信息="  描述：Directly executable program   使用信息: DOS, OpenVMS, Microsoft Windows, Symbian or OS/2" sha1="c93a8cca1b34d2d46021d02b2d567f2e4f15d945" md5="9639c865cb45cd39e8598e289c233836" CRC32="c8b689be" SSDEEP="12288:P1hgaYq3qVMUIIgjTU/nUAgMIygY5tC1Z7RHJnh20oGG:P1hFRdjynUrryoHh20o" ImportHash="0e0b5251ff0dd47a2757dde507d35907" size="544768" type="exe" error="0" virusresult="" vp_name="klo07" reportType="final" exiftool="File Name                       : 1.exe--list--File Size                       : 532 kB--list--File Modification Date/Time     : 2020:01:15 20:34:12+08:00--list--File Access Date/Time           : 2020:01:15 20:34:12+08:00--list--File Inode Change Date/Time     : 2020:01:15 20:34:12+08:00--list--File Type                       : Win64 EXE--list--File Type Extension             : exe--list--MIME Type                       : application/octet-stream--list--Machine Type                    : AMD AMD64--list--Time Stamp                      : 2019:03:06 20:26:53+08:00--list--PE Type                         : PE32+--list--Linker Version                  : 14.16--list--Code Size                       : 516096--list--Initialized Data Size           : 28672--list--Uninitialized Data Size         : 937984--list--Entry Point                     : 0x163bc0--list--OS Version                      : 6.0--list--Image Version                   : 0.0--list--Subsystem Version               : 6.0--list--Subsystem                       : Windows command line--list--File Version Number             : 1.0.0.1440--list--Product Version Number          : 1.0.0.1440--list--File Flags Mask                 : 0x0017--list--File Flags                      : (none)--list--File OS                         : Win32--list--Object File Type                : Executable application--list--File Subtype                    : 0--list--Language Code                   : Chinese (Simplified)--list--Character Set                   : Unicode--list--File Description                : SDIS Application--list--File Version                    : 1, 0, 0, 1440--list--Internal Name                   : SDIS--list--Legal Copyright                 : (C) 360.cn Inc. All Rights Reserved.--list--Original File Name              : SDIS.exe--list--Product Name                    : SDIS Application--list--Product Version                 : 1, 0, 0, 1440--list--" system="win7x64" peinfo="加壳信息 :  未发现加壳--list--文件熵 :  7.878079 (可能存在加壳)--list--fpu反调试 :  未检测到--list--载入地址 :  可疑的载入点--list--代码入口信息 :  可能是伪造入口--list--DOS stub : :  正常--list--TLS表信息 :  发现 - 包含1 个函数--list--段信息 :  3--list--UPX0 可疑的名称  长度为0  可能存在自修改代码--list--UPX1 可疑的名称  可能存在自修改代码--list--资源段 :  未见异常--list--时间戳 :  未见异常--list--ASLR ：  开启--list--DEP/NX ：  开启--list--SEH ：  开启" AI_Scan="1" filetype="PE32+ executable (console) x86-64, for MS Windows"><action_list name="分析开始" level="-1" descr="动态分析开始" times="0">
	<action field="start_boot" type="System" name="AnalyzeStart" call_pid="0" call_name="" call_time="20:34:57.000">
	<exInfo_list count="0">
	</exInfo_list>
	</action>
 </action_list><action_list name="分析引擎信息" level="-1" descr="12.6, 40, 2020-01-15_20:34:27==2020-01-15_20:34:57" times="0">
	<action field="start_boot" type="System" name="VasInfo" call_pid="0" call_name="" call_time="20:34:57.001">
	<exInfo_list count="3">
		<exInfo value="12.6" descr="分析引擎版本"/>
		<exInfo value="40" descr="最大并发数量"/>
		<exInfo value="2020-01-15_20:34:27==2020-01-15_20:34:57" descr="镜像加载耗时"/>
	</exInfo_list>
	</action>
 </action_list><action_list name="进程开始执行" level="1" descr="被 vasstarter.exe（1348）创建的进程开始执行" times="0">
	<action field="start_boot" type="Process" name="BeCreated" call_pid="1480" call_name="vaslauncher.exe" call_time="20:35:00.002">
	<exInfo_list count="2">
		<exInfo value="vasstarter.exe" descr="父进程名"/>
		<exInfo value="1348" descr="父进程ID"/>
	</exInfo_list>
	</action>
 </action_list><action_list name="进程开始执行" level="1" descr="被 vasstarter.exe（1348）通过参数 D:\vaslauncher.exe 以 direct 方式创建的进程开始执行" times="0">
	<action field="start_boot" type="Process" name="BeCreatedEx" call_pid="1480" call_name="vaslauncher.exe" call_time="20:35:00.003">
	<exInfo_list count="4">
		<exInfo value="vasstarter.exe" descr="父进程名"/>
		<exInfo value="1348" descr="父进程ID"/>
		<exInfo value="D:\vaslauncher.exe" descr="启动参数"/>
		<exInfo value="direct" descr="创建方式"/>
	</exInfo_list>
	</action>
 </action_list><action_list name="进程开始执行" level="1" descr="被 vaslauncher.ex（1480）创建的进程开始执行" times="0">
	<action field="start_boot" type="Process" name="BeCreated" call_pid="2020" call_name="1.exe" call_time="20:35:12.004">
	<exInfo_list count="2">
		<exInfo value="vaslauncher.ex" descr="父进程名"/>
		<exInfo value="1480" descr="父进程ID"/>
	</exInfo_list>
	</action>
 </action_list><action_list name="进程开始执行" level="1" descr="被 vaslauncher.ex（1480）通过参数 &quot;C:\vastest\1.exe&quot;  以 direct 方式创建的进程开始执行" times="0">
	<action field="start_boot" type="Process" name="BeCreatedEx" call_pid="2020" call_name="1.exe" call_time="20:35:12.005">
	<exInfo_list count="4">
		<exInfo value="vaslauncher.ex" descr="父进程名"/>
		<exInfo value="1480" descr="父进程ID"/>
		<exInfo value="&quot;C:\vastest\1.exe&quot; " descr="启动参数"/>
		<exInfo value="direct" descr="创建方式"/>
	</exInfo_list>
	</action>
 </action_list><action_list name="脱壳" level="2" descr="代码自解压，逃避分析与查杀" times="0">
	<action field="start_boot" type="Memory" name="UnpackSelf" call_pid="2020" call_name="1.exe" call_time="20:35:12.006">
	<exInfo_list count="0">
	</exInfo_list>
	</action>
 </action_list><action_list name="加载模块" level="1" descr="加载模块 HarddiskVolume2\Windows\System32\kernel32.dll" times="0">
	<action field="start_boot" type="Memory" name="LoadLibrary" call_pid="2020" call_name="1.exe" call_time="20:35:12.007">
	<exInfo_list count="1">
		<exInfo value="HarddiskVolume2\Windows\System32\kernel32.dll" descr="动态链接库"/>
	</exInfo_list>
	</action>
 </action_list><action_list name="加载模块" level="1" descr="加载模块 HarddiskVolume2\Windows\System32\KernelBase.dll" times="0">
	<action field="start_boot" type="Memory" name="LoadLibrary" call_pid="2020" call_name="1.exe" call_time="20:35:12.009">
	<exInfo_list count="1">
		<exInfo value="HarddiskVolume2\Windows\System32\KernelBase.dll" descr="动态链接库"/>
	</exInfo_list>
	</action>
 </action_list><action_list name="进程开始执行" level="1" descr="被 1.exe（2020）间接创建的进程开始执行" times="0">
	<action field="start_boot" type="Process" name="BeCreatedIndirectly" call_pid="884" call_name="conhost.exe" call_time="20:35:12.017">
	<exInfo_list count="2">
		<exInfo value="1.exe" descr="父进程名"/>
		<exInfo value="2020" descr="父进程ID"/>
	</exInfo_list>
	</action>
 </action_list><action_list name="进程开始执行" level="1" descr="被 1.exe（2020）通过参数 \??\C:\Windows\system32\conhost.exe 以 indirect 方式创建的进程开始执行" times="0">
	<action field="start_boot" type="Process" name="BeCreatedEx" call_pid="884" call_name="conhost.exe" call_time="20:35:12.018">
	<exInfo_list count="4">
		<exInfo value="1.exe" descr="父进程名"/>
		<exInfo value="2020" descr="父进程ID"/>
		<exInfo value="\??\C:\Windows\system32\conhost.exe" descr="启动参数"/>
		<exInfo value="indirect" descr="创建方式"/>
	</exInfo_list>
	</action>
 </action_list><action_list name="加载模块" level="1" descr="加载模块 HarddiskVolume2\Windows\System32\kernel32.dll" times="0">
	<action field="start_boot" type="Memory" name="LoadLibrary" call_pid="884" call_name="conhost.exe" call_time="20:35:12.019">
	<exInfo_list count="1">
		<exInfo value="HarddiskVolume2\Windows\System32\kernel32.dll" descr="动态链接库"/>
	</exInfo_list>
	</action>
 </action_list><action_list name="加载模块" level="1" descr="加载模块 HarddiskVolume2\Windows\System32\KernelBase.dll" times="0">
	<action field="start_boot" type="Memory" name="LoadLibrary" call_pid="884" call_name="conhost.exe" call_time="20:35:12.021">
	<exInfo_list count="1">
		<exInfo value="HarddiskVolume2\Windows\System32\KernelBase.dll" descr="动态链接库"/>
	</exInfo_list>
	</action>
 </action_list><action_list name="加载模块" level="1" descr="加载模块 HarddiskVolume2\Windows\System32\gdi32.dll" times="0">
	<action field="start_boot" type="Memory" name="LoadLibrary" call_pid="884" call_name="conhost.exe" call_time="20:35:12.031">
	<exInfo_list count="1">
		<exInfo value="HarddiskVolume2\Windows\System32\gdi32.dll" descr="动态链接库"/>
	</exInfo_list>
	</action>
 </action_list><action_list name="加载模块" level="1" descr="加载模块 HarddiskVolume2\Windows\System32\user32.dll" times="0">
	<action field="start_boot" type="Memory" name="LoadLibrary" call_pid="884" call_name="conhost.exe" call_time="20:35:12.033">
	<exInfo_list count="1">
		<exInfo value="HarddiskVolume2\Windows\System32\user32.dll" descr="动态链接库"/>
	</exInfo_list>
	</action>
 </action_list><action_list name="加载模块" level="1" descr="加载模块 HarddiskVolume2\Windows\System32\lpk.dll" times="0">
	<action field="start_boot" type="Memory" name="LoadLibrary" call_pid="884" call_name="conhost.exe" call_time="20:35:12.036">
	<exInfo_list count="1">
		<exInfo value="HarddiskVolume2\Windows\System32\lpk.dll" descr="动态链接库"/>
	</exInfo_list>
	</action>
 </action_list><action_list name="加载模块" level="1" descr="加载模块 HarddiskVolume2\Windows\System32\usp10.dll" times="0">
	<action field="start_boot" type="Memory" name="LoadLibrary" call_pid="884" call_name="conhost.exe" call_time="20:35:12.038">
	<exInfo_list count="1">
		<exInfo value="HarddiskVolume2\Windows\System32\usp10.dll" descr="动态链接库"/>
	</exInfo_list>
	</action>
 </action_list><action_list name="加载模块" level="1" descr="加载模块 HarddiskVolume2\Windows\System32\msvcrt.dll" times="0">
	<action field="start_boot" type="Memory" name="LoadLibrary" call_pid="884" call_name="conhost.exe" call_time="20:35:12.040">
	<exInfo_list count="1">
		<exInfo value="HarddiskVolume2\Windows\System32\msvcrt.dll" descr="动态链接库"/>
	</exInfo_list>
	</action>
 </action_list><action_list name="加载模块" level="1" descr="加载模块 HarddiskVolume2\Windows\System32\imm32.dll" times="0">
	<action field="start_boot" type="Memory" name="LoadLibrary" call_pid="884" call_name="conhost.exe" call_time="20:35:12.042">
	<exInfo_list count="1">
		<exInfo value="HarddiskVolume2\Windows\System32\imm32.dll" descr="动态链接库"/>
	</exInfo_list>
	</action>
 </action_list><action_list name="加载模块" level="1" descr="加载模块 HarddiskVolume2\Windows\System32\msctf.dll" times="0">
	<action field="start_boot" type="Memory" name="LoadLibrary" call_pid="884" call_name="conhost.exe" call_time="20:35:12.044">
	<exInfo_list count="1">
		<exInfo value="HarddiskVolume2\Windows\System32\msctf.dll" descr="动态链接库"/>
	</exInfo_list>
	</action>
 </action_list><action_list name="加载模块" level="1" descr="加载模块 HarddiskVolume2\Windows\System32\ole32.dll" times="0">
	<action field="start_boot" type="Memory" name="LoadLibrary" call_pid="884" call_name="conhost.exe" call_time="20:35:12.046">
	<exInfo_list count="1">
		<exInfo value="HarddiskVolume2\Windows\System32\ole32.dll" descr="动态链接库"/>
	</exInfo_list>
	</action>
 </action_list><action_list name="加载模块" level="1" descr="加载模块 HarddiskVolume2\Windows\System32\rpcrt4.dll" times="0">
	<action field="start_boot" type="Memory" name="LoadLibrary" call_pid="884" call_name="conhost.exe" call_time="20:35:12.048">
	<exInfo_list count="1">
		<exInfo value="HarddiskVolume2\Windows\System32\rpcrt4.dll" descr="动态链接库"/>
	</exInfo_list>
	</action>
 </action_list><action_list name="加载模块" level="1" descr="加载模块 HarddiskVolume2\Windows\System32\oleaut32.dll" times="0">
	<action field="start_boot" type="Memory" name="LoadLibrary" call_pid="884" call_name="conhost.exe" call_time="20:35:12.050">
	<exInfo_list count="1">
		<exInfo value="HarddiskVolume2\Windows\System32\oleaut32.dll" descr="动态链接库"/>
	</exInfo_list>
	</action>
 </action_list><action_list name="加载模块" level="1" descr="加载模块 HarddiskVolume2\Windows\System32\uxtheme.dll" times="0">
	<action field="start_boot" type="Memory" name="LoadLibrary" call_pid="884" call_name="conhost.exe" call_time="20:35:12.120">
	<exInfo_list count="1">
		<exInfo value="HarddiskVolume2\Windows\System32\uxtheme.dll" descr="动态链接库"/>
	</exInfo_list>
	</action>
 </action_list><action_list name="检测虚拟机" level="3" descr="通过 IsDebuggerPresent 技术检测虚拟机或调试器，逃避分析与查杀" times="0">
	<action field="start_boot" type="System" name="DetectDebugger" call_pid="884" call_name="conhost.exe" call_time="20:35:12.123">
	<exInfo_list count="1">
		<exInfo value="IsDebuggerPresent" descr="技术手段"/>
	</exInfo_list>
	</action>
 </action_list><action_list name="加载模块" level="1" descr="加载模块 HarddiskVolume2\vastest\1.exe" times="0">
	<action field="start_boot" type="Memory" name="LoadLibrary" call_pid="884" call_name="conhost.exe" call_time="20:35:12.128">
	<exInfo_list count="1">
		<exInfo value="HarddiskVolume2\vastest\1.exe" descr="动态链接库"/>
	</exInfo_list>
	</action>
 </action_list><action_list name="加载模块" level="1" descr="加载模块 HarddiskVolume2\Windows\System32\conhost.exe" times="0">
	<action field="start_boot" type="Memory" name="LoadLibrary" call_pid="884" call_name="conhost.exe" call_time="20:35:12.144">
	<exInfo_list count="1">
		<exInfo value="HarddiskVolume2\Windows\System32\conhost.exe" descr="动态链接库"/>
	</exInfo_list>
	</action>
 </action_list><action_list name="加载模块" level="1" descr="加载模块 HarddiskVolume2\Windows\System32\dwmapi.dll" times="0">
	<action field="start_boot" type="Memory" name="LoadLibrary" call_pid="884" call_name="conhost.exe" call_time="20:35:13.151">
	<exInfo_list count="1">
		<exInfo value="HarddiskVolume2\Windows\System32\dwmapi.dll" descr="动态链接库"/>
	</exInfo_list>
	</action>
 </action_list><action_list name="加载模块" level="1" descr="加载模块 HarddiskVolume2\Windows\System32\advapi32.dll" times="0">
	<action field="start_boot" type="Memory" name="LoadLibrary" call_pid="884" call_name="conhost.exe" call_time="20:35:14.156">
	<exInfo_list count="1">
		<exInfo value="HarddiskVolume2\Windows\System32\advapi32.dll" descr="动态链接库"/>
	</exInfo_list>
	</action>
 </action_list><action_list name="加载模块" level="1" descr="加载模块 HarddiskVolume2\Windows\System32\sechost.dll" times="0">
	<action field="start_boot" type="Memory" name="LoadLibrary" call_pid="884" call_name="conhost.exe" call_time="20:35:14.158">
	<exInfo_list count="1">
		<exInfo value="HarddiskVolume2\Windows\System32\sechost.dll" descr="动态链接库"/>
	</exInfo_list>
	</action>
 </action_list><action_list name="加载模块" level="1" descr="加载模块 HarddiskVolume2\Windows\winsxs\amd64_microsoft.windows.common-controls_6595b64144ccf1df_6.0.7600.16385_none_fa645303170382f6\comctl32.dll" times="0">
	<action field="start_boot" type="Memory" name="LoadLibrary" call_pid="884" call_name="conhost.exe" call_time="20:35:14.170">
	<exInfo_list count="1">
		<exInfo value="HarddiskVolume2\Windows\winsxs\amd64_microsoft.windows.common-controls_6595b64144ccf1df_6.0.7600.16385_none_fa645303170382f6\comctl32.dll" descr="动态链接库"/>
	</exInfo_list>
	</action>
 </action_list><action_list name="加载模块" level="1" descr="加载模块 HarddiskVolume2\Windows\System32\shlwapi.dll" times="0">
	<action field="start_boot" type="Memory" name="LoadLibrary" call_pid="884" call_name="conhost.exe" call_time="20:35:14.173">
	<exInfo_list count="1">
		<exInfo value="HarddiskVolume2\Windows\System32\shlwapi.dll" descr="动态链接库"/>
	</exInfo_list>
	</action>
 </action_list><action_list name="加载模块" level="1" descr="加载模块 HarddiskVolume2\Windows\System32\cryptbase.dll" times="0">
	<action field="start_boot" type="Memory" name="LoadLibrary" call_pid="884" call_name="conhost.exe" call_time="20:35:14.185">
	<exInfo_list count="1">
		<exInfo value="HarddiskVolume2\Windows\System32\cryptbase.dll" descr="动态链接库"/>
	</exInfo_list>
	</action>
 </action_list><action_list name="加载模块" level="1" descr="加载模块 HarddiskVolume2\Windows\System32\clbcatq.dll" times="0">
	<action field="start_boot" type="Memory" name="LoadLibrary" call_pid="884" call_name="conhost.exe" call_time="20:35:14.228">
	<exInfo_list count="1">
		<exInfo value="HarddiskVolume2\Windows\System32\clbcatq.dll" descr="动态链接库"/>
	</exInfo_list>
	</action>
 </action_list><action_list name="加载模块" level="1" descr="加载模块 HarddiskVolume2\Windows\System32\advapi32.dll" times="0">
	<action field="start_boot" type="Memory" name="LoadLibrary" call_pid="2020" call_name="1.exe" call_time="20:35:15.288">
	<exInfo_list count="1">
		<exInfo value="HarddiskVolume2\Windows\System32\advapi32.dll" descr="动态链接库"/>
	</exInfo_list>
	</action>
 </action_list><action_list name="加载模块" level="1" descr="加载模块 HarddiskVolume2\Windows\System32\msvcrt.dll" times="0">
	<action field="start_boot" type="Memory" name="LoadLibrary" call_pid="2020" call_name="1.exe" call_time="20:35:15.290">
	<exInfo_list count="1">
		<exInfo value="HarddiskVolume2\Windows\System32\msvcrt.dll" descr="动态链接库"/>
	</exInfo_list>
	</action>
 </action_list><action_list name="加载模块" level="1" descr="加载模块 HarddiskVolume2\Windows\System32\sechost.dll" times="0">
	<action field="start_boot" type="Memory" name="LoadLibrary" call_pid="2020" call_name="1.exe" call_time="20:35:15.292">
	<exInfo_list count="1">
		<exInfo value="HarddiskVolume2\Windows\System32\sechost.dll" descr="动态链接库"/>
	</exInfo_list>
	</action>
 </action_list><action_list name="加载模块" level="1" descr="加载模块 HarddiskVolume2\Windows\System32\rpcrt4.dll" times="0">
	<action field="start_boot" type="Memory" name="LoadLibrary" call_pid="2020" call_name="1.exe" call_time="20:35:15.295">
	<exInfo_list count="1">
		<exInfo value="HarddiskVolume2\Windows\System32\rpcrt4.dll" descr="动态链接库"/>
	</exInfo_list>
	</action>
 </action_list><action_list name="加载模块" level="1" descr="加载模块 HarddiskVolume2\Windows\System32\IPHLPAPI.DLL" times="0">
	<action field="start_boot" type="Memory" name="LoadLibrary" call_pid="2020" call_name="1.exe" call_time="20:35:15.297">
	<exInfo_list count="1">
		<exInfo value="HarddiskVolume2\Windows\System32\IPHLPAPI.DLL" descr="动态链接库"/>
	</exInfo_list>
	</action>
 </action_list><action_list name="加载模块" level="1" descr="加载模块 HarddiskVolume2\Windows\System32\nsi.dll" times="0">
	<action field="start_boot" type="Memory" name="LoadLibrary" call_pid="2020" call_name="1.exe" call_time="20:35:15.300">
	<exInfo_list count="1">
		<exInfo value="HarddiskVolume2\Windows\System32\nsi.dll" descr="动态链接库"/>
	</exInfo_list>
	</action>
 </action_list><action_list name="加载模块" level="1" descr="加载模块 HarddiskVolume2\Windows\System32\winnsi.dll" times="0">
	<action field="start_boot" type="Memory" name="LoadLibrary" call_pid="2020" call_name="1.exe" call_time="20:35:15.302">
	<exInfo_list count="1">
		<exInfo value="HarddiskVolume2\Windows\System32\winnsi.dll" descr="动态链接库"/>
	</exInfo_list>
	</action>
 </action_list><action_list name="加载模块" level="1" descr="加载模块 HarddiskVolume2\Windows\System32\shell32.dll" times="0">
	<action field="start_boot" type="Memory" name="LoadLibrary" call_pid="2020" call_name="1.exe" call_time="20:35:15.305">
	<exInfo_list count="1">
		<exInfo value="HarddiskVolume2\Windows\System32\shell32.dll" descr="动态链接库"/>
	</exInfo_list>
	</action>
 </action_list><action_list name="加载模块" level="1" descr="加载模块 HarddiskVolume2\Windows\System32\shlwapi.dll" times="0">
	<action field="start_boot" type="Memory" name="LoadLibrary" call_pid="2020" call_name="1.exe" call_time="20:35:15.307">
	<exInfo_list count="1">
		<exInfo value="HarddiskVolume2\Windows\System32\shlwapi.dll" descr="动态链接库"/>
	</exInfo_list>
	</action>
 </action_list><action_list name="加载模块" level="1" descr="加载模块 HarddiskVolume2\Windows\System32\gdi32.dll" times="0">
	<action field="start_boot" type="Memory" name="LoadLibrary" call_pid="2020" call_name="1.exe" call_time="20:35:15.309">
	<exInfo_list count="1">
		<exInfo value="HarddiskVolume2\Windows\System32\gdi32.dll" descr="动态链接库"/>
	</exInfo_list>
	</action>
 </action_list><action_list name="加载模块" level="1" descr="加载模块 HarddiskVolume2\Windows\System32\user32.dll" times="0">
	<action field="start_boot" type="Memory" name="LoadLibrary" call_pid="2020" call_name="1.exe" call_time="20:35:15.311">
	<exInfo_list count="1">
		<exInfo value="HarddiskVolume2\Windows\System32\user32.dll" descr="动态链接库"/>
	</exInfo_list>
	</action>
 </action_list><action_list name="加载模块" level="1" descr="加载模块 HarddiskVolume2\Windows\System32\lpk.dll" times="0">
	<action field="start_boot" type="Memory" name="LoadLibrary" call_pid="2020" call_name="1.exe" call_time="20:35:15.313">
	<exInfo_list count="1">
		<exInfo value="HarddiskVolume2\Windows\System32\lpk.dll" descr="动态链接库"/>
	</exInfo_list>
	</action>
 </action_list><action_list name="加载模块" level="1" descr="加载模块 HarddiskVolume2\Windows\System32\usp10.dll" times="0">
	<action field="start_boot" type="Memory" name="LoadLibrary" call_pid="2020" call_name="1.exe" call_time="20:35:15.315">
	<exInfo_list count="1">
		<exInfo value="HarddiskVolume2\Windows\System32\usp10.dll" descr="动态链接库"/>
	</exInfo_list>
	</action>
 </action_list><action_list name="加载模块" level="1" descr="加载模块 HarddiskVolume2\Windows\System32\winmm.dll" times="0">
	<action field="start_boot" type="Memory" name="LoadLibrary" call_pid="2020" call_name="1.exe" call_time="20:35:15.317">
	<exInfo_list count="1">
		<exInfo value="HarddiskVolume2\Windows\System32\winmm.dll" descr="动态链接库"/>
	</exInfo_list>
	</action>
 </action_list><action_list name="加载模块" level="1" descr="加载模块 HarddiskVolume2\Windows\System32\ws2_32.dll" times="0">
	<action field="start_boot" type="Memory" name="LoadLibrary" call_pid="2020" call_name="1.exe" call_time="20:35:15.322">
	<exInfo_list count="1">
		<exInfo value="HarddiskVolume2\Windows\System32\ws2_32.dll" descr="动态链接库"/>
	</exInfo_list>
	</action>
 </action_list><action_list name="加载模块" level="1" descr="加载模块 HarddiskVolume2\Windows\System32\imm32.dll" times="0">
	<action field="start_boot" type="Memory" name="LoadLibrary" call_pid="2020" call_name="1.exe" call_time="20:35:15.333">
	<exInfo_list count="1">
		<exInfo value="HarddiskVolume2\Windows\System32\imm32.dll" descr="动态链接库"/>
	</exInfo_list>
	</action>
 </action_list><action_list name="加载模块" level="1" descr="加载模块 HarddiskVolume2\Windows\System32\msctf.dll" times="0">
	<action field="start_boot" type="Memory" name="LoadLibrary" call_pid="2020" call_name="1.exe" call_time="20:35:15.336">
	<exInfo_list count="1">
		<exInfo value="HarddiskVolume2\Windows\System32\msctf.dll" descr="动态链接库"/>
	</exInfo_list>
	</action>
 </action_list><action_list name="程序退出" level="-1" descr="1.exe 退出" times="0">
	<action field="start_boot" type="Process" name="TerminateProcess" call_pid="2020" call_name="1.exe" call_time="20:35:17.426">
	<exInfo_list count="1">
		<exInfo value="1.exe" descr="结束进程名"/>
	</exInfo_list>
	</action>
 </action_list><action_list name="检测分析环境" level="1" descr="通过 sleep(60s) 技术检测虚拟机或调试器，逃避分析与查杀" times="0">
	<action field="start_boot" type="System" name="DetectDebugger" call_pid="2020" call_name="1.exe" call_time="20:35:17.458">
	<exInfo_list count="1">
		<exInfo value="sleep(60s)" descr="技术手段"/>
	</exInfo_list>
	</action>
 </action_list><action_list name="程序退出" level="-1" descr="1.exe 退出" times="0">
	<action field="start_boot" type="Process" name="TerminateProcess" call_pid="2020" call_name="1.exe" call_time="20:35:17.462">
	<exInfo_list count="1">
		<exInfo value="1.exe" descr="结束进程名"/>
	</exInfo_list>
	</action>
 </action_list><action_list name="分析结束" level="-1" descr="动态分析结束" times="0">
	<action field="start_boot" type="System" name="AnalyzeStop" call_pid="0" call_name="" call_time="20:35:57.463">
	<exInfo_list count="0">
	</exInfo_list>
	</action>
 </action_list></file>