<?xml version="1.0" encoding="UTF-8"?> 

<file name="1.exe" 文件扩展名信息="  描述：Directly executable program   使用信息: DOS, OpenVMS, Microsoft Windows, Symbian or OS/2" sha1="78bac7536c009182c345d4596982696006a4fffe" md5="b9cd9905783c2e511f0754980452371c" CRC32="997adc9e" SSDEEP="192:1RQ9GnwR2MBAsrzjR3OmaR/XHLFsX6gCicbVlMK0sQVIlBGdc+2:ocnwR2MBLzVUzGZch/0slrGdc+2" ImportHash="e836076a09dba03e4d6faa46dda0fefc" size="16098" type="exe" error="0" virusresult="" vp_name="klo07" reportType="final" exiftool="File Name                       : 1.exe--list--File Size                       : 16 kB--list--File Modification Date/Time     : 2020:01:15 20:50:07+08:00--list--File Access Date/Time           : 2020:01:15 20:50:07+08:00--list--File Inode Change Date/Time     : 2020:01:15 20:50:07+08:00--list--File Type                       : Win32 EXE--list--File Type Extension             : exe--list--MIME Type                       : application/octet-stream--list--Machine Type                    : Intel 386 or later, and compatibles--list--Time Stamp                      : 2013:11:05 18:07:10+08:00--list--PE Type                         : PE32--list--Linker Version                  : 10.0--list--Code Size                       : 1024--list--Initialized Data Size           : 3072--list--Uninitialized Data Size         : 0--list--Entry Point                     : 0x1020--list--OS Version                      : 5.1--list--Image Version                   : 0.0--list--Subsystem Version               : 5.1--list--Subsystem                       : Windows GUI--list--" system="winxp" peinfo="加壳信息 :  未发现加壳--list--文件熵 :  3.870119 (正常)--list--fpu反调试 :  未检测到--list--载入地址 :  正常的载入点--list--代码入口信息 :  正常的入口--list--DOS stub : :  正常--list--TLS表信息 :  未发现--list--段信息 :  5--list--代码段 :  未见异常--list--只读数据段 :  未见异常--list--数据段 :  长度过小--list--资源段 :  长度过小--list--重定位段 :  长度过小--list--时间戳 :  未见异常--list--ASLR ：  未开启--list--DEP/NX ：  开启--list--SEH ：  未开启" AI_Scan="1" filetype="PE32 executable (GUI) Intel 80386, for MS Windows"><action_list name="分析开始" level="-1" descr="动态分析开始" times="0">
	<action field="start_boot" type="System" name="AnalyzeStart" call_pid="0" call_name="" call_time="20:50:20.000">
	<exInfo_list count="0">
	</exInfo_list>
	</action>
 </action_list><action_list name="分析引擎信息" level="-1" descr="12.6, 40, 2020-01-15_20:50:17==2020-01-15_20:50:20" times="0">
	<action field="start_boot" type="System" name="VasInfo" call_pid="0" call_name="" call_time="20:50:20.001">
	<exInfo_list count="3">
		<exInfo value="12.6" descr="分析引擎版本"/>
		<exInfo value="40" descr="最大并发数量"/>
		<exInfo value="2020-01-15_20:50:17==2020-01-15_20:50:20" descr="镜像加载耗时"/>
	</exInfo_list>
	</action>
 </action_list><action_list name="进程开始执行" level="1" descr="被 vasstarter.exe（1676）创建的进程开始执行" times="0">
	<action field="start_boot" type="Process" name="BeCreated" call_pid="208" call_name="vaslauncher.exe" call_time="20:50:21.002">
	<exInfo_list count="2">
		<exInfo value="vasstarter.exe" descr="父进程名"/>
		<exInfo value="1676" descr="父进程ID"/>
	</exInfo_list>
	</action>
 </action_list><action_list name="进程开始执行" level="1" descr="被 vasstarter.exe（1676）通过参数 D:\vaslauncher.exe 以 direct 方式创建的进程开始执行" times="0">
	<action field="start_boot" type="Process" name="BeCreatedEx" call_pid="208" call_name="vaslauncher.exe" call_time="20:50:21.003">
	<exInfo_list count="4">
		<exInfo value="vasstarter.exe" descr="父进程名"/>
		<exInfo value="1676" descr="父进程ID"/>
		<exInfo value="D:\vaslauncher.exe" descr="启动参数"/>
		<exInfo value="direct" descr="创建方式"/>
	</exInfo_list>
	</action>
 </action_list><action_list name="进程开始执行" level="1" descr="被 vaslauncher.exe（208）创建的进程开始执行" times="0">
	<action field="start_boot" type="Process" name="BeCreated" call_pid="2036" call_name="1.exe" call_time="20:50:23.004">
	<exInfo_list count="2">
		<exInfo value="vaslauncher.exe" descr="父进程名"/>
		<exInfo value="208" descr="父进程ID"/>
	</exInfo_list>
	</action>
 </action_list><action_list name="进程开始执行" level="1" descr="被 vaslauncher.exe（208）通过参数 &quot;C:\vastest\1.exe&quot;  以 direct 方式创建的进程开始执行" times="0">
	<action field="start_boot" type="Process" name="BeCreatedEx" call_pid="2036" call_name="1.exe" call_time="20:50:23.005">
	<exInfo_list count="4">
		<exInfo value="vaslauncher.exe" descr="父进程名"/>
		<exInfo value="208" descr="父进程ID"/>
		<exInfo value="&quot;C:\vastest\1.exe&quot; " descr="启动参数"/>
		<exInfo value="direct" descr="创建方式"/>
	</exInfo_list>
	</action>
 </action_list><action_list name="加载模块" level="1" descr="加载模块 HarddiskVolume1\WINDOWS\system32\wininet.dll" times="0">
	<action field="start_boot" type="Memory" name="LoadLibrary" call_pid="2036" call_name="1.exe" call_time="20:50:23.071">
	<exInfo_list count="1">
		<exInfo value="HarddiskVolume1\WINDOWS\system32\wininet.dll" descr="动态链接库"/>
	</exInfo_list>
	</action>
 </action_list><action_list name="加载模块" level="1" descr="加载模块 HarddiskVolume1\WINDOWS\system32\advapi32.dll" times="0">
	<action field="start_boot" type="Memory" name="LoadLibrary" call_pid="2036" call_name="1.exe" call_time="20:50:23.076">
	<exInfo_list count="1">
		<exInfo value="HarddiskVolume1\WINDOWS\system32\advapi32.dll" descr="动态链接库"/>
	</exInfo_list>
	</action>
 </action_list><action_list name="加载模块" level="1" descr="加载模块 HarddiskVolume1\WINDOWS\system32\rpcrt4.dll" times="0">
	<action field="start_boot" type="Memory" name="LoadLibrary" call_pid="2036" call_name="1.exe" call_time="20:50:23.081">
	<exInfo_list count="1">
		<exInfo value="HarddiskVolume1\WINDOWS\system32\rpcrt4.dll" descr="动态链接库"/>
	</exInfo_list>
	</action>
 </action_list><action_list name="加载模块" level="1" descr="加载模块 HarddiskVolume1\WINDOWS\system32\secur32.dll" times="0">
	<action field="start_boot" type="Memory" name="LoadLibrary" call_pid="2036" call_name="1.exe" call_time="20:50:23.085">
	<exInfo_list count="1">
		<exInfo value="HarddiskVolume1\WINDOWS\system32\secur32.dll" descr="动态链接库"/>
	</exInfo_list>
	</action>
 </action_list><action_list name="加载模块" level="1" descr="加载模块 HarddiskVolume1\WINDOWS\system32\crypt32.dll" times="0">
	<action field="start_boot" type="Memory" name="LoadLibrary" call_pid="2036" call_name="1.exe" call_time="20:50:23.089">
	<exInfo_list count="1">
		<exInfo value="HarddiskVolume1\WINDOWS\system32\crypt32.dll" descr="动态链接库"/>
	</exInfo_list>
	</action>
 </action_list><action_list name="加载模块" level="1" descr="加载模块 HarddiskVolume1\WINDOWS\system32\msasn1.dll" times="0">
	<action field="start_boot" type="Memory" name="LoadLibrary" call_pid="2036" call_name="1.exe" call_time="20:50:23.093">
	<exInfo_list count="1">
		<exInfo value="HarddiskVolume1\WINDOWS\system32\msasn1.dll" descr="动态链接库"/>
	</exInfo_list>
	</action>
 </action_list><action_list name="加载模块" level="1" descr="加载模块 HarddiskVolume1\WINDOWS\system32\msvcrt.dll" times="0">
	<action field="start_boot" type="Memory" name="LoadLibrary" call_pid="2036" call_name="1.exe" call_time="20:50:23.097">
	<exInfo_list count="1">
		<exInfo value="HarddiskVolume1\WINDOWS\system32\msvcrt.dll" descr="动态链接库"/>
	</exInfo_list>
	</action>
 </action_list><action_list name="加载模块" level="1" descr="加载模块 HarddiskVolume1\WINDOWS\system32\user32.dll" times="0">
	<action field="start_boot" type="Memory" name="LoadLibrary" call_pid="2036" call_name="1.exe" call_time="20:50:23.113">
	<exInfo_list count="1">
		<exInfo value="HarddiskVolume1\WINDOWS\system32\user32.dll" descr="动态链接库"/>
	</exInfo_list>
	</action>
 </action_list><action_list name="加载模块" level="1" descr="加载模块 HarddiskVolume1\WINDOWS\system32\gdi32.dll" times="0">
	<action field="start_boot" type="Memory" name="LoadLibrary" call_pid="2036" call_name="1.exe" call_time="20:50:23.117">
	<exInfo_list count="1">
		<exInfo value="HarddiskVolume1\WINDOWS\system32\gdi32.dll" descr="动态链接库"/>
	</exInfo_list>
	</action>
 </action_list><action_list name="加载模块" level="1" descr="加载模块 HarddiskVolume1\WINDOWS\system32\oleaut32.dll" times="0">
	<action field="start_boot" type="Memory" name="LoadLibrary" call_pid="2036" call_name="1.exe" call_time="20:50:23.135">
	<exInfo_list count="1">
		<exInfo value="HarddiskVolume1\WINDOWS\system32\oleaut32.dll" descr="动态链接库"/>
	</exInfo_list>
	</action>
 </action_list><action_list name="加载模块" level="1" descr="加载模块 HarddiskVolume1\WINDOWS\system32\ole32.dll" times="0">
	<action field="start_boot" type="Memory" name="LoadLibrary" call_pid="2036" call_name="1.exe" call_time="20:50:23.147">
	<exInfo_list count="1">
		<exInfo value="HarddiskVolume1\WINDOWS\system32\ole32.dll" descr="动态链接库"/>
	</exInfo_list>
	</action>
 </action_list><action_list name="加载模块" level="1" descr="加载模块 HarddiskVolume1\WINDOWS\system32\shlwapi.dll" times="0">
	<action field="start_boot" type="Memory" name="LoadLibrary" call_pid="2036" call_name="1.exe" call_time="20:50:23.158">
	<exInfo_list count="1">
		<exInfo value="HarddiskVolume1\WINDOWS\system32\shlwapi.dll" descr="动态链接库"/>
	</exInfo_list>
	</action>
 </action_list><action_list name="加载模块" level="1" descr="加载模块 HarddiskVolume1\WINDOWS\system32\shell32.dll" times="0">
	<action field="start_boot" type="Memory" name="LoadLibrary" call_pid="2036" call_name="1.exe" call_time="20:50:23.194">
	<exInfo_list count="1">
		<exInfo value="HarddiskVolume1\WINDOWS\system32\shell32.dll" descr="动态链接库"/>
	</exInfo_list>
	</action>
 </action_list><action_list name="自我读取" level="1" descr="读取文件 HarddiskVolume1\vastest\1.exe" times="0">
	<action field="start_boot" type="File" name="ReadFile" call_pid="2036" call_name="1.exe" call_time="20:50:23.217">
	<exInfo_list count="1">
		<exInfo value="HarddiskVolume1\vastest\1.exe" descr="文件路径"/>
	</exInfo_list>
	</action>
 </action_list><action_list name="加载模块" level="1" descr="加载模块 HarddiskVolume1\WINDOWS\system32\imm32.dll" times="0">
	<action field="start_boot" type="Memory" name="LoadLibrary" call_pid="2036" call_name="1.exe" call_time="20:50:23.343">
	<exInfo_list count="1">
		<exInfo value="HarddiskVolume1\WINDOWS\system32\imm32.dll" descr="动态链接库"/>
	</exInfo_list>
	</action>
 </action_list><action_list name="加载模块" level="1" descr="加载模块 HarddiskVolume1\WINDOWS\system32\lpk.dll" times="0">
	<action field="start_boot" type="Memory" name="LoadLibrary" call_pid="2036" call_name="1.exe" call_time="20:50:23.372">
	<exInfo_list count="1">
		<exInfo value="HarddiskVolume1\WINDOWS\system32\lpk.dll" descr="动态链接库"/>
	</exInfo_list>
	</action>
 </action_list><action_list name="加载模块" level="1" descr="加载模块 HarddiskVolume1\WINDOWS\system32\usp10.dll" times="0">
	<action field="start_boot" type="Memory" name="LoadLibrary" call_pid="2036" call_name="1.exe" call_time="20:50:23.377">
	<exInfo_list count="1">
		<exInfo value="HarddiskVolume1\WINDOWS\system32\usp10.dll" descr="动态链接库"/>
	</exInfo_list>
	</action>
 </action_list><action_list name="加载模块" level="1" descr="加载模块 HarddiskVolume1\WINDOWS\WinSxS\x86_Microsoft.Windows.Common-Controls_6595b64144ccf1df_6.0.2600.5512_x-ww_35d4ce83\comctl32.dll" times="0">
	<action field="start_boot" type="Memory" name="LoadLibrary" call_pid="2036" call_name="1.exe" call_time="20:50:23.481">
	<exInfo_list count="1">
		<exInfo value="HarddiskVolume1\WINDOWS\WinSxS\x86_Microsoft.Windows.Common-Controls_6595b64144ccf1df_6.0.2600.5512_x-ww_35d4ce83\comctl32.dll" descr="动态链接库"/>
	</exInfo_list>
	</action>
 </action_list><action_list name="加载模块" level="1" descr="加载模块 HarddiskVolume1\WINDOWS\system32\comctl32.dll" times="0">
	<action field="start_boot" type="Memory" name="LoadLibrary" call_pid="2036" call_name="1.exe" call_time="20:50:23.600">
	<exInfo_list count="1">
		<exInfo value="HarddiskVolume1\WINDOWS\system32\comctl32.dll" descr="动态链接库"/>
	</exInfo_list>
	</action>
 </action_list><action_list name="自我读取" level="1" descr="读取文件 HarddiskVolume1\vastest\1.exe" times="0">
	<action field="start_boot" type="File" name="ReadFile" call_pid="2036" call_name="1.exe" call_time="20:50:24.667">
	<exInfo_list count="1">
		<exInfo value="HarddiskVolume1\vastest\1.exe" descr="文件路径"/>
	</exInfo_list>
	</action>
 </action_list><action_list name="创建可执行程序" level="3" descr="创建可执行程序 HarddiskVolume1\DOCUME~1\xpuser\LOCALS~1\Temp\hromi.exe" times="0">
	<action field="start_boot" type="File" name="WritePEFile" call_pid="2036" call_name="1.exe" call_time="20:50:24.670">
	<exInfo_list count="1">
		<exInfo value="HarddiskVolume1\DOCUME~1\xpuser\LOCALS~1\Temp\hromi.exe" descr="PE文件路径"/>
	</exInfo_list>
	</action>
 </action_list><action_list name="加载模块" level="1" descr="加载模块 HarddiskVolume1\WINDOWS\system32\msctf.dll" times="0">
	<action field="start_boot" type="Memory" name="LoadLibrary" call_pid="2036" call_name="1.exe" call_time="20:50:24.722">
	<exInfo_list count="1">
		<exInfo value="HarddiskVolume1\WINDOWS\system32\msctf.dll" descr="动态链接库"/>
	</exInfo_list>
	</action>
 </action_list><action_list name="加载模块" level="1" descr="加载模块 HarddiskVolume1\WINDOWS\system32\netapi32.dll" times="0">
	<action field="start_boot" type="Memory" name="LoadLibrary" call_pid="2036" call_name="1.exe" call_time="20:50:24.798">
	<exInfo_list count="1">
		<exInfo value="HarddiskVolume1\WINDOWS\system32\netapi32.dll" descr="动态链接库"/>
	</exInfo_list>
	</action>
 </action_list><action_list name="检测分析环境" level="1" descr="通过 MemoryOperation 技术检测虚拟机或调试器，逃避分析与查杀" times="0">
	<action field="start_boot" type="System" name="DetectDebugger" call_pid="2036" call_name="1.exe" call_time="20:50:24.837">
	<exInfo_list count="1">
		<exInfo value="MemoryOperation" descr="技术手段"/>
	</exInfo_list>
	</action>
 </action_list><action_list name="设置注册表中键值" level="2" descr="设置注册表中键 \REGISTRY\USER\S-1-5-21-117609710-838170752-515967899-1003\SOFTWARE\MICROSOFT\WINDOWS\CURRENTVERSION\EXPLORER\SHELL FOLDERS 的值 Personal" times="0">
	<action field="start_boot" type="Reg" name="SetKeyValue" call_pid="2036" call_name="1.exe" call_time="20:50:24.984">
	<exInfo_list count="2">
		<exInfo value="\REGISTRY\USER\S-1-5-21-117609710-838170752-515967899-1003\SOFTWARE\MICROSOFT\WINDOWS\CURRENTVERSION\EXPLORER\SHELL FOLDERS" descr="键名"/>
		<exInfo value="Personal" descr="键值"/>
	</exInfo_list>
	</action>
 </action_list><action_list name="加载模块" level="1" descr="加载模块 HarddiskVolume1\WINDOWS\system32\setupapi.dll" times="0">
	<action field="start_boot" type="Memory" name="LoadLibrary" call_pid="2036" call_name="1.exe" call_time="20:50:24.991">
	<exInfo_list count="1">
		<exInfo value="HarddiskVolume1\WINDOWS\system32\setupapi.dll" descr="动态链接库"/>
	</exInfo_list>
	</action>
 </action_list><action_list name="变更权限" level="3" descr="改变进程的权限" times="0">
	<action field="start_boot" type="Process" name="AdjustPrivilege" call_pid="2036" call_name="1.exe" call_time="20:50:24.067">
	<exInfo_list count="0">
	</exInfo_list>
	</action>
 </action_list><action_list name="设置注册表中键值" level="2" descr="设置注册表中键 \REGISTRY\USER\S-1-5-21-117609710-838170752-515967899-1003\SOFTWARE\MICROSOFT\WINDOWS\CURRENTVERSION\EXPLORER\MOUNTPOINTS2\{05CFC942-435A-11E6-BABC-806D6172696F} 的值 BaseClass" times="0">
	<action field="start_boot" type="Reg" name="SetKeyValue" call_pid="2036" call_name="1.exe" call_time="20:50:24.113">
	<exInfo_list count="2">
		<exInfo value="\REGISTRY\USER\S-1-5-21-117609710-838170752-515967899-1003\SOFTWARE\MICROSOFT\WINDOWS\CURRENTVERSION\EXPLORER\MOUNTPOINTS2\{05CFC942-435A-11E6-BABC-806D6172696F}" descr="键名"/>
		<exInfo value="BaseClass" descr="键值"/>
	</exInfo_list>
	</action>
 </action_list><action_list name="设置注册表中键值" level="2" descr="设置注册表中键 \REGISTRY\USER\S-1-5-21-117609710-838170752-515967899-1003\SOFTWARE\MICROSOFT\WINDOWS\CURRENTVERSION\EXPLORER\MOUNTPOINTS2\{05CFC940-435A-11E6-BABC-806D6172696F} 的值 BaseClass" times="0">
	<action field="start_boot" type="Reg" name="SetKeyValue" call_pid="2036" call_name="1.exe" call_time="20:50:24.123">
	<exInfo_list count="2">
		<exInfo value="\REGISTRY\USER\S-1-5-21-117609710-838170752-515967899-1003\SOFTWARE\MICROSOFT\WINDOWS\CURRENTVERSION\EXPLORER\MOUNTPOINTS2\{05CFC940-435A-11E6-BABC-806D6172696F}" descr="键名"/>
		<exInfo value="BaseClass" descr="键值"/>
	</exInfo_list>
	</action>
 </action_list><action_list name="读取文件" level="1" descr="读取文件 HarddiskVolume1\Documents and Settings\xpuser\My Documents\desktop.ini" times="0">
	<action field="start_boot" type="File" name="ReadFile" call_pid="2036" call_name="1.exe" call_time="20:50:24.161">
	<exInfo_list count="1">
		<exInfo value="HarddiskVolume1\Documents and Settings\xpuser\My Documents\desktop.ini" descr="文件路径"/>
	</exInfo_list>
	</action>
 </action_list><action_list name="设置注册表中键值" level="2" descr="设置注册表中键 \REGISTRY\MACHINE\SOFTWARE\MICROSOFT\WINDOWS\CURRENTVERSION\EXPLORER\SHELL FOLDERS 的值 Common Documents" times="0">
	<action field="start_boot" type="Reg" name="SetKeyValue" call_pid="2036" call_name="1.exe" call_time="20:50:24.207">
	<exInfo_list count="2">
		<exInfo value="\REGISTRY\MACHINE\SOFTWARE\MICROSOFT\WINDOWS\CURRENTVERSION\EXPLORER\SHELL FOLDERS" descr="键名"/>
		<exInfo value="Common Documents" descr="键值"/>
	</exInfo_list>
	</action>
 </action_list><action_list name="读取文件" level="1" descr="读取文件 HarddiskVolume1\Documents and Settings\All Users\Documents\desktop.ini" times="0">
	<action field="start_boot" type="File" name="ReadFile" call_pid="2036" call_name="1.exe" call_time="20:50:24.222">
	<exInfo_list count="1">
		<exInfo value="HarddiskVolume1\Documents and Settings\All Users\Documents\desktop.ini" descr="文件路径"/>
	</exInfo_list>
	</action>
 </action_list><action_list name="设置注册表中键值" level="2" descr="设置注册表中键 \REGISTRY\USER\S-1-5-21-117609710-838170752-515967899-1003\SOFTWARE\MICROSOFT\WINDOWS\CURRENTVERSION\EXPLORER\SHELL FOLDERS 的值 Desktop" times="0">
	<action field="start_boot" type="Reg" name="SetKeyValue" call_pid="2036" call_name="1.exe" call_time="20:50:24.250">
	<exInfo_list count="2">
		<exInfo value="\REGISTRY\USER\S-1-5-21-117609710-838170752-515967899-1003\SOFTWARE\MICROSOFT\WINDOWS\CURRENTVERSION\EXPLORER\SHELL FOLDERS" descr="键名"/>
		<exInfo value="Desktop" descr="键值"/>
	</exInfo_list>
	</action>
 </action_list><action_list name="设置注册表中键值" level="2" descr="设置注册表中键 \REGISTRY\MACHINE\SOFTWARE\MICROSOFT\WINDOWS\CURRENTVERSION\EXPLORER\SHELL FOLDERS 的值 Common Desktop" times="0">
	<action field="start_boot" type="Reg" name="SetKeyValue" call_pid="2036" call_name="1.exe" call_time="20:50:24.265">
	<exInfo_list count="2">
		<exInfo value="\REGISTRY\MACHINE\SOFTWARE\MICROSOFT\WINDOWS\CURRENTVERSION\EXPLORER\SHELL FOLDERS" descr="键名"/>
		<exInfo value="Common Desktop" descr="键值"/>
	</exInfo_list>
	</action>
 </action_list><action_list name="加载模块" level="1" descr="加载模块 HarddiskVolume1\WINDOWS\system32\clbcatq.dll" times="0">
	<action field="start_boot" type="Memory" name="LoadLibrary" call_pid="2036" call_name="1.exe" call_time="20:50:24.323">
	<exInfo_list count="1">
		<exInfo value="HarddiskVolume1\WINDOWS\system32\clbcatq.dll" descr="动态链接库"/>
	</exInfo_list>
	</action>
 </action_list><action_list name="加载模块" level="1" descr="加载模块 HarddiskVolume1\WINDOWS\system32\comres.dll" times="0">
	<action field="start_boot" type="Memory" name="LoadLibrary" call_pid="2036" call_name="1.exe" call_time="20:50:24.328">
	<exInfo_list count="1">
		<exInfo value="HarddiskVolume1\WINDOWS\system32\comres.dll" descr="动态链接库"/>
	</exInfo_list>
	</action>
 </action_list><action_list name="加载模块" level="1" descr="加载模块 HarddiskVolume1\WINDOWS\system32\version.dll" times="0">
	<action field="start_boot" type="Memory" name="LoadLibrary" call_pid="2036" call_name="1.exe" call_time="20:50:24.340">
	<exInfo_list count="1">
		<exInfo value="HarddiskVolume1\WINDOWS\system32\version.dll" descr="动态链接库"/>
	</exInfo_list>
	</action>
 </action_list><action_list name="读取系统文件" level="2" descr="读取文件 HarddiskVolume1\WINDOWS\Registration\R000000000007.clb" times="0">
	<action field="start_boot" type="File" name="ReadFile" call_pid="2036" call_name="1.exe" call_time="20:50:24.394">
	<exInfo_list count="1">
		<exInfo value="HarddiskVolume1\WINDOWS\Registration\R000000000007.clb" descr="文件路径"/>
	</exInfo_list>
	</action>
 </action_list><action_list name="加载模块" level="1" descr="加载模块 HarddiskVolume1\WINDOWS\system32\urlmon.dll" times="0">
	<action field="start_boot" type="Memory" name="LoadLibrary" call_pid="2036" call_name="1.exe" call_time="20:50:24.453">
	<exInfo_list count="1">
		<exInfo value="HarddiskVolume1\WINDOWS\system32\urlmon.dll" descr="动态链接库"/>
	</exInfo_list>
	</action>
 </action_list><action_list name="设置注册表中键值" level="2" descr="设置注册表中键 \REGISTRY\USER\S-1-5-21-117609710-838170752-515967899-1003\SOFTWARE\MICROSOFT\WINDOWS\CURRENTVERSION\INTERNET SETTINGS\ZONEMAP 的值 ProxyBypass" times="0">
	<action field="start_boot" type="Reg" name="SetKeyValue" call_pid="2036" call_name="1.exe" call_time="20:50:24.542">
	<exInfo_list count="2">
		<exInfo value="\REGISTRY\USER\S-1-5-21-117609710-838170752-515967899-1003\SOFTWARE\MICROSOFT\WINDOWS\CURRENTVERSION\INTERNET SETTINGS\ZONEMAP" descr="键名"/>
		<exInfo value="ProxyBypass" descr="键值"/>
	</exInfo_list>
	</action>
 </action_list><action_list name="设置注册表中键值" level="2" descr="设置注册表中键 \REGISTRY\USER\S-1-5-21-117609710-838170752-515967899-1003\SOFTWARE\MICROSOFT\WINDOWS\CURRENTVERSION\INTERNET SETTINGS\ZONEMAP 的值 IntranetName" times="0">
	<action field="start_boot" type="Reg" name="SetKeyValue" call_pid="2036" call_name="1.exe" call_time="20:50:24.543">
	<exInfo_list count="2">
		<exInfo value="\REGISTRY\USER\S-1-5-21-117609710-838170752-515967899-1003\SOFTWARE\MICROSOFT\WINDOWS\CURRENTVERSION\INTERNET SETTINGS\ZONEMAP" descr="键名"/>
		<exInfo value="IntranetName" descr="键值"/>
	</exInfo_list>
	</action>
 </action_list><action_list name="设置注册表中键值" level="2" descr="设置注册表中键 \REGISTRY\USER\S-1-5-21-117609710-838170752-515967899-1003\SOFTWARE\MICROSOFT\WINDOWS\CURRENTVERSION\INTERNET SETTINGS\ZONEMAP 的值 UNCAsIntranet" times="0">
	<action field="start_boot" type="Reg" name="SetKeyValue" call_pid="2036" call_name="1.exe" call_time="20:50:24.544">
	<exInfo_list count="2">
		<exInfo value="\REGISTRY\USER\S-1-5-21-117609710-838170752-515967899-1003\SOFTWARE\MICROSOFT\WINDOWS\CURRENTVERSION\INTERNET SETTINGS\ZONEMAP" descr="键名"/>
		<exInfo value="UNCAsIntranet" descr="键值"/>
	</exInfo_list>
	</action>
 </action_list><action_list name="设置注册表中键值" level="2" descr="设置注册表中键 \REGISTRY\USER\S-1-5-21-117609710-838170752-515967899-1003\SOFTWARE\MICROSOFT\WINDOWS\CURRENTVERSION\INTERNET SETTINGS\ZONEMAP 的值 ProxyBypass" times="0">
	<action field="start_boot" type="Reg" name="SetKeyValue" call_pid="2036" call_name="1.exe" call_time="20:50:24.559">
	<exInfo_list count="2">
		<exInfo value="\REGISTRY\USER\S-1-5-21-117609710-838170752-515967899-1003\SOFTWARE\MICROSOFT\WINDOWS\CURRENTVERSION\INTERNET SETTINGS\ZONEMAP" descr="键名"/>
		<exInfo value="ProxyBypass" descr="键值"/>
	</exInfo_list>
	</action>
 </action_list><action_list name="设置注册表中键值" level="2" descr="设置注册表中键 \REGISTRY\USER\S-1-5-21-117609710-838170752-515967899-1003\SOFTWARE\MICROSOFT\WINDOWS\CURRENTVERSION\INTERNET SETTINGS\ZONEMAP 的值 IntranetName" times="0">
	<action field="start_boot" type="Reg" name="SetKeyValue" call_pid="2036" call_name="1.exe" call_time="20:50:24.560">
	<exInfo_list count="2">
		<exInfo value="\REGISTRY\USER\S-1-5-21-117609710-838170752-515967899-1003\SOFTWARE\MICROSOFT\WINDOWS\CURRENTVERSION\INTERNET SETTINGS\ZONEMAP" descr="键名"/>
		<exInfo value="IntranetName" descr="键值"/>
	</exInfo_list>
	</action>
 </action_list><action_list name="设置注册表中键值" level="2" descr="设置注册表中键 \REGISTRY\USER\S-1-5-21-117609710-838170752-515967899-1003\SOFTWARE\MICROSOFT\WINDOWS\CURRENTVERSION\INTERNET SETTINGS\ZONEMAP 的值 UNCAsIntranet" times="0">
	<action field="start_boot" type="Reg" name="SetKeyValue" call_pid="2036" call_name="1.exe" call_time="20:50:24.561">
	<exInfo_list count="2">
		<exInfo value="\REGISTRY\USER\S-1-5-21-117609710-838170752-515967899-1003\SOFTWARE\MICROSOFT\WINDOWS\CURRENTVERSION\INTERNET SETTINGS\ZONEMAP" descr="键名"/>
		<exInfo value="UNCAsIntranet" descr="键值"/>
	</exInfo_list>
	</action>
 </action_list><action_list name="设置注册表中键值" level="2" descr="设置注册表中键 \REGISTRY\USER\S-1-5-21-117609710-838170752-515967899-1003\SOFTWARE\MICROSOFT\WINDOWS\CURRENTVERSION\EXPLORER\SHELL FOLDERS 的值 Cache" times="0">
	<action field="start_boot" type="Reg" name="SetKeyValue" call_pid="2036" call_name="1.exe" call_time="20:50:24.592">
	<exInfo_list count="2">
		<exInfo value="\REGISTRY\USER\S-1-5-21-117609710-838170752-515967899-1003\SOFTWARE\MICROSOFT\WINDOWS\CURRENTVERSION\EXPLORER\SHELL FOLDERS" descr="键名"/>
		<exInfo value="Cache" descr="键值"/>
	</exInfo_list>
	</action>
 </action_list><action_list name="设置注册表中键值" level="2" descr="设置注册表中键 \REGISTRY\USER\S-1-5-21-117609710-838170752-515967899-1003\SOFTWARE\MICROSOFT\WINDOWS\CURRENTVERSION\EXPLORER\SHELL FOLDERS 的值 Cookies" times="0">
	<action field="start_boot" type="Reg" name="SetKeyValue" call_pid="2036" call_name="1.exe" call_time="20:50:24.596">
	<exInfo_list count="2">
		<exInfo value="\REGISTRY\USER\S-1-5-21-117609710-838170752-515967899-1003\SOFTWARE\MICROSOFT\WINDOWS\CURRENTVERSION\EXPLORER\SHELL FOLDERS" descr="键名"/>
		<exInfo value="Cookies" descr="键值"/>
	</exInfo_list>
	</action>
 </action_list><action_list name="读取文件" level="2" descr="读取文件 HarddiskVolume1\DOCUME~1\xpuser\LOCALS~1\Temp\hromi.exe" times="0">
	<action field="start_boot" type="File" name="ReadFile" call_pid="2036" call_name="1.exe" call_time="20:50:24.675">
	<exInfo_list count="1">
		<exInfo value="HarddiskVolume1\DOCUME~1\xpuser\LOCALS~1\Temp\hromi.exe" descr="文件路径"/>
	</exInfo_list>
	</action>
 </action_list><action_list name="设置注册表中键值" level="2" descr="设置注册表中键 \REGISTRY\USER\S-1-5-21-117609710-838170752-515967899-1003\SOFTWARE\MICROSOFT\WINDOWS\SHELLNOROAM\MUICACHE 的值 C:\DOCUME~1\xpuser\LOCALS~1\Temp\hromi.exe" times="0">
	<action field="start_boot" type="Reg" name="SetKeyValue" call_pid="2036" call_name="1.exe" call_time="20:50:24.684">
	<exInfo_list count="2">
		<exInfo value="\REGISTRY\USER\S-1-5-21-117609710-838170752-515967899-1003\SOFTWARE\MICROSOFT\WINDOWS\SHELLNOROAM\MUICACHE" descr="键名"/>
		<exInfo value="C:\DOCUME~1\xpuser\LOCALS~1\Temp\hromi.exe" descr="键值"/>
	</exInfo_list>
	</action>
 </action_list><action_list name="读取文件" level="2" descr="读取文件 HarddiskVolume1\DOCUME~1\xpuser\LOCALS~1\Temp\hromi.exe" times="0">
	<action field="start_boot" type="File" name="ReadFile" call_pid="2036" call_name="1.exe" call_time="20:50:24.691">
	<exInfo_list count="1">
		<exInfo value="HarddiskVolume1\DOCUME~1\xpuser\LOCALS~1\Temp\hromi.exe" descr="文件路径"/>
	</exInfo_list>
	</action>
 </action_list><action_list name="加载模块" level="1" descr="加载模块 HarddiskVolume1\WINDOWS\system32\apphelp.dll" times="0">
	<action field="start_boot" type="Memory" name="LoadLibrary" call_pid="2036" call_name="1.exe" call_time="20:50:24.720">
	<exInfo_list count="1">
		<exInfo value="HarddiskVolume1\WINDOWS\system32\apphelp.dll" descr="动态链接库"/>
	</exInfo_list>
	</action>
 </action_list><action_list name="映射文件" level="1" descr="映射文件 HarddiskVolume1\DOCUME~1\xpuser\LOCALS~1\Temp\hromi.exe" times="0">
	<action field="start_boot" type="File" name="ReadFileToCreate" call_pid="2036" call_name="1.exe" call_time="20:50:24.804">
	<exInfo_list count="1">
		<exInfo value="HarddiskVolume1\DOCUME~1\xpuser\LOCALS~1\Temp\hromi.exe" descr="文件路径"/>
	</exInfo_list>
	</action>
 </action_list><action_list name="创建进程" level="3" descr="创建进程 C:\DOCUME~1\xpuser\LOCALS~1\Temp\hromi.exe &quot;C:\DOCUME~1\xpuser\LOCALS~1\Temp\hromi.exe&quot; " times="0">
	<action field="start_boot" type="Process" name="CreateProcess" call_pid="2036" call_name="1.exe" call_time="20:50:24.712">
	<exInfo_list count="1">
		<exInfo value="C:\DOCUME~1\xpuser\LOCALS~1\Temp\hromi.exe &quot;C:\DOCUME~1\xpuser\LOCALS~1\Temp\hromi.exe&quot; " descr="进程名"/>
	</exInfo_list>
	</action>
 </action_list><action_list name="程序退出" level="-1" descr="1.exe 退出" times="0">
	<action field="start_boot" type="Process" name="TerminateProcess" call_pid="2036" call_name="1.exe" call_time="20:50:24.884">
	<exInfo_list count="1">
		<exInfo value="1.exe" descr="结束进程名"/>
	</exInfo_list>
	</action>
 </action_list><action_list name="进程开始执行" level="1" descr="被 1.exe（2036）创建的进程开始执行" times="0">
	<action field="start_boot" type="Process" name="BeCreated" call_pid="1928" call_name="hromi.exe" call_time="20:50:24.886">
	<exInfo_list count="2">
		<exInfo value="1.exe" descr="父进程名"/>
		<exInfo value="2036" descr="父进程ID"/>
	</exInfo_list>
	</action>
 </action_list><action_list name="进程开始执行" level="1" descr="被 1.exe（2036）通过参数 &quot;C:\DOCUME~1\xpuser\LOCALS~1\Temp\hromi.exe&quot;  以 direct 方式创建的进程开始执行" times="0">
	<action field="start_boot" type="Process" name="BeCreatedEx" call_pid="1928" call_name="hromi.exe" call_time="20:50:24.887">
	<exInfo_list count="4">
		<exInfo value="1.exe" descr="父进程名"/>
		<exInfo value="2036" descr="父进程ID"/>
		<exInfo value="&quot;C:\DOCUME~1\xpuser\LOCALS~1\Temp\hromi.exe&quot; " descr="启动参数"/>
		<exInfo value="direct" descr="创建方式"/>
	</exInfo_list>
	</action>
 </action_list><action_list name="加载模块" level="1" descr="加载模块 HarddiskVolume1\WINDOWS\system32\wininet.dll" times="0">
	<action field="start_boot" type="Memory" name="LoadLibrary" call_pid="1928" call_name="hromi.exe" call_time="20:50:24.976">
	<exInfo_list count="1">
		<exInfo value="HarddiskVolume1\WINDOWS\system32\wininet.dll" descr="动态链接库"/>
	</exInfo_list>
	</action>
 </action_list><action_list name="加载模块" level="1" descr="加载模块 HarddiskVolume1\WINDOWS\system32\advapi32.dll" times="0">
	<action field="start_boot" type="Memory" name="LoadLibrary" call_pid="1928" call_name="hromi.exe" call_time="20:50:24.981">
	<exInfo_list count="1">
		<exInfo value="HarddiskVolume1\WINDOWS\system32\advapi32.dll" descr="动态链接库"/>
	</exInfo_list>
	</action>
 </action_list><action_list name="加载模块" level="1" descr="加载模块 HarddiskVolume1\WINDOWS\system32\rpcrt4.dll" times="0">
	<action field="start_boot" type="Memory" name="LoadLibrary" call_pid="1928" call_name="hromi.exe" call_time="20:50:24.986">
	<exInfo_list count="1">
		<exInfo value="HarddiskVolume1\WINDOWS\system32\rpcrt4.dll" descr="动态链接库"/>
	</exInfo_list>
	</action>
 </action_list><action_list name="加载模块" level="1" descr="加载模块 HarddiskVolume1\WINDOWS\system32\secur32.dll" times="0">
	<action field="start_boot" type="Memory" name="LoadLibrary" call_pid="1928" call_name="hromi.exe" call_time="20:50:24.990">
	<exInfo_list count="1">
		<exInfo value="HarddiskVolume1\WINDOWS\system32\secur32.dll" descr="动态链接库"/>
	</exInfo_list>
	</action>
 </action_list><action_list name="加载模块" level="1" descr="加载模块 HarddiskVolume1\WINDOWS\system32\crypt32.dll" times="0">
	<action field="start_boot" type="Memory" name="LoadLibrary" call_pid="1928" call_name="hromi.exe" call_time="20:50:24.994">
	<exInfo_list count="1">
		<exInfo value="HarddiskVolume1\WINDOWS\system32\crypt32.dll" descr="动态链接库"/>
	</exInfo_list>
	</action>
 </action_list><action_list name="加载模块" level="1" descr="加载模块 HarddiskVolume1\WINDOWS\system32\msasn1.dll" times="0">
	<action field="start_boot" type="Memory" name="LoadLibrary" call_pid="1928" call_name="hromi.exe" call_time="20:50:24.998">
	<exInfo_list count="1">
		<exInfo value="HarddiskVolume1\WINDOWS\system32\msasn1.dll" descr="动态链接库"/>
	</exInfo_list>
	</action>
 </action_list><action_list name="加载模块" level="1" descr="加载模块 HarddiskVolume1\WINDOWS\system32\msvcrt.dll" times="0">
	<action field="start_boot" type="Memory" name="LoadLibrary" call_pid="1928" call_name="hromi.exe" call_time="20:50:24.002">
	<exInfo_list count="1">
		<exInfo value="HarddiskVolume1\WINDOWS\system32\msvcrt.dll" descr="动态链接库"/>
	</exInfo_list>
	</action>
 </action_list><action_list name="加载模块" level="1" descr="加载模块 HarddiskVolume1\WINDOWS\system32\user32.dll" times="0">
	<action field="start_boot" type="Memory" name="LoadLibrary" call_pid="1928" call_name="hromi.exe" call_time="20:50:24.018">
	<exInfo_list count="1">
		<exInfo value="HarddiskVolume1\WINDOWS\system32\user32.dll" descr="动态链接库"/>
	</exInfo_list>
	</action>
 </action_list><action_list name="加载模块" level="1" descr="加载模块 HarddiskVolume1\WINDOWS\system32\gdi32.dll" times="0">
	<action field="start_boot" type="Memory" name="LoadLibrary" call_pid="1928" call_name="hromi.exe" call_time="20:50:24.022">
	<exInfo_list count="1">
		<exInfo value="HarddiskVolume1\WINDOWS\system32\gdi32.dll" descr="动态链接库"/>
	</exInfo_list>
	</action>
 </action_list><action_list name="加载模块" level="1" descr="加载模块 HarddiskVolume1\WINDOWS\system32\oleaut32.dll" times="0">
	<action field="start_boot" type="Memory" name="LoadLibrary" call_pid="1928" call_name="hromi.exe" call_time="20:50:24.040">
	<exInfo_list count="1">
		<exInfo value="HarddiskVolume1\WINDOWS\system32\oleaut32.dll" descr="动态链接库"/>
	</exInfo_list>
	</action>
 </action_list><action_list name="加载模块" level="1" descr="加载模块 HarddiskVolume1\WINDOWS\system32\ole32.dll" times="0">
	<action field="start_boot" type="Memory" name="LoadLibrary" call_pid="1928" call_name="hromi.exe" call_time="20:50:24.052">
	<exInfo_list count="1">
		<exInfo value="HarddiskVolume1\WINDOWS\system32\ole32.dll" descr="动态链接库"/>
	</exInfo_list>
	</action>
 </action_list><action_list name="加载模块" level="1" descr="加载模块 HarddiskVolume1\WINDOWS\system32\shlwapi.dll" times="0">
	<action field="start_boot" type="Memory" name="LoadLibrary" call_pid="1928" call_name="hromi.exe" call_time="20:50:24.063">
	<exInfo_list count="1">
		<exInfo value="HarddiskVolume1\WINDOWS\system32\shlwapi.dll" descr="动态链接库"/>
	</exInfo_list>
	</action>
 </action_list><action_list name="加载模块" level="1" descr="加载模块 HarddiskVolume1\WINDOWS\system32\shell32.dll" times="0">
	<action field="start_boot" type="Memory" name="LoadLibrary" call_pid="1928" call_name="hromi.exe" call_time="20:50:24.099">
	<exInfo_list count="1">
		<exInfo value="HarddiskVolume1\WINDOWS\system32\shell32.dll" descr="动态链接库"/>
	</exInfo_list>
	</action>
 </action_list><action_list name="读取文件" level="2" descr="读取文件 HarddiskVolume1\DOCUME~1\xpuser\LOCALS~1\Temp\hromi.exe" times="0">
	<action field="start_boot" type="File" name="ReadFile" call_pid="1928" call_name="hromi.exe" call_time="20:50:24.122">
	<exInfo_list count="1">
		<exInfo value="HarddiskVolume1\DOCUME~1\xpuser\LOCALS~1\Temp\hromi.exe" descr="文件路径"/>
	</exInfo_list>
	</action>
 </action_list><action_list name="程序退出" level="-1" descr="1.exe 退出" times="0">
	<action field="start_boot" type="Process" name="TerminateProcess" call_pid="2036" call_name="1.exe" call_time="20:50:24.239">
	<exInfo_list count="1">
		<exInfo value="1.exe" descr="结束进程名"/>
	</exInfo_list>
	</action>
 </action_list><action_list name="加载模块" level="1" descr="加载模块 HarddiskVolume1\WINDOWS\system32\imm32.dll" times="0">
	<action field="start_boot" type="Memory" name="LoadLibrary" call_pid="1928" call_name="hromi.exe" call_time="20:50:24.288">
	<exInfo_list count="1">
		<exInfo value="HarddiskVolume1\WINDOWS\system32\imm32.dll" descr="动态链接库"/>
	</exInfo_list>
	</action>
 </action_list><action_list name="加载模块" level="1" descr="加载模块 HarddiskVolume1\WINDOWS\system32\lpk.dll" times="0">
	<action field="start_boot" type="Memory" name="LoadLibrary" call_pid="1928" call_name="hromi.exe" call_time="20:50:24.317">
	<exInfo_list count="1">
		<exInfo value="HarddiskVolume1\WINDOWS\system32\lpk.dll" descr="动态链接库"/>
	</exInfo_list>
	</action>
 </action_list><action_list name="加载模块" level="1" descr="加载模块 HarddiskVolume1\WINDOWS\system32\usp10.dll" times="0">
	<action field="start_boot" type="Memory" name="LoadLibrary" call_pid="1928" call_name="hromi.exe" call_time="20:50:24.323">
	<exInfo_list count="1">
		<exInfo value="HarddiskVolume1\WINDOWS\system32\usp10.dll" descr="动态链接库"/>
	</exInfo_list>
	</action>
 </action_list><action_list name="加载模块" level="1" descr="加载模块 HarddiskVolume1\WINDOWS\WinSxS\x86_Microsoft.Windows.Common-Controls_6595b64144ccf1df_6.0.2600.5512_x-ww_35d4ce83\comctl32.dll" times="0">
	<action field="start_boot" type="Memory" name="LoadLibrary" call_pid="1928" call_name="hromi.exe" call_time="20:50:24.428">
	<exInfo_list count="1">
		<exInfo value="HarddiskVolume1\WINDOWS\WinSxS\x86_Microsoft.Windows.Common-Controls_6595b64144ccf1df_6.0.2600.5512_x-ww_35d4ce83\comctl32.dll" descr="动态链接库"/>
	</exInfo_list>
	</action>
 </action_list><action_list name="加载模块" level="1" descr="加载模块 HarddiskVolume1\WINDOWS\system32\comctl32.dll" times="0">
	<action field="start_boot" type="Memory" name="LoadLibrary" call_pid="1928" call_name="hromi.exe" call_time="20:50:24.548">
	<exInfo_list count="1">
		<exInfo value="HarddiskVolume1\WINDOWS\system32\comctl32.dll" descr="动态链接库"/>
	</exInfo_list>
	</action>
 </action_list><action_list name="读取文件" level="2" descr="读取文件 HarddiskVolume1\DOCUME~1\xpuser\LOCALS~1\Temp\hromi.exe" times="0">
	<action field="start_boot" type="File" name="ReadFile" call_pid="1928" call_name="hromi.exe" call_time="20:50:24.614">
	<exInfo_list count="1">
		<exInfo value="HarddiskVolume1\DOCUME~1\xpuser\LOCALS~1\Temp\hromi.exe" descr="文件路径"/>
	</exInfo_list>
	</action>
 </action_list><action_list name="删除文件" level="2" descr="删除文件 y:\wildlist\131227\33992ee7788627b401f8fdcea2c61a39.exe" times="0">
	<action field="start_boot" type="File" name="DeleteFile" call_pid="1928" call_name="hromi.exe" call_time="20:50:24.616">
	<exInfo_list count="1">
		<exInfo value="y:\wildlist\131227\33992ee7788627b401f8fdcea2c61a39.exe" descr="文件路径"/>
	</exInfo_list>
	</action>
 </action_list><action_list name="设置注册表中键值" level="2" descr="设置注册表中键 \REGISTRY\USER\S-1-5-21-117609710-838170752-515967899-1003\SOFTWARE\MICROSOFT\WINDOWS\CURRENTVERSION\EXPLORER\SHELL FOLDERS 的值 Cache" times="0">
	<action field="start_boot" type="Reg" name="SetKeyValue" call_pid="1928" call_name="hromi.exe" call_time="20:50:25.657">
	<exInfo_list count="2">
		<exInfo value="\REGISTRY\USER\S-1-5-21-117609710-838170752-515967899-1003\SOFTWARE\MICROSOFT\WINDOWS\CURRENTVERSION\EXPLORER\SHELL FOLDERS" descr="键名"/>
		<exInfo value="Cache" descr="键值"/>
	</exInfo_list>
	</action>
 </action_list><action_list name="设置注册表中键值" level="2" descr="设置注册表中键 \REGISTRY\MACHINE\SOFTWARE\MICROSOFT\WINDOWS\CURRENTVERSION\INTERNET SETTINGS\CACHE\PATHS 的值 Directory" times="0">
	<action field="start_boot" type="Reg" name="SetKeyValue" call_pid="1928" call_name="hromi.exe" call_time="20:50:25.663">
	<exInfo_list count="2">
		<exInfo value="\REGISTRY\MACHINE\SOFTWARE\MICROSOFT\WINDOWS\CURRENTVERSION\INTERNET SETTINGS\CACHE\PATHS" descr="键名"/>
		<exInfo value="Directory" descr="键值"/>
	</exInfo_list>
	</action>
 </action_list><action_list name="设置注册表中键值" level="2" descr="设置注册表中键 \REGISTRY\MACHINE\SOFTWARE\MICROSOFT\WINDOWS\CURRENTVERSION\INTERNET SETTINGS\CACHE\PATHS 的值 Paths" times="0">
	<action field="start_boot" type="Reg" name="SetKeyValue" call_pid="1928" call_name="hromi.exe" call_time="20:50:25.664">
	<exInfo_list count="2">
		<exInfo value="\REGISTRY\MACHINE\SOFTWARE\MICROSOFT\WINDOWS\CURRENTVERSION\INTERNET SETTINGS\CACHE\PATHS" descr="键名"/>
		<exInfo value="Paths" descr="键值"/>
	</exInfo_list>
	</action>
 </action_list><action_list name="设置注册表中键值" level="2" descr="设置注册表中键 \REGISTRY\MACHINE\SOFTWARE\MICROSOFT\WINDOWS\CURRENTVERSION\INTERNET SETTINGS\CACHE\PATHS\PATH1 的值 CachePath" times="0">
	<action field="start_boot" type="Reg" name="SetKeyValue" call_pid="1928" call_name="hromi.exe" call_time="20:50:25.665">
	<exInfo_list count="2">
		<exInfo value="\REGISTRY\MACHINE\SOFTWARE\MICROSOFT\WINDOWS\CURRENTVERSION\INTERNET SETTINGS\CACHE\PATHS\PATH1" descr="键名"/>
		<exInfo value="CachePath" descr="键值"/>
	</exInfo_list>
	</action>
 </action_list><action_list name="设置注册表中键值" level="2" descr="设置注册表中键 \REGISTRY\MACHINE\SOFTWARE\MICROSOFT\WINDOWS\CURRENTVERSION\INTERNET SETTINGS\CACHE\PATHS\PATH2 的值 CachePath" times="0">
	<action field="start_boot" type="Reg" name="SetKeyValue" call_pid="1928" call_name="hromi.exe" call_time="20:50:25.666">
	<exInfo_list count="2">
		<exInfo value="\REGISTRY\MACHINE\SOFTWARE\MICROSOFT\WINDOWS\CURRENTVERSION\INTERNET SETTINGS\CACHE\PATHS\PATH2" descr="键名"/>
		<exInfo value="CachePath" descr="键值"/>
	</exInfo_list>
	</action>
 </action_list><action_list name="设置注册表中键值" level="2" descr="设置注册表中键 \REGISTRY\MACHINE\SOFTWARE\MICROSOFT\WINDOWS\CURRENTVERSION\INTERNET SETTINGS\CACHE\PATHS\PATH3 的值 CachePath" times="0">
	<action field="start_boot" type="Reg" name="SetKeyValue" call_pid="1928" call_name="hromi.exe" call_time="20:50:25.667">
	<exInfo_list count="2">
		<exInfo value="\REGISTRY\MACHINE\SOFTWARE\MICROSOFT\WINDOWS\CURRENTVERSION\INTERNET SETTINGS\CACHE\PATHS\PATH3" descr="键名"/>
		<exInfo value="CachePath" descr="键值"/>
	</exInfo_list>
	</action>
 </action_list><action_list name="设置注册表中键值" level="2" descr="设置注册表中键 \REGISTRY\MACHINE\SOFTWARE\MICROSOFT\WINDOWS\CURRENTVERSION\INTERNET SETTINGS\CACHE\PATHS\PATH4 的值 CachePath" times="0">
	<action field="start_boot" type="Reg" name="SetKeyValue" call_pid="1928" call_name="hromi.exe" call_time="20:50:25.668">
	<exInfo_list count="2">
		<exInfo value="\REGISTRY\MACHINE\SOFTWARE\MICROSOFT\WINDOWS\CURRENTVERSION\INTERNET SETTINGS\CACHE\PATHS\PATH4" descr="键名"/>
		<exInfo value="CachePath" descr="键值"/>
	</exInfo_list>
	</action>
 </action_list><action_list name="设置注册表中键值" level="2" descr="设置注册表中键 \REGISTRY\MACHINE\SOFTWARE\MICROSOFT\WINDOWS\CURRENTVERSION\INTERNET SETTINGS\CACHE\PATHS\PATH1 的值 CacheLimit" times="0">
	<action field="start_boot" type="Reg" name="SetKeyValue" call_pid="1928" call_name="hromi.exe" call_time="20:50:25.669">
	<exInfo_list count="2">
		<exInfo value="\REGISTRY\MACHINE\SOFTWARE\MICROSOFT\WINDOWS\CURRENTVERSION\INTERNET SETTINGS\CACHE\PATHS\PATH1" descr="键名"/>
		<exInfo value="CacheLimit" descr="键值"/>
	</exInfo_list>
	</action>
 </action_list><action_list name="设置注册表中键值" level="2" descr="设置注册表中键 \REGISTRY\MACHINE\SOFTWARE\MICROSOFT\WINDOWS\CURRENTVERSION\INTERNET SETTINGS\CACHE\PATHS\PATH2 的值 CacheLimit" times="0">
	<action field="start_boot" type="Reg" name="SetKeyValue" call_pid="1928" call_name="hromi.exe" call_time="20:50:25.670">
	<exInfo_list count="2">
		<exInfo value="\REGISTRY\MACHINE\SOFTWARE\MICROSOFT\WINDOWS\CURRENTVERSION\INTERNET SETTINGS\CACHE\PATHS\PATH2" descr="键名"/>
		<exInfo value="CacheLimit" descr="键值"/>
	</exInfo_list>
	</action>
 </action_list><action_list name="设置注册表中键值" level="2" descr="设置注册表中键 \REGISTRY\MACHINE\SOFTWARE\MICROSOFT\WINDOWS\CURRENTVERSION\INTERNET SETTINGS\CACHE\PATHS\PATH3 的值 CacheLimit" times="0">
	<action field="start_boot" type="Reg" name="SetKeyValue" call_pid="1928" call_name="hromi.exe" call_time="20:50:25.671">
	<exInfo_list count="2">
		<exInfo value="\REGISTRY\MACHINE\SOFTWARE\MICROSOFT\WINDOWS\CURRENTVERSION\INTERNET SETTINGS\CACHE\PATHS\PATH3" descr="键名"/>
		<exInfo value="CacheLimit" descr="键值"/>
	</exInfo_list>
	</action>
 </action_list><action_list name="设置注册表中键值" level="2" descr="设置注册表中键 \REGISTRY\MACHINE\SOFTWARE\MICROSOFT\WINDOWS\CURRENTVERSION\INTERNET SETTINGS\CACHE\PATHS\PATH4 的值 CacheLimit" times="0">
	<action field="start_boot" type="Reg" name="SetKeyValue" call_pid="1928" call_name="hromi.exe" call_time="20:50:25.672">
	<exInfo_list count="2">
		<exInfo value="\REGISTRY\MACHINE\SOFTWARE\MICROSOFT\WINDOWS\CURRENTVERSION\INTERNET SETTINGS\CACHE\PATHS\PATH4" descr="键名"/>
		<exInfo value="CacheLimit" descr="键值"/>
	</exInfo_list>
	</action>
 </action_list><action_list name="设置注册表中键值" level="2" descr="设置注册表中键 \REGISTRY\USER\S-1-5-21-117609710-838170752-515967899-1003\SOFTWARE\MICROSOFT\WINDOWS\CURRENTVERSION\EXPLORER\SHELL FOLDERS 的值 Cookies" times="0">
	<action field="start_boot" type="Reg" name="SetKeyValue" call_pid="1928" call_name="hromi.exe" call_time="20:50:25.685">
	<exInfo_list count="2">
		<exInfo value="\REGISTRY\USER\S-1-5-21-117609710-838170752-515967899-1003\SOFTWARE\MICROSOFT\WINDOWS\CURRENTVERSION\EXPLORER\SHELL FOLDERS" descr="键名"/>
		<exInfo value="Cookies" descr="键值"/>
	</exInfo_list>
	</action>
 </action_list><action_list name="设置注册表中键值" level="2" descr="设置注册表中键 \REGISTRY\USER\S-1-5-21-117609710-838170752-515967899-1003\SOFTWARE\MICROSOFT\WINDOWS\CURRENTVERSION\EXPLORER\SHELL FOLDERS 的值 History" times="0">
	<action field="start_boot" type="Reg" name="SetKeyValue" call_pid="1928" call_name="hromi.exe" call_time="20:50:25.693">
	<exInfo_list count="2">
		<exInfo value="\REGISTRY\USER\S-1-5-21-117609710-838170752-515967899-1003\SOFTWARE\MICROSOFT\WINDOWS\CURRENTVERSION\EXPLORER\SHELL FOLDERS" descr="键名"/>
		<exInfo value="History" descr="键值"/>
	</exInfo_list>
	</action>
 </action_list><action_list name="检测分析环境" level="1" descr="通过 DiskOperation 技术检测虚拟机或调试器，逃避分析与查杀" times="0">
	<action field="start_boot" type="System" name="DetectDebugger" call_pid="1928" call_name="hromi.exe" call_time="20:50:25.708">
	<exInfo_list count="1">
		<exInfo value="DiskOperation" descr="技术手段"/>
	</exInfo_list>
	</action>
 </action_list><action_list name="检测分析环境" level="1" descr="通过 DiskOperation 技术检测虚拟机或调试器，逃避分析与查杀" times="0">
	<action field="start_boot" type="System" name="DetectDebugger" call_pid="1928" call_name="hromi.exe" call_time="20:50:25.725">
	<exInfo_list count="1">
		<exInfo value="DiskOperation" descr="技术手段"/>
	</exInfo_list>
	</action>
 </action_list><action_list name="检测分析环境" level="1" descr="通过 DiskOperation 技术检测虚拟机或调试器，逃避分析与查杀" times="0">
	<action field="start_boot" type="System" name="DetectDebugger" call_pid="1928" call_name="hromi.exe" call_time="20:50:25.741">
	<exInfo_list count="1">
		<exInfo value="DiskOperation" descr="技术手段"/>
	</exInfo_list>
	</action>
 </action_list><action_list name="检测分析环境" level="1" descr="通过 sleep(60s) 技术检测虚拟机或调试器，逃避分析与查杀" times="0">
	<action field="start_boot" type="System" name="DetectDebugger" call_pid="1928" call_name="hromi.exe" call_time="20:50:25.763">
	<exInfo_list count="1">
		<exInfo value="sleep(60s)" descr="技术手段"/>
	</exInfo_list>
	</action>
 </action_list><action_list name="加载模块" level="1" descr="加载模块 HarddiskVolume1\WINDOWS\system32\wsock32.dll" times="0">
	<action field="start_boot" type="Memory" name="LoadLibrary" call_pid="1928" call_name="hromi.exe" call_time="20:50:25.853">
	<exInfo_list count="1">
		<exInfo value="HarddiskVolume1\WINDOWS\system32\wsock32.dll" descr="动态链接库"/>
	</exInfo_list>
	</action>
 </action_list><action_list name="加载模块" level="1" descr="加载模块 HarddiskVolume1\WINDOWS\system32\ws2_32.dll" times="0">
	<action field="start_boot" type="Memory" name="LoadLibrary" call_pid="1928" call_name="hromi.exe" call_time="20:50:25.858">
	<exInfo_list count="1">
		<exInfo value="HarddiskVolume1\WINDOWS\system32\ws2_32.dll" descr="动态链接库"/>
	</exInfo_list>
	</action>
 </action_list><action_list name="加载模块" level="1" descr="加载模块 HarddiskVolume1\WINDOWS\system32\ws2help.dll" times="0">
	<action field="start_boot" type="Memory" name="LoadLibrary" call_pid="1928" call_name="hromi.exe" call_time="20:50:25.869">
	<exInfo_list count="1">
		<exInfo value="HarddiskVolume1\WINDOWS\system32\ws2help.dll" descr="动态链接库"/>
	</exInfo_list>
	</action>
 </action_list><action_list name="加载模块" level="1" descr="加载模块 HarddiskVolume1\WINDOWS\system32\version.dll" times="0">
	<action field="start_boot" type="Memory" name="LoadLibrary" call_pid="1928" call_name="hromi.exe" call_time="20:50:25.985">
	<exInfo_list count="1">
		<exInfo value="HarddiskVolume1\WINDOWS\system32\version.dll" descr="动态链接库"/>
	</exInfo_list>
	</action>
 </action_list><action_list name="读取系统文件" level="2" descr="读取文件 HarddiskVolume1\WINDOWS\system32\userenv.dll" times="0">
	<action field="start_boot" type="File" name="ReadFile" call_pid="1928" call_name="hromi.exe" call_time="20:50:25.997">
	<exInfo_list count="1">
		<exInfo value="HarddiskVolume1\WINDOWS\system32\userenv.dll" descr="文件路径"/>
	</exInfo_list>
	</action>
 </action_list><action_list name="加载模块" level="1" descr="加载模块 HarddiskVolume1\WINDOWS\system32\userenv.dll" times="0">
	<action field="start_boot" type="Memory" name="LoadLibrary" call_pid="1928" call_name="hromi.exe" call_time="20:50:25.017">
	<exInfo_list count="1">
		<exInfo value="HarddiskVolume1\WINDOWS\system32\userenv.dll" descr="动态链接库"/>
	</exInfo_list>
	</action>
 </action_list><action_list name="加载模块" level="1" descr="加载模块 HarddiskVolume1\WINDOWS\system32\netapi32.dll" times="0">
	<action field="start_boot" type="Memory" name="LoadLibrary" call_pid="1928" call_name="hromi.exe" call_time="20:50:25.080">
	<exInfo_list count="1">
		<exInfo value="HarddiskVolume1\WINDOWS\system32\netapi32.dll" descr="动态链接库"/>
	</exInfo_list>
	</action>
 </action_list><action_list name="检测分析环境" level="1" descr="通过 MemoryOperation 技术检测虚拟机或调试器，逃避分析与查杀" times="0">
	<action field="start_boot" type="System" name="DetectDebugger" call_pid="1928" call_name="hromi.exe" call_time="20:50:25.117">
	<exInfo_list count="1">
		<exInfo value="MemoryOperation" descr="技术手段"/>
	</exInfo_list>
	</action>
 </action_list><action_list name="读取文件" level="2" descr="读取文件 HarddiskVolume1\AUTOEXEC.BAT" times="0">
	<action field="start_boot" type="File" name="ReadFile" call_pid="1928" call_name="hromi.exe" call_time="20:50:25.154">
	<exInfo_list count="1">
		<exInfo value="HarddiskVolume1\AUTOEXEC.BAT" descr="文件路径"/>
	</exInfo_list>
	</action>
 </action_list><action_list name="加载模块" level="1" descr="加载模块 HarddiskVolume1\WINDOWS\system32\wintrust.dll" times="0">
	<action field="start_boot" type="Memory" name="LoadLibrary" call_pid="1928" call_name="hromi.exe" call_time="20:50:26.190">
	<exInfo_list count="1">
		<exInfo value="HarddiskVolume1\WINDOWS\system32\wintrust.dll" descr="动态链接库"/>
	</exInfo_list>
	</action>
 </action_list><action_list name="加载模块" level="1" descr="加载模块 HarddiskVolume1\WINDOWS\system32\imagehlp.dll" times="0">
	<action field="start_boot" type="Memory" name="LoadLibrary" call_pid="1928" call_name="hromi.exe" call_time="20:50:26.194">
	<exInfo_list count="1">
		<exInfo value="HarddiskVolume1\WINDOWS\system32\imagehlp.dll" descr="动态链接库"/>
	</exInfo_list>
	</action>
 </action_list><action_list name="加载模块" level="1" descr="加载模块 HarddiskVolume1\WINDOWS\system32\schannel.dll" times="0">
	<action field="start_boot" type="Memory" name="LoadLibrary" call_pid="1928" call_name="hromi.exe" call_time="20:50:26.238">
	<exInfo_list count="1">
		<exInfo value="HarddiskVolume1\WINDOWS\system32\schannel.dll" descr="动态链接库"/>
	</exInfo_list>
	</action>
 </action_list><action_list name="加载模块" level="1" descr="加载模块 HarddiskVolume1\WINDOWS\system32\rasapi32.dll" times="0">
	<action field="start_boot" type="Memory" name="LoadLibrary" call_pid="1928" call_name="hromi.exe" call_time="20:50:26.280">
	<exInfo_list count="1">
		<exInfo value="HarddiskVolume1\WINDOWS\system32\rasapi32.dll" descr="动态链接库"/>
	</exInfo_list>
	</action>
 </action_list><action_list name="加载模块" level="1" descr="加载模块 HarddiskVolume1\WINDOWS\system32\rasman.dll" times="0">
	<action field="start_boot" type="Memory" name="LoadLibrary" call_pid="1928" call_name="hromi.exe" call_time="20:50:26.292">
	<exInfo_list count="1">
		<exInfo value="HarddiskVolume1\WINDOWS\system32\rasman.dll" descr="动态链接库"/>
	</exInfo_list>
	</action>
 </action_list><action_list name="加载模块" level="1" descr="加载模块 HarddiskVolume1\WINDOWS\system32\tapi32.dll" times="0">
	<action field="start_boot" type="Memory" name="LoadLibrary" call_pid="1928" call_name="hromi.exe" call_time="20:50:26.303">
	<exInfo_list count="1">
		<exInfo value="HarddiskVolume1\WINDOWS\system32\tapi32.dll" descr="动态链接库"/>
	</exInfo_list>
	</action>
 </action_list><action_list name="加载模块" level="1" descr="加载模块 HarddiskVolume1\WINDOWS\system32\rtutils.dll" times="0">
	<action field="start_boot" type="Memory" name="LoadLibrary" call_pid="1928" call_name="hromi.exe" call_time="20:50:26.315">
	<exInfo_list count="1">
		<exInfo value="HarddiskVolume1\WINDOWS\system32\rtutils.dll" descr="动态链接库"/>
	</exInfo_list>
	</action>
 </action_list><action_list name="加载模块" level="1" descr="加载模块 HarddiskVolume1\WINDOWS\system32\winmm.dll" times="0">
	<action field="start_boot" type="Memory" name="LoadLibrary" call_pid="1928" call_name="hromi.exe" call_time="20:50:26.327">
	<exInfo_list count="1">
		<exInfo value="HarddiskVolume1\WINDOWS\system32\winmm.dll" descr="动态链接库"/>
	</exInfo_list>
	</action>
 </action_list><action_list name="检测分析环境" level="1" descr="通过 sleep(180s) 技术检测虚拟机或调试器，逃避分析与查杀" times="0">
	<action field="start_boot" type="System" name="DetectDebugger" call_pid="1928" call_name="hromi.exe" call_time="20:50:26.374">
	<exInfo_list count="1">
		<exInfo value="sleep(180s)" descr="技术手段"/>
	</exInfo_list>
	</action>
 </action_list><action_list name="查询系统服务" level="3" descr="查询系统服务" times="0">
	<action field="start_boot" type="System" name="AccessServices" call_pid="1928" call_name="hromi.exe" call_time="20:50:26.373">
	<exInfo_list count="0">
	</exInfo_list>
	</action>
 </action_list><action_list name="创建网络连接" level="3" descr="通过 RASMAN 服务创建网络连接" times="0">
	<action field="start_boot" type="System" name="OpenService" call_pid="1928" call_name="hromi.exe" call_time="20:50:26.398">
	<exInfo_list count="1">
		<exInfo value="RASMAN" descr="服务名"/>
	</exInfo_list>
	</action>
 </action_list><action_list name="检测分析环境" level="1" descr="通过 sleep(180s) 技术检测虚拟机或调试器，逃避分析与查杀" times="0">
	<action field="start_boot" type="System" name="DetectDebugger" call_pid="1928" call_name="hromi.exe" call_time="20:50:26.405">
	<exInfo_list count="1">
		<exInfo value="sleep(180s)" descr="技术手段"/>
	</exInfo_list>
	</action>
 </action_list><action_list name="加载模块" level="1" descr="加载模块 HarddiskVolume1\WINDOWS\system32\sensapi.dll" times="0">
	<action field="start_boot" type="Memory" name="LoadLibrary" call_pid="1928" call_name="hromi.exe" call_time="20:50:26.412">
	<exInfo_list count="1">
		<exInfo value="HarddiskVolume1\WINDOWS\system32\sensapi.dll" descr="动态链接库"/>
	</exInfo_list>
	</action>
 </action_list><action_list name="读取文件" level="2" descr="读取文件 HarddiskVolume1\AUTOEXEC.BAT" times="0">
	<action field="start_boot" type="File" name="ReadFile" call_pid="1928" call_name="hromi.exe" call_time="20:50:26.512">
	<exInfo_list count="1">
		<exInfo value="HarddiskVolume1\AUTOEXEC.BAT" descr="文件路径"/>
	</exInfo_list>
	</action>
 </action_list><action_list name="设置注册表中键值" level="2" descr="设置注册表中键 \REGISTRY\MACHINE\SOFTWARE\MICROSOFT\WINDOWS\CURRENTVERSION\EXPLORER\SHELL FOLDERS 的值 Common AppData" times="0">
	<action field="start_boot" type="Reg" name="SetKeyValue" call_pid="1928" call_name="hromi.exe" call_time="20:50:26.532">
	<exInfo_list count="2">
		<exInfo value="\REGISTRY\MACHINE\SOFTWARE\MICROSOFT\WINDOWS\CURRENTVERSION\EXPLORER\SHELL FOLDERS" descr="键名"/>
		<exInfo value="Common AppData" descr="键值"/>
	</exInfo_list>
	</action>
 </action_list><action_list name="读取文件" level="2" descr="读取文件 HarddiskVolume1\AUTOEXEC.BAT" times="0">
	<action field="start_boot" type="File" name="ReadFile" call_pid="1928" call_name="hromi.exe" call_time="20:50:26.591">
	<exInfo_list count="1">
		<exInfo value="HarddiskVolume1\AUTOEXEC.BAT" descr="文件路径"/>
	</exInfo_list>
	</action>
 </action_list><action_list name="设置注册表中键值" level="2" descr="设置注册表中键 \REGISTRY\USER\S-1-5-21-117609710-838170752-515967899-1003\SOFTWARE\MICROSOFT\WINDOWS\CURRENTVERSION\EXPLORER\SHELL FOLDERS 的值 AppData" times="0">
	<action field="start_boot" type="Reg" name="SetKeyValue" call_pid="1928" call_name="hromi.exe" call_time="20:50:26.610">
	<exInfo_list count="2">
		<exInfo value="\REGISTRY\USER\S-1-5-21-117609710-838170752-515967899-1003\SOFTWARE\MICROSOFT\WINDOWS\CURRENTVERSION\EXPLORER\SHELL FOLDERS" descr="键名"/>
		<exInfo value="AppData" descr="键值"/>
	</exInfo_list>
	</action>
 </action_list><action_list name="设置注册表中键值" level="2" descr="设置注册表中键 \REGISTRY\USER\S-1-5-21-117609710-838170752-515967899-1003\SOFTWARE\MICROSOFT\WINDOWS\CURRENTVERSION\INTERNET SETTINGS 的值 MigrateProxy" times="0">
	<action field="start_boot" type="Reg" name="SetKeyValue" call_pid="1928" call_name="hromi.exe" call_time="20:50:26.613">
	<exInfo_list count="2">
		<exInfo value="\REGISTRY\USER\S-1-5-21-117609710-838170752-515967899-1003\SOFTWARE\MICROSOFT\WINDOWS\CURRENTVERSION\INTERNET SETTINGS" descr="键名"/>
		<exInfo value="MigrateProxy" descr="键值"/>
	</exInfo_list>
	</action>
 </action_list><action_list name="设置注册表中键值" level="2" descr="设置注册表中键 \REGISTRY\USER\S-1-5-21-117609710-838170752-515967899-1003\SOFTWARE\MICROSOFT\WINDOWS\CURRENTVERSION\INTERNET SETTINGS 的值 ProxyEnable" times="0">
	<action field="start_boot" type="Reg" name="SetKeyValue" call_pid="1928" call_name="hromi.exe" call_time="20:50:26.622">
	<exInfo_list count="2">
		<exInfo value="\REGISTRY\USER\S-1-5-21-117609710-838170752-515967899-1003\SOFTWARE\MICROSOFT\WINDOWS\CURRENTVERSION\INTERNET SETTINGS" descr="键名"/>
		<exInfo value="ProxyEnable" descr="键值"/>
	</exInfo_list>
	</action>
 </action_list><action_list name="删除注册表键值" level="3" descr="删除注册表键 \REGISTRY\USER\S-1-5-21-117609710-838170752-515967899-1003\SOFTWARE\MICROSOFT\WINDOWS\CURRENTVERSION\INTERNET SETTINGS 的值 P" times="0">
	<action field="start_boot" type="Reg" name="DeleteKeyValue" call_pid="1928" call_name="hromi.exe" call_time="20:50:26.623">
	<exInfo_list count="2">
		<exInfo value="\REGISTRY\USER\S-1-5-21-117609710-838170752-515967899-1003\SOFTWARE\MICROSOFT\WINDOWS\CURRENTVERSION\INTERNET SETTINGS" descr="键名"/>
		<exInfo value="P" descr="键值"/>
	</exInfo_list>
	</action>
 </action_list><action_list name="删除注册表键值" level="3" descr="删除注册表键 \REGISTRY\USER\S-1-5-21-117609710-838170752-515967899-1003\SOFTWARE\MICROSOFT\WINDOWS\CURRENTVERSION\INTERNET SETTINGS 的值 P" times="0">
	<action field="start_boot" type="Reg" name="DeleteKeyValue" call_pid="1928" call_name="hromi.exe" call_time="20:50:26.624">
	<exInfo_list count="2">
		<exInfo value="\REGISTRY\USER\S-1-5-21-117609710-838170752-515967899-1003\SOFTWARE\MICROSOFT\WINDOWS\CURRENTVERSION\INTERNET SETTINGS" descr="键名"/>
		<exInfo value="P" descr="键值"/>
	</exInfo_list>
	</action>
 </action_list><action_list name="删除注册表键值" level="3" descr="删除注册表键 \REGISTRY\USER\S-1-5-21-117609710-838170752-515967899-1003\SOFTWARE\MICROSOFT\WINDOWS\CURRENTVERSION\INTERNET SETTINGS 的值 A" times="0">
	<action field="start_boot" type="Reg" name="DeleteKeyValue" call_pid="1928" call_name="hromi.exe" call_time="20:50:26.625">
	<exInfo_list count="2">
		<exInfo value="\REGISTRY\USER\S-1-5-21-117609710-838170752-515967899-1003\SOFTWARE\MICROSOFT\WINDOWS\CURRENTVERSION\INTERNET SETTINGS" descr="键名"/>
		<exInfo value="A" descr="键值"/>
	</exInfo_list>
	</action>
 </action_list><action_list name="设置注册表中键值" level="2" descr="设置注册表中键 \REGISTRY\MACHINE\SYSTEM\CONTROLSET001\HARDWARE PROFILES\0001\SOFTWARE\MICROSOFT\WINDOWS\CURRENTVERSION\INTERNET SETTINGS 的值 ProxyEnable" times="0">
	<action field="start_boot" type="Reg" name="SetKeyValue" call_pid="1928" call_name="hromi.exe" call_time="20:50:26.627">
	<exInfo_list count="2">
		<exInfo value="\REGISTRY\MACHINE\SYSTEM\CONTROLSET001\HARDWARE PROFILES\0001\SOFTWARE\MICROSOFT\WINDOWS\CURRENTVERSION\INTERNET SETTINGS" descr="键名"/>
		<exInfo value="ProxyEnable" descr="键值"/>
	</exInfo_list>
	</action>
 </action_list><action_list name="设置注册表中键值" level="2" descr="设置注册表中键 \REGISTRY\USER\S-1-5-21-117609710-838170752-515967899-1003\SOFTWARE\MICROSOFT\WINDOWS\CURRENTVERSION\INTERNET SETTINGS\CONNECTIONS 的值 SavedLegacySettings" times="0">
	<action field="start_boot" type="Reg" name="SetKeyValue" call_pid="1928" call_name="hromi.exe" call_time="20:50:26.631">
	<exInfo_list count="2">
		<exInfo value="\REGISTRY\USER\S-1-5-21-117609710-838170752-515967899-1003\SOFTWARE\MICROSOFT\WINDOWS\CURRENTVERSION\INTERNET SETTINGS\CONNECTIONS" descr="键名"/>
		<exInfo value="SavedLegacySettings" descr="键值"/>
	</exInfo_list>
	</action>
 </action_list><action_list name="加载模块" level="1" descr="加载模块 HarddiskVolume1\WINDOWS\system32\urlmon.dll" times="0">
	<action field="start_boot" type="Memory" name="LoadLibrary" call_pid="1928" call_name="hromi.exe" call_time="20:50:26.641">
	<exInfo_list count="1">
		<exInfo value="HarddiskVolume1\WINDOWS\system32\urlmon.dll" descr="动态链接库"/>
	</exInfo_list>
	</action>
 </action_list><action_list name="设置注册表中键值" level="2" descr="设置注册表中键 \REGISTRY\USER\S-1-5-21-117609710-838170752-515967899-1003\SOFTWARE\MICROSOFT\WINDOWS\CURRENTVERSION\INTERNET SETTINGS\ZONEMAP 的值 ProxyBypass" times="0">
	<action field="start_boot" type="Reg" name="SetKeyValue" call_pid="1928" call_name="hromi.exe" call_time="20:50:26.727">
	<exInfo_list count="2">
		<exInfo value="\REGISTRY\USER\S-1-5-21-117609710-838170752-515967899-1003\SOFTWARE\MICROSOFT\WINDOWS\CURRENTVERSION\INTERNET SETTINGS\ZONEMAP" descr="键名"/>
		<exInfo value="ProxyBypass" descr="键值"/>
	</exInfo_list>
	</action>
 </action_list><action_list name="设置注册表中键值" level="2" descr="设置注册表中键 \REGISTRY\USER\S-1-5-21-117609710-838170752-515967899-1003\SOFTWARE\MICROSOFT\WINDOWS\CURRENTVERSION\INTERNET SETTINGS\ZONEMAP 的值 IntranetName" times="0">
	<action field="start_boot" type="Reg" name="SetKeyValue" call_pid="1928" call_name="hromi.exe" call_time="20:50:26.728">
	<exInfo_list count="2">
		<exInfo value="\REGISTRY\USER\S-1-5-21-117609710-838170752-515967899-1003\SOFTWARE\MICROSOFT\WINDOWS\CURRENTVERSION\INTERNET SETTINGS\ZONEMAP" descr="键名"/>
		<exInfo value="IntranetName" descr="键值"/>
	</exInfo_list>
	</action>
 </action_list><action_list name="设置注册表中键值" level="2" descr="设置注册表中键 \REGISTRY\USER\S-1-5-21-117609710-838170752-515967899-1003\SOFTWARE\MICROSOFT\WINDOWS\CURRENTVERSION\INTERNET SETTINGS\ZONEMAP 的值 UNCAsIntranet" times="0">
	<action field="start_boot" type="Reg" name="SetKeyValue" call_pid="1928" call_name="hromi.exe" call_time="20:50:26.729">
	<exInfo_list count="2">
		<exInfo value="\REGISTRY\USER\S-1-5-21-117609710-838170752-515967899-1003\SOFTWARE\MICROSOFT\WINDOWS\CURRENTVERSION\INTERNET SETTINGS\ZONEMAP" descr="键名"/>
		<exInfo value="UNCAsIntranet" descr="键值"/>
	</exInfo_list>
	</action>
 </action_list><action_list name="设置注册表中键值" level="2" descr="设置注册表中键 \REGISTRY\USER\S-1-5-21-117609710-838170752-515967899-1003\SOFTWARE\MICROSOFT\WINDOWS\CURRENTVERSION\INTERNET SETTINGS\ZONEMAP 的值 ProxyBypass" times="0">
	<action field="start_boot" type="Reg" name="SetKeyValue" call_pid="1928" call_name="hromi.exe" call_time="20:50:26.743">
	<exInfo_list count="2">
		<exInfo value="\REGISTRY\USER\S-1-5-21-117609710-838170752-515967899-1003\SOFTWARE\MICROSOFT\WINDOWS\CURRENTVERSION\INTERNET SETTINGS\ZONEMAP" descr="键名"/>
		<exInfo value="ProxyBypass" descr="键值"/>
	</exInfo_list>
	</action>
 </action_list><action_list name="设置注册表中键值" level="2" descr="设置注册表中键 \REGISTRY\USER\S-1-5-21-117609710-838170752-515967899-1003\SOFTWARE\MICROSOFT\WINDOWS\CURRENTVERSION\INTERNET SETTINGS\ZONEMAP 的值 IntranetName" times="0">
	<action field="start_boot" type="Reg" name="SetKeyValue" call_pid="1928" call_name="hromi.exe" call_time="20:50:26.744">
	<exInfo_list count="2">
		<exInfo value="\REGISTRY\USER\S-1-5-21-117609710-838170752-515967899-1003\SOFTWARE\MICROSOFT\WINDOWS\CURRENTVERSION\INTERNET SETTINGS\ZONEMAP" descr="键名"/>
		<exInfo value="IntranetName" descr="键值"/>
	</exInfo_list>
	</action>
 </action_list><action_list name="设置注册表中键值" level="2" descr="设置注册表中键 \REGISTRY\USER\S-1-5-21-117609710-838170752-515967899-1003\SOFTWARE\MICROSOFT\WINDOWS\CURRENTVERSION\INTERNET SETTINGS\ZONEMAP 的值 UNCAsIntranet" times="0">
	<action field="start_boot" type="Reg" name="SetKeyValue" call_pid="1928" call_name="hromi.exe" call_time="20:50:26.745">
	<exInfo_list count="2">
		<exInfo value="\REGISTRY\USER\S-1-5-21-117609710-838170752-515967899-1003\SOFTWARE\MICROSOFT\WINDOWS\CURRENTVERSION\INTERNET SETTINGS\ZONEMAP" descr="键名"/>
		<exInfo value="UNCAsIntranet" descr="键值"/>
	</exInfo_list>
	</action>
 </action_list><action_list name="检测分析环境" level="1" descr="通过 sleep(180s) 技术检测虚拟机或调试器，逃避分析与查杀" times="0">
	<action field="start_boot" type="System" name="DetectDebugger" call_pid="1928" call_name="hromi.exe" call_time="20:50:26.817">
	<exInfo_list count="1">
		<exInfo value="sleep(180s)" descr="技术手段"/>
	</exInfo_list>
	</action>
 </action_list><action_list name="查询系统服务" level="3" descr="查询系统服务" times="0">
	<action field="start_boot" type="System" name="AccessServices" call_pid="1928" call_name="hromi.exe" call_time="20:50:26.816">
	<exInfo_list count="0">
	</exInfo_list>
	</action>
 </action_list><action_list name="创建网络连接" level="3" descr="通过 RASMAN 服务创建网络连接" times="0">
	<action field="start_boot" type="System" name="OpenService" call_pid="1928" call_name="hromi.exe" call_time="20:50:26.820">
	<exInfo_list count="1">
		<exInfo value="RASMAN" descr="服务名"/>
	</exInfo_list>
	</action>
 </action_list><action_list name="访问网络服务" level="3" descr="获取系统提供的socket服务" times="0">
	<action field="start_boot" type="Network" name="AccessSocketService" call_pid="1928" call_name="hromi.exe" call_time="20:50:26.833">
	<exInfo_list count="0">
	</exInfo_list>
	</action>
 </action_list><action_list name="加载模块" level="1" descr="加载模块 HarddiskVolume1\WINDOWS\system32\mswsock.dll" times="0">
	<action field="start_boot" type="Memory" name="LoadLibrary" call_pid="1928" call_name="hromi.exe" call_time="20:50:26.840">
	<exInfo_list count="1">
		<exInfo value="HarddiskVolume1\WINDOWS\system32\mswsock.dll" descr="动态链接库"/>
	</exInfo_list>
	</action>
 </action_list><action_list name="加载模块" level="1" descr="加载模块 HarddiskVolume1\WINDOWS\system32\dnsapi.dll" times="0">
	<action field="start_boot" type="Memory" name="LoadLibrary" call_pid="1928" call_name="hromi.exe" call_time="20:50:26.860">
	<exInfo_list count="1">
		<exInfo value="HarddiskVolume1\WINDOWS\system32\dnsapi.dll" descr="动态链接库"/>
	</exInfo_list>
	</action>
 </action_list><action_list name="加载模块" level="1" descr="加载模块 HarddiskVolume1\WINDOWS\system32\rasadhlp.dll" times="0">
	<action field="start_boot" type="Memory" name="LoadLibrary" call_pid="1928" call_name="hromi.exe" call_time="20:50:44.916">
	<exInfo_list count="1">
		<exInfo value="HarddiskVolume1\WINDOWS\system32\rasadhlp.dll" descr="动态链接库"/>
	</exInfo_list>
	</action>
 </action_list><action_list name="检测分析环境" level="1" descr="通过 sleep(180s) 技术检测虚拟机或调试器，逃避分析与查杀" times="0">
	<action field="start_boot" type="System" name="DetectDebugger" call_pid="1928" call_name="hromi.exe" call_time="20:50:44.939">
	<exInfo_list count="1">
		<exInfo value="sleep(180s)" descr="技术手段"/>
	</exInfo_list>
	</action>
 </action_list><action_list name="查询系统服务" level="3" descr="查询系统服务" times="0">
	<action field="start_boot" type="System" name="AccessServices" call_pid="1928" call_name="hromi.exe" call_time="20:50:44.938">
	<exInfo_list count="0">
	</exInfo_list>
	</action>
 </action_list><action_list name="创建网络连接" level="3" descr="通过 RASMAN 服务创建网络连接" times="0">
	<action field="start_boot" type="System" name="OpenService" call_pid="1928" call_name="hromi.exe" call_time="20:50:44.942">
	<exInfo_list count="1">
		<exInfo value="RASMAN" descr="服务名"/>
	</exInfo_list>
	</action>
 </action_list><action_list name="检测分析环境" level="1" descr="通过 sleep(180s) 技术检测虚拟机或调试器，逃避分析与查杀" times="0">
	<action field="start_boot" type="System" name="DetectDebugger" call_pid="1928" call_name="hromi.exe" call_time="20:50:44.965">
	<exInfo_list count="1">
		<exInfo value="sleep(180s)" descr="技术手段"/>
	</exInfo_list>
	</action>
 </action_list><action_list name="查询系统服务" level="3" descr="查询系统服务" times="0">
	<action field="start_boot" type="System" name="AccessServices" call_pid="1928" call_name="hromi.exe" call_time="20:50:44.964">
	<exInfo_list count="0">
	</exInfo_list>
	</action>
 </action_list><action_list name="创建网络连接" level="3" descr="通过 RASMAN 服务创建网络连接" times="0">
	<action field="start_boot" type="System" name="OpenService" call_pid="1928" call_name="hromi.exe" call_time="20:50:44.968">
	<exInfo_list count="1">
		<exInfo value="RASMAN" descr="服务名"/>
	</exInfo_list>
	</action>
 </action_list><action_list name="访问网络服务" level="3" descr="获取系统提供的socket服务" times="0">
	<action field="start_boot" type="Network" name="AccessSocketService" call_pid="1928" call_name="hromi.exe" call_time="20:50:44.978">
	<exInfo_list count="0">
	</exInfo_list>
	</action>
 </action_list><action_list name="检测分析环境" level="1" descr="通过 sleep(180s) 技术检测虚拟机或调试器，逃避分析与查杀" times="0">
	<action field="start_boot" type="System" name="DetectDebugger" call_pid="1928" call_name="hromi.exe" call_time="20:51:02.001">
	<exInfo_list count="1">
		<exInfo value="sleep(180s)" descr="技术手段"/>
	</exInfo_list>
	</action>
 </action_list><action_list name="查询系统服务" level="3" descr="查询系统服务" times="0">
	<action field="start_boot" type="System" name="AccessServices" call_pid="1928" call_name="hromi.exe" call_time="20:51:02.000">
	<exInfo_list count="0">
	</exInfo_list>
	</action>
 </action_list><action_list name="创建网络连接" level="3" descr="通过 RASMAN 服务创建网络连接" times="0">
	<action field="start_boot" type="System" name="OpenService" call_pid="1928" call_name="hromi.exe" call_time="20:51:02.004">
	<exInfo_list count="1">
		<exInfo value="RASMAN" descr="服务名"/>
	</exInfo_list>
	</action>
 </action_list><action_list name="检测分析环境" level="1" descr="通过 sleep(180s) 技术检测虚拟机或调试器，逃避分析与查杀" times="0">
	<action field="start_boot" type="System" name="DetectDebugger" call_pid="1928" call_name="hromi.exe" call_time="20:51:02.031">
	<exInfo_list count="1">
		<exInfo value="sleep(180s)" descr="技术手段"/>
	</exInfo_list>
	</action>
 </action_list><action_list name="查询系统服务" level="3" descr="查询系统服务" times="0">
	<action field="start_boot" type="System" name="AccessServices" call_pid="1928" call_name="hromi.exe" call_time="20:51:02.030">
	<exInfo_list count="0">
	</exInfo_list>
	</action>
 </action_list><action_list name="创建网络连接" level="3" descr="通过 RASMAN 服务创建网络连接" times="0">
	<action field="start_boot" type="System" name="OpenService" call_pid="1928" call_name="hromi.exe" call_time="20:51:02.034">
	<exInfo_list count="1">
		<exInfo value="RASMAN" descr="服务名"/>
	</exInfo_list>
	</action>
 </action_list><action_list name="检测分析环境" level="1" descr="通过 sleep(180s) 技术检测虚拟机或调试器，逃避分析与查杀" times="0">
	<action field="start_boot" type="System" name="DetectDebugger" call_pid="1928" call_name="hromi.exe" call_time="20:51:17.058">
	<exInfo_list count="1">
		<exInfo value="sleep(180s)" descr="技术手段"/>
	</exInfo_list>
	</action>
 </action_list><action_list name="查询系统服务" level="3" descr="查询系统服务" times="0">
	<action field="start_boot" type="System" name="AccessServices" call_pid="1928" call_name="hromi.exe" call_time="20:51:17.057">
	<exInfo_list count="0">
	</exInfo_list>
	</action>
 </action_list><action_list name="创建网络连接" level="3" descr="通过 RASMAN 服务创建网络连接" times="0">
	<action field="start_boot" type="System" name="OpenService" call_pid="1928" call_name="hromi.exe" call_time="20:51:17.061">
	<exInfo_list count="1">
		<exInfo value="RASMAN" descr="服务名"/>
	</exInfo_list>
	</action>
 </action_list><action_list name="检测分析环境" level="1" descr="通过 sleep(180s) 技术检测虚拟机或调试器，逃避分析与查杀" times="0">
	<action field="start_boot" type="System" name="DetectDebugger" call_pid="1928" call_name="hromi.exe" call_time="20:51:17.084">
	<exInfo_list count="1">
		<exInfo value="sleep(180s)" descr="技术手段"/>
	</exInfo_list>
	</action>
 </action_list><action_list name="查询系统服务" level="3" descr="查询系统服务" times="0">
	<action field="start_boot" type="System" name="AccessServices" call_pid="1928" call_name="hromi.exe" call_time="20:51:17.083">
	<exInfo_list count="0">
	</exInfo_list>
	</action>
 </action_list><action_list name="创建网络连接" level="3" descr="通过 RASMAN 服务创建网络连接" times="0">
	<action field="start_boot" type="System" name="OpenService" call_pid="1928" call_name="hromi.exe" call_time="20:51:17.087">
	<exInfo_list count="1">
		<exInfo value="RASMAN" descr="服务名"/>
	</exInfo_list>
	</action>
 </action_list><action_list name="分析结束" level="-1" descr="动态分析结束" times="0">
	<action field="start_boot" type="System" name="AnalyzeStop" call_pid="0" call_name="" call_time="20:51:20.100">
	<exInfo_list count="0">
	</exInfo_list>
	</action>
 </action_list></file>