<?xml version="1.0" encoding="UTF-8"?> 

<file name="1.exe" 文件扩展名信息="  描述：Directly executable program   使用信息: DOS, OpenVMS, Microsoft Windows, Symbian or OS/2" sha1="213cc9c7b33a81d943df4c6641612a56be40cf45" md5="82d8deb553669eab1b2957600605660a" CRC32="380d2ba5" SSDEEP="1536:5lrsicagdzn8K2ariPOcjk+XQuPVN72NMS22eyma/Vk:5JjcF8KfCOcjk+guPVjS2jOk" ImportHash="359d89624a26d1e756c3e9d6782d6eb0" size="73621" type="exe" error="0" virusresult="P2P-Worm.Win32.Picsys.c," vp_name="klo07" reportType="final" exiftool="File Name                       : 1.exe--list--File Size                       : 72 kB--list--File Modification Date/Time     : 2020:01:15 21:05:05+08:00--list--File Access Date/Time           : 2020:01:15 21:05:05+08:00--list--File Inode Change Date/Time     : 2020:01:15 21:05:05+08:00--list--File Type                       : Win32 EXE--list--File Type Extension             : exe--list--MIME Type                       : application/octet-stream--list--Machine Type                    : Intel 386 or later, and compatibles--list--Time Stamp                      : 1992:06:20 06:22:17+08:00--list--PE Type                         : PE32--list--Linker Version                  : 2.25--list--Code Size                       : 61440--list--Initialized Data Size           : 4096--list--Uninitialized Data Size         : 352256--list--Entry Point                     : 0x659a0--list--OS Version                      : 4.0--list--Image Version                   : 0.0--list--Subsystem Version               : 4.0--list--Subsystem                       : Windows GUI--list--" system="winxp" peinfo="加壳信息 :  UPX 2.90 [LZMA] -&amp;gt; Markus Oberhumer  Laszlo Molnar &amp; John Reiser--list--文件熵 :  7.901779 (可能存在加壳)--list--fpu反调试 :  未检测到--list--载入地址 :  正常的载入点--list--代码入口信息 :  可能是伪造入口--list--DOS stub : :  可疑--list--TLS表信息 :  发现 - 包含1 个函数--list--段信息 :  3--list--UPX0 可疑的名称  长度为0  可能存在自修改代码--list--UPX1 可疑的名称  可能存在自修改代码--list--资源段 :  未见异常--list--时间戳 :  过时的时间戳（2000年以前）--list--ASLR ：  未开启--list--DEP/NX ：  未开启--list--SEH ：  开启" AI_Scan="1" filetype="PE32 executable (GUI) Intel 80386, for MS Windows, UPX compressed"><action_list name="分析开始" level="-1" descr="动态分析开始" times="0">
	<action field="start_boot" type="System" name="AnalyzeStart" call_pid="0" call_name="" call_time="21:05:20.000">
	<exInfo_list count="0">
	</exInfo_list>
	</action>
 </action_list><action_list name="分析引擎信息" level="-1" descr="12.6, 40, 2020-01-15_21:05:17==2020-01-15_21:05:20" times="0">
	<action field="start_boot" type="System" name="VasInfo" call_pid="0" call_name="" call_time="21:05:20.001">
	<exInfo_list count="3">
		<exInfo value="12.6" descr="分析引擎版本"/>
		<exInfo value="40" descr="最大并发数量"/>
		<exInfo value="2020-01-15_21:05:17==2020-01-15_21:05:20" descr="镜像加载耗时"/>
	</exInfo_list>
	</action>
 </action_list><action_list name="进程开始执行" level="1" descr="被 vasstarter.exe（1676）创建的进程开始执行" times="0">
	<action field="start_boot" type="Process" name="BeCreated" call_pid="208" call_name="vaslauncher.exe" call_time="21:05:21.002">
	<exInfo_list count="2">
		<exInfo value="vasstarter.exe" descr="父进程名"/>
		<exInfo value="1676" descr="父进程ID"/>
	</exInfo_list>
	</action>
 </action_list><action_list name="进程开始执行" level="1" descr="被 vasstarter.exe（1676）通过参数 D:\vaslauncher.exe 以 direct 方式创建的进程开始执行" times="0">
	<action field="start_boot" type="Process" name="BeCreatedEx" call_pid="208" call_name="vaslauncher.exe" call_time="21:05:21.003">
	<exInfo_list count="4">
		<exInfo value="vasstarter.exe" descr="父进程名"/>
		<exInfo value="1676" descr="父进程ID"/>
		<exInfo value="D:\vaslauncher.exe" descr="启动参数"/>
		<exInfo value="direct" descr="创建方式"/>
	</exInfo_list>
	</action>
 </action_list><action_list name="进程开始执行" level="1" descr="被 vaslauncher.exe（208）创建的进程开始执行" times="0">
	<action field="start_boot" type="Process" name="BeCreated" call_pid="2036" call_name="1.exe" call_time="21:05:23.004">
	<exInfo_list count="2">
		<exInfo value="vaslauncher.exe" descr="父进程名"/>
		<exInfo value="208" descr="父进程ID"/>
	</exInfo_list>
	</action>
 </action_list><action_list name="进程开始执行" level="1" descr="被 vaslauncher.exe（208）通过参数 &quot;C:\vastest\1.exe&quot;  以 direct 方式创建的进程开始执行" times="0">
	<action field="start_boot" type="Process" name="BeCreatedEx" call_pid="2036" call_name="1.exe" call_time="21:05:23.005">
	<exInfo_list count="4">
		<exInfo value="vaslauncher.exe" descr="父进程名"/>
		<exInfo value="208" descr="父进程ID"/>
		<exInfo value="&quot;C:\vastest\1.exe&quot; " descr="启动参数"/>
		<exInfo value="direct" descr="创建方式"/>
	</exInfo_list>
	</action>
 </action_list><action_list name="脱壳" level="2" descr="代码自解压，逃避分析与查杀" times="0">
	<action field="start_boot" type="Memory" name="UnpackSelf" call_pid="2036" call_name="1.exe" call_time="21:05:23.006">
	<exInfo_list count="0">
	</exInfo_list>
	</action>
 </action_list><action_list name="加载模块" level="1" descr="加载模块 HarddiskVolume1\WINDOWS\system32\advapi32.dll" times="0">
	<action field="start_boot" type="Memory" name="LoadLibrary" call_pid="2036" call_name="1.exe" call_time="21:05:23.078">
	<exInfo_list count="1">
		<exInfo value="HarddiskVolume1\WINDOWS\system32\advapi32.dll" descr="动态链接库"/>
	</exInfo_list>
	</action>
 </action_list><action_list name="加载模块" level="1" descr="加载模块 HarddiskVolume1\WINDOWS\system32\rpcrt4.dll" times="0">
	<action field="start_boot" type="Memory" name="LoadLibrary" call_pid="2036" call_name="1.exe" call_time="21:05:23.083">
	<exInfo_list count="1">
		<exInfo value="HarddiskVolume1\WINDOWS\system32\rpcrt4.dll" descr="动态链接库"/>
	</exInfo_list>
	</action>
 </action_list><action_list name="加载模块" level="1" descr="加载模块 HarddiskVolume1\WINDOWS\system32\secur32.dll" times="0">
	<action field="start_boot" type="Memory" name="LoadLibrary" call_pid="2036" call_name="1.exe" call_time="21:05:23.087">
	<exInfo_list count="1">
		<exInfo value="HarddiskVolume1\WINDOWS\system32\secur32.dll" descr="动态链接库"/>
	</exInfo_list>
	</action>
 </action_list><action_list name="加载模块" level="1" descr="加载模块 HarddiskVolume1\WINDOWS\system32\oleaut32.dll" times="0">
	<action field="start_boot" type="Memory" name="LoadLibrary" call_pid="2036" call_name="1.exe" call_time="21:05:23.099">
	<exInfo_list count="1">
		<exInfo value="HarddiskVolume1\WINDOWS\system32\oleaut32.dll" descr="动态链接库"/>
	</exInfo_list>
	</action>
 </action_list><action_list name="加载模块" level="1" descr="加载模块 HarddiskVolume1\WINDOWS\system32\gdi32.dll" times="0">
	<action field="start_boot" type="Memory" name="LoadLibrary" call_pid="2036" call_name="1.exe" call_time="21:05:23.103">
	<exInfo_list count="1">
		<exInfo value="HarddiskVolume1\WINDOWS\system32\gdi32.dll" descr="动态链接库"/>
	</exInfo_list>
	</action>
 </action_list><action_list name="加载模块" level="1" descr="加载模块 HarddiskVolume1\WINDOWS\system32\user32.dll" times="0">
	<action field="start_boot" type="Memory" name="LoadLibrary" call_pid="2036" call_name="1.exe" call_time="21:05:23.107">
	<exInfo_list count="1">
		<exInfo value="HarddiskVolume1\WINDOWS\system32\user32.dll" descr="动态链接库"/>
	</exInfo_list>
	</action>
 </action_list><action_list name="加载模块" level="1" descr="加载模块 HarddiskVolume1\WINDOWS\system32\msvcrt.dll" times="0">
	<action field="start_boot" type="Memory" name="LoadLibrary" call_pid="2036" call_name="1.exe" call_time="21:05:23.111">
	<exInfo_list count="1">
		<exInfo value="HarddiskVolume1\WINDOWS\system32\msvcrt.dll" descr="动态链接库"/>
	</exInfo_list>
	</action>
 </action_list><action_list name="加载模块" level="1" descr="加载模块 HarddiskVolume1\WINDOWS\system32\ole32.dll" times="0">
	<action field="start_boot" type="Memory" name="LoadLibrary" call_pid="2036" call_name="1.exe" call_time="21:05:23.128">
	<exInfo_list count="1">
		<exInfo value="HarddiskVolume1\WINDOWS\system32\ole32.dll" descr="动态链接库"/>
	</exInfo_list>
	</action>
 </action_list><action_list name="自我读取" level="1" descr="读取文件 HarddiskVolume1\vastest\1.exe" times="0">
	<action field="start_boot" type="File" name="ReadFile" call_pid="2036" call_name="1.exe" call_time="21:05:23.160">
	<exInfo_list count="1">
		<exInfo value="HarddiskVolume1\vastest\1.exe" descr="文件路径"/>
	</exInfo_list>
	</action>
 </action_list><action_list name="加载模块" level="1" descr="加载模块 HarddiskVolume1\WINDOWS\system32\imm32.dll" times="0">
	<action field="start_boot" type="Memory" name="LoadLibrary" call_pid="2036" call_name="1.exe" call_time="21:05:23.230">
	<exInfo_list count="1">
		<exInfo value="HarddiskVolume1\WINDOWS\system32\imm32.dll" descr="动态链接库"/>
	</exInfo_list>
	</action>
 </action_list><action_list name="加载模块" level="1" descr="加载模块 HarddiskVolume1\WINDOWS\system32\lpk.dll" times="0">
	<action field="start_boot" type="Memory" name="LoadLibrary" call_pid="2036" call_name="1.exe" call_time="21:05:23.259">
	<exInfo_list count="1">
		<exInfo value="HarddiskVolume1\WINDOWS\system32\lpk.dll" descr="动态链接库"/>
	</exInfo_list>
	</action>
 </action_list><action_list name="加载模块" level="1" descr="加载模块 HarddiskVolume1\WINDOWS\system32\usp10.dll" times="0">
	<action field="start_boot" type="Memory" name="LoadLibrary" call_pid="2036" call_name="1.exe" call_time="21:05:23.264">
	<exInfo_list count="1">
		<exInfo value="HarddiskVolume1\WINDOWS\system32\usp10.dll" descr="动态链接库"/>
	</exInfo_list>
	</action>
 </action_list><action_list name="设置注册表中键值" level="2" descr="设置注册表中键 \REGISTRY\MACHINE\SOFTWARE\MICROSOFT\WINDOWS\CURRENTVERSION\SETUP 的值 Version" times="0">
	<action field="start_boot" type="Reg" name="SetKeyValue" call_pid="2036" call_name="1.exe" call_time="21:05:23.100">
	<exInfo_list count="2">
		<exInfo value="\REGISTRY\MACHINE\SOFTWARE\MICROSOFT\WINDOWS\CURRENTVERSION\SETUP" descr="键名"/>
		<exInfo value="Version" descr="键值"/>
	</exInfo_list>
	</action>
 </action_list><action_list name="创建可执行程序" level="3" descr="创建可执行程序 HarddiskVolume1\WINDOWS\system32\winxcfg.exe" times="0">
	<action field="start_boot" type="File" name="WritePEFile" call_pid="2036" call_name="1.exe" call_time="21:05:23.197">
	<exInfo_list count="1">
		<exInfo value="HarddiskVolume1\WINDOWS\system32\winxcfg.exe" descr="PE文件路径"/>
	</exInfo_list>
	</action>
 </action_list><action_list name="设置自启动" level="3" descr="将 winxcfg.exe 设置为开机自启动" times="0">
	<action field="start_boot" type="Reg" name="SetKeyValue" call_pid="2036" call_name="1.exe" call_time="21:05:23.281">
	<exInfo_list count="2">
		<exInfo value="\REGISTRY\MACHINE\SOFTWARE\MICROSOFT\WINDOWS\CURRENTVERSION\RUN" descr="键名"/>
		<exInfo value="winxcfg.exe" descr="键值"/>
	</exInfo_list>
	</action>
 </action_list><action_list name="自我读取" level="1" descr="读取文件 HarddiskVolume1\vastest\1.exe" times="0">
	<action field="start_boot" type="File" name="ReadFile" call_pid="2036" call_name="1.exe" call_time="21:05:23.340">
	<exInfo_list count="1">
		<exInfo value="HarddiskVolume1\vastest\1.exe" descr="文件路径"/>
	</exInfo_list>
	</action>
 </action_list><action_list name="创建可执行程序" level="3" descr="创建可执行程序 HarddiskVolume1\WINDOWS\system32\macromd\nikki nova sex scene huge dick blowjob.mpg.exe" times="0">
	<action field="start_boot" type="File" name="WritePEFile" call_pid="2036" call_name="1.exe" call_time="21:05:24.477">
	<exInfo_list count="1">
		<exInfo value="HarddiskVolume1\WINDOWS\system32\macromd\nikki nova sex scene huge dick blowjob.mpg.exe" descr="PE文件路径"/>
	</exInfo_list>
	</action>
 </action_list><action_list name="创建可执行程序" level="3" descr="创建可执行程序 HarddiskVolume1\WINDOWS\system32\macromd\chubby girl fucked from all angles xxx.exe" times="0">
	<action field="start_boot" type="File" name="WritePEFile" call_pid="2036" call_name="1.exe" call_time="21:05:24.567">
	<exInfo_list count="1">
		<exInfo value="HarddiskVolume1\WINDOWS\system32\macromd\chubby girl fucked from all angles xxx.exe" descr="PE文件路径"/>
	</exInfo_list>
	</action>
 </action_list><action_list name="创建可执行程序" level="3" descr="创建可执行程序 HarddiskVolume1\WINDOWS\system32\macromd\yahoo cracker.exe" times="0">
	<action field="start_boot" type="File" name="WritePEFile" call_pid="2036" call_name="1.exe" call_time="21:05:24.664">
	<exInfo_list count="1">
		<exInfo value="HarddiskVolume1\WINDOWS\system32\macromd\yahoo cracker.exe" descr="PE文件路径"/>
	</exInfo_list>
	</action>
 </action_list><action_list name="创建可执行程序" level="3" descr="创建可执行程序 HarddiskVolume1\WINDOWS\system32\macromd\cute girl giving head.exe" times="0">
	<action field="start_boot" type="File" name="WritePEFile" call_pid="2036" call_name="1.exe" call_time="21:05:24.733">
	<exInfo_list count="1">
		<exInfo value="HarddiskVolume1\WINDOWS\system32\macromd\cute girl giving head.exe" descr="PE文件路径"/>
	</exInfo_list>
	</action>
 </action_list><action_list name="创建可执行程序" level="3" descr="创建可执行程序 HarddiskVolume1\WINDOWS\system32\macromd\pamela anderson naked.mpg.exe" times="0">
	<action field="start_boot" type="File" name="WritePEFile" call_pid="2036" call_name="1.exe" call_time="21:05:24.909">
	<exInfo_list count="1">
		<exInfo value="HarddiskVolume1\WINDOWS\system32\macromd\pamela anderson naked.mpg.exe" descr="PE文件路径"/>
	</exInfo_list>
	</action>
 </action_list><action_list name="创建可执行程序" level="3" descr="创建可执行程序 HarddiskVolume1\WINDOWS\system32\macromd\preteen sucking huge cock illegal.mpg.exe" times="0">
	<action field="start_boot" type="File" name="WritePEFile" call_pid="2036" call_name="1.exe" call_time="21:05:24.989">
	<exInfo_list count="1">
		<exInfo value="HarddiskVolume1\WINDOWS\system32\macromd\preteen sucking huge cock illegal.mpg.exe" descr="PE文件路径"/>
	</exInfo_list>
	</action>
 </action_list><action_list name="创建可执行程序" level="3" descr="创建可执行程序 HarddiskVolume1\WINDOWS\system32\macromd\Harry Potter and the sorcerors stone.divx.exe" times="0">
	<action field="start_boot" type="File" name="WritePEFile" call_pid="2036" call_name="1.exe" call_time="21:05:24.063">
	<exInfo_list count="1">
		<exInfo value="HarddiskVolume1\WINDOWS\system32\macromd\Harry Potter and the sorcerors stone.divx.exe" descr="PE文件路径"/>
	</exInfo_list>
	</action>
 </action_list><action_list name="创建可执行程序" level="3" descr="创建可执行程序 HarddiskVolume1\WINDOWS\system32\macromd\aol password cracker.exe" times="0">
	<action field="start_boot" type="File" name="WritePEFile" call_pid="2036" call_name="1.exe" call_time="21:05:24.160">
	<exInfo_list count="1">
		<exInfo value="HarddiskVolume1\WINDOWS\system32\macromd\aol password cracker.exe" descr="PE文件路径"/>
	</exInfo_list>
	</action>
 </action_list><action_list name="创建可执行程序" level="3" descr="创建可执行程序 HarddiskVolume1\WINDOWS\system32\macromd\aimhacker.exe" times="0">
	<action field="start_boot" type="File" name="WritePEFile" call_pid="2036" call_name="1.exe" call_time="21:05:24.274">
	<exInfo_list count="1">
		<exInfo value="HarddiskVolume1\WINDOWS\system32\macromd\aimhacker.exe" descr="PE文件路径"/>
	</exInfo_list>
	</action>
 </action_list><action_list name="创建可执行程序" level="3" descr="创建可执行程序 HarddiskVolume1\WINDOWS\system32\macromd\brutal preteen porn xxx.exe" times="0">
	<action field="start_boot" type="File" name="WritePEFile" call_pid="2036" call_name="1.exe" call_time="21:05:24.392">
	<exInfo_list count="1">
		<exInfo value="HarddiskVolume1\WINDOWS\system32\macromd\brutal preteen porn xxx.exe" descr="PE文件路径"/>
	</exInfo_list>
	</action>
 </action_list><action_list name="创建可执行程序" level="3" descr="创建可执行程序 HarddiskVolume1\WINDOWS\system32\macromd\win2k serial.exe" times="0">
	<action field="start_boot" type="File" name="WritePEFile" call_pid="2036" call_name="1.exe" call_time="21:05:24.462">
	<exInfo_list count="1">
		<exInfo value="HarddiskVolume1\WINDOWS\system32\macromd\win2k serial.exe" descr="PE文件路径"/>
	</exInfo_list>
	</action>
 </action_list><action_list name="创建可执行程序" level="3" descr="创建可执行程序 HarddiskVolume1\WINDOWS\system32\macromd\jenna jameson - built for speed.exe" times="0">
	<action field="start_boot" type="File" name="WritePEFile" call_pid="2036" call_name="1.exe" call_time="21:05:24.533">
	<exInfo_list count="1">
		<exInfo value="HarddiskVolume1\WINDOWS\system32\macromd\jenna jameson - built for speed.exe" descr="PE文件路径"/>
	</exInfo_list>
	</action>
 </action_list><action_list name="创建可执行程序" level="3" descr="创建可执行程序 HarddiskVolume1\WINDOWS\system32\macromd\violent preteen gang bang illegal.mpg.exe" times="0">
	<action field="start_boot" type="File" name="WritePEFile" call_pid="2036" call_name="1.exe" call_time="21:05:24.625">
	<exInfo_list count="1">
		<exInfo value="HarddiskVolume1\WINDOWS\system32\macromd\violent preteen gang bang illegal.mpg.exe" descr="PE文件路径"/>
	</exInfo_list>
	</action>
 </action_list><action_list name="创建或修改系统文件" level="3" descr="创建或修改文件 HarddiskVolume1\WINDOWS\system32\macromd\blonde with titts and cunt sending chills thru cock.mpg.pif" times="0">
	<action field="start_boot" type="File" name="WriteFile" call_pid="2036" call_name="1.exe" call_time="21:05:24.734">
	<exInfo_list count="1">
		<exInfo value="HarddiskVolume1\WINDOWS\system32\macromd\blonde with titts and cunt sending chills thru cock.mpg.pif" descr="文件路径"/>
	</exInfo_list>
	</action>
 </action_list><action_list name="创建或修改系统文件" level="3" descr="创建或修改文件 HarddiskVolume1\WINDOWS\system32\macromd\gorgious hotties who stimulated over worked rods.mpg.pif" times="0">
	<action field="start_boot" type="File" name="WriteFile" call_pid="2036" call_name="1.exe" call_time="21:05:24.804">
	<exInfo_list count="1">
		<exInfo value="HarddiskVolume1\WINDOWS\system32\macromd\gorgious hotties who stimulated over worked rods.mpg.pif" descr="文件路径"/>
	</exInfo_list>
	</action>
 </action_list><action_list name="创建或修改系统文件" level="3" descr="创建或修改文件 HarddiskVolume1\WINDOWS\system32\macromd\fun slut who let dude eat her off in jacuzzi.mpg.pif" times="0">
	<action field="start_boot" type="File" name="WriteFile" call_pid="2036" call_name="1.exe" call_time="21:05:24.903">
	<exInfo_list count="1">
		<exInfo value="HarddiskVolume1\WINDOWS\system32\macromd\fun slut who let dude eat her off in jacuzzi.mpg.pif" descr="文件路径"/>
	</exInfo_list>
	</action>
 </action_list><action_list name="创建或修改系统文件" level="3" descr="创建或修改文件 HarddiskVolume1\WINDOWS\system32\macromd\dedicated honie giving dude a helping hand and head.mpg.pif" times="0">
	<action field="start_boot" type="File" name="WriteFile" call_pid="2036" call_name="1.exe" call_time="21:05:24.973">
	<exInfo_list count="1">
		<exInfo value="HarddiskVolume1\WINDOWS\system32\macromd\dedicated honie giving dude a helping hand and head.mpg.pif" descr="文件路径"/>
	</exInfo_list>
	</action>
 </action_list><action_list name="创建或修改系统文件" level="3" descr="创建或修改文件 HarddiskVolume1\WINDOWS\system32\macromd\amateur orgy at a swinger party.mpg.pif" times="0">
	<action field="start_boot" type="File" name="WriteFile" call_pid="2036" call_name="1.exe" call_time="21:05:24.059">
	<exInfo_list count="1">
		<exInfo value="HarddiskVolume1\WINDOWS\system32\macromd\amateur orgy at a swinger party.mpg.pif" descr="文件路径"/>
	</exInfo_list>
	</action>
 </action_list><action_list name="创建或修改系统文件" level="3" descr="创建或修改文件 HarddiskVolume1\WINDOWS\system32\macromd\yummy lesbos licking.mpg.pif" times="0">
	<action field="start_boot" type="File" name="WriteFile" call_pid="2036" call_name="1.exe" call_time="21:05:24.161">
	<exInfo_list count="1">
		<exInfo value="HarddiskVolume1\WINDOWS\system32\macromd\yummy lesbos licking.mpg.pif" descr="文件路径"/>
	</exInfo_list>
	</action>
 </action_list><action_list name="创建或修改系统文件" level="3" descr="创建或修改文件 HarddiskVolume1\WINDOWS\system32\macromd\two large black bones in a small white box.mpg.pif" times="0">
	<action field="start_boot" type="File" name="WriteFile" call_pid="2036" call_name="1.exe" call_time="21:05:24.272">
	<exInfo_list count="1">
		<exInfo value="HarddiskVolume1\WINDOWS\system32\macromd\two large black bones in a small white box.mpg.pif" descr="文件路径"/>
	</exInfo_list>
	</action>
 </action_list><action_list name="创建或修改系统文件" level="3" descr="创建或修改文件 HarddiskVolume1\WINDOWS\system32\macromd\sexy ass black slut sucking huge cock.mpg.pif" times="0">
	<action field="start_boot" type="File" name="WriteFile" call_pid="2036" call_name="1.exe" call_time="21:05:24.342">
	<exInfo_list count="1">
		<exInfo value="HarddiskVolume1\WINDOWS\system32\macromd\sexy ass black slut sucking huge cock.mpg.pif" descr="文件路径"/>
	</exInfo_list>
	</action>
 </action_list><action_list name="创建或修改系统文件" level="3" descr="创建或修改文件 HarddiskVolume1\WINDOWS\system32\macromd\hot tomoli lathering up sexy body for boyfriend's tongue.mpg.pif" times="0">
	<action field="start_boot" type="File" name="WriteFile" call_pid="2036" call_name="1.exe" call_time="21:05:24.437">
	<exInfo_list count="1">
		<exInfo value="HarddiskVolume1\WINDOWS\system32\macromd\hot tomoli lathering up sexy body for boyfriend's tongue.mpg.pif" descr="文件路径"/>
	</exInfo_list>
	</action>
 </action_list><action_list name="创建或修改系统文件" level="3" descr="创建或修改文件 HarddiskVolume1\WINDOWS\system32\macromd\dude getting off in lover's mouth at party.mpg.pif" times="0">
	<action field="start_boot" type="File" name="WriteFile" call_pid="2036" call_name="1.exe" call_time="21:05:24.516">
	<exInfo_list count="1">
		<exInfo value="HarddiskVolume1\WINDOWS\system32\macromd\dude getting off in lover's mouth at party.mpg.pif" descr="文件路径"/>
	</exInfo_list>
	</action>
 </action_list><action_list name="创建或修改系统文件" level="3" descr="创建或修改文件 HarddiskVolume1\WINDOWS\system32\macromd\amateur swinger babe sucking on a couple of cocks.mpg.pif" times="0">
	<action field="start_boot" type="File" name="WriteFile" call_pid="2036" call_name="1.exe" call_time="21:05:24.585">
	<exInfo_list count="1">
		<exInfo value="HarddiskVolume1\WINDOWS\system32\macromd\amateur swinger babe sucking on a couple of cocks.mpg.pif" descr="文件路径"/>
	</exInfo_list>
	</action>
 </action_list><action_list name="创建或修改系统文件" level="3" descr="创建或修改文件 HarddiskVolume1\WINDOWS\system32\macromd\sluts who are in control of their slaves.mpg.pif" times="0">
	<action field="start_boot" type="File" name="WriteFile" call_pid="2036" call_name="1.exe" call_time="21:05:24.689">
	<exInfo_list count="1">
		<exInfo value="HarddiskVolume1\WINDOWS\system32\macromd\sluts who are in control of their slaves.mpg.pif" descr="文件路径"/>
	</exInfo_list>
	</action>
 </action_list><action_list name="创建或修改系统文件" level="3" descr="创建或修改文件 HarddiskVolume1\WINDOWS\system32\macromd\teen with her legs wide and fingers in her wet cunt.mpg.pif" times="0">
	<action field="start_boot" type="File" name="WriteFile" call_pid="2036" call_name="1.exe" call_time="21:05:24.761">
	<exInfo_list count="1">
		<exInfo value="HarddiskVolume1\WINDOWS\system32\macromd\teen with her legs wide and fingers in her wet cunt.mpg.pif" descr="文件路径"/>
	</exInfo_list>
	</action>
 </action_list><action_list name="创建或修改系统文件" level="3" descr="创建或修改文件 HarddiskVolume1\WINDOWS\system32\macromd\babe locking lips around her man's rod in backyard.mpg.pif" times="0">
	<action field="start_boot" type="File" name="WriteFile" call_pid="2036" call_name="1.exe" call_time="21:05:24.829">
	<exInfo_list count="1">
		<exInfo value="HarddiskVolume1\WINDOWS\system32\macromd\babe locking lips around her man's rod in backyard.mpg.pif" descr="文件路径"/>
	</exInfo_list>
	</action>
 </action_list><action_list name="创建或修改系统文件" level="3" descr="创建或修改文件 HarddiskVolume1\WINDOWS\system32\macromd\blonde showing her pussy to her neighbor.mpg.pif" times="0">
	<action field="start_boot" type="File" name="WriteFile" call_pid="2036" call_name="1.exe" call_time="21:05:24.932">
	<exInfo_list count="1">
		<exInfo value="HarddiskVolume1\WINDOWS\system32\macromd\blonde showing her pussy to her neighbor.mpg.pif" descr="文件路径"/>
	</exInfo_list>
	</action>
 </action_list><action_list name="创建或修改系统文件" level="3" descr="创建或修改文件 HarddiskVolume1\WINDOWS\system32\macromd\hot hungry sluts sucking cum for a line of coke.mpg.pif" times="0">
	<action field="start_boot" type="File" name="WriteFile" call_pid="2036" call_name="1.exe" call_time="21:05:24.088">
	<exInfo_list count="1">
		<exInfo value="HarddiskVolume1\WINDOWS\system32\macromd\hot hungry sluts sucking cum for a line of coke.mpg.pif" descr="文件路径"/>
	</exInfo_list>
	</action>
 </action_list><action_list name="创建或修改系统文件" level="3" descr="创建或修改文件 HarddiskVolume1\WINDOWS\system32\macromd\teen spreading in the kitchen.mpg.pif" times="0">
	<action field="start_boot" type="File" name="WriteFile" call_pid="2036" call_name="1.exe" call_time="21:05:24.202">
	<exInfo_list count="1">
		<exInfo value="HarddiskVolume1\WINDOWS\system32\macromd\teen spreading in the kitchen.mpg.pif" descr="文件路径"/>
	</exInfo_list>
	</action>
 </action_list><action_list name="创建或修改系统文件" level="3" descr="创建或修改文件 HarddiskVolume1\WINDOWS\system32\macromd\maid's vagina plowed by big cock.mpg.pif" times="0">
	<action field="start_boot" type="File" name="WriteFile" call_pid="2036" call_name="1.exe" call_time="21:05:24.316">
	<exInfo_list count="1">
		<exInfo value="HarddiskVolume1\WINDOWS\system32\macromd\maid's vagina plowed by big cock.mpg.pif" descr="文件路径"/>
	</exInfo_list>
	</action>
 </action_list><action_list name="创建或修改系统文件" level="3" descr="创建或修改文件 HarddiskVolume1\WINDOWS\system32\macromd\redhead in red lingerie ready to fuck.mpg.pif" times="0">
	<action field="start_boot" type="File" name="WriteFile" call_pid="2036" call_name="1.exe" call_time="21:05:24.425">
	<exInfo_list count="1">
		<exInfo value="HarddiskVolume1\WINDOWS\system32\macromd\redhead in red lingerie ready to fuck.mpg.pif" descr="文件路径"/>
	</exInfo_list>
	</action>
 </action_list><action_list name="加载模块" level="1" descr="加载模块 HarddiskVolume1\WINDOWS\system32\msctf.dll" times="0">
	<action field="start_boot" type="Memory" name="LoadLibrary" call_pid="2036" call_name="1.exe" call_time="21:05:24.569">
	<exInfo_list count="1">
		<exInfo value="HarddiskVolume1\WINDOWS\system32\msctf.dll" descr="动态链接库"/>
	</exInfo_list>
	</action>
 </action_list><action_list name="加载模块" level="1" descr="加载模块 HarddiskVolume1\WINDOWS\system32\version.dll" times="0">
	<action field="start_boot" type="Memory" name="LoadLibrary" call_pid="2036" call_name="1.exe" call_time="21:05:24.625">
	<exInfo_list count="1">
		<exInfo value="HarddiskVolume1\WINDOWS\system32\version.dll" descr="动态链接库"/>
	</exInfo_list>
	</action>
 </action_list><action_list name="加载模块" level="1" descr="加载模块 HarddiskVolume1\WINDOWS\system32\msctfime.ime" times="0">
	<action field="start_boot" type="Memory" name="LoadLibrary" call_pid="2036" call_name="1.exe" call_time="21:05:24.672">
	<exInfo_list count="1">
		<exInfo value="HarddiskVolume1\WINDOWS\system32\msctfime.ime" descr="动态链接库"/>
	</exInfo_list>
	</action>
 </action_list><action_list name="程序退出" level="-1" descr="1.exe 退出" times="0">
	<action field="start_boot" type="Process" name="TerminateProcess" call_pid="2036" call_name="1.exe" call_time="21:05:24.138">
	<exInfo_list count="1">
		<exInfo value="1.exe" descr="结束进程名"/>
	</exInfo_list>
	</action>
 </action_list><action_list name="分析结束" level="-1" descr="动态分析结束" times="0">
	<action field="start_boot" type="System" name="AnalyzeStop" call_pid="0" call_name="" call_time="21:06:20.167">
	<exInfo_list count="0">
	</exInfo_list>
	</action>
 </action_list></file>