<?xml version="1.0" encoding="UTF-8"?> 

<file name="1.exe" 文件扩展名信息="  描述：Directly executable program   使用信息: DOS, OpenVMS, Microsoft Windows, Symbian or OS/2" sha1="cc25e5375b6dec9c0462170549cafc49cea6d93c" md5="c0f3374851e928534e7be7f395842326" CRC32="73ab2af8" SSDEEP="6144:ir+yo44RsriFZH1thUYea4+LZo2Drihv0VNeU9HO0VEd9vW0CF7MW9xRnu:iA4g7yYea4GZo2a+ew49vW0Cx19xtu" ImportHash="107ce26529ae294c1f1bd78f8930ce3e" size="423936" type="exe" error="0" virusresult="Trojan-Dropper.Win32.Agent.hnmz," vp_name="klo07" reportType="final" exiftool="File Name                       : 1.exe--list--File Size                       : 414 kB--list--File Modification Date/Time     : 2020:01:15 21:08:49+08:00--list--File Access Date/Time           : 2020:01:15 21:08:49+08:00--list--File Inode Change Date/Time     : 2020:01:15 21:08:49+08:00--list--File Type                       : Win32 EXE--list--File Type Extension             : exe--list--MIME Type                       : application/octet-stream--list--Machine Type                    : Intel 386 or later, and compatibles--list--Time Stamp                      : 2010:01:22 14:42:55+08:00--list--PE Type                         : PE32--list--Linker Version                  : 10.0--list--Code Size                       : 136192--list--Initialized Data Size           : 286720--list--Uninitialized Data Size         : 0--list--Entry Point                     : 0x106a2--list--OS Version                      : 5.1--list--Image Version                   : 0.0--list--Subsystem Version               : 5.1--list--Subsystem                       : Windows GUI--list--File Version Number             : 11.0.5604.0--list--Product Version Number          : 11.0.5604.0--list--File Flags Mask                 : 0x003f--list--File Flags                      : (none)--list--File OS                         : Windows NT 32-bit--list--Object File Type                : Executable application--list--File Subtype                    : 0--list--Language Code                   : Neutral--list--Character Set                   : Windows, Latin1--list--Company Name                    : Microsoft Corporation--list--File Description                : Microsoft Office Word--list--File Version                    : 11.0.5604--list--Internal Name                   : WinWord--list--Legal Copyright                 : Copyright © 1983-2003 Microsoft Corporation.  All rights reserved.--list--Legal Trademarks 1              : Microsoft® is a registered trademark of Microsoft Corporation.--list--Legal Trademarks 2              : Windows® is a registered trademark of Microsoft Corporation.--list--Original File Name              : WinWord.exe--list--Product Name                    : Microsoft Office 2003--list--Product Version                 : 11.0.5604--list--" icon="OfficeWord2003" system="winxp" peinfo="加壳信息 :  未发现加壳--list--文件熵 :  7.498779 (可能存在加壳)--list--fpu反调试 :  未检测到--list--载入地址 :  正常的载入点--list--代码入口信息 :  正常的入口--list--DOS stub : :  正常--list--TLS表信息 :  未发现--list--段信息 :  5--list--代码段 :  未见异常--list--只读数据段 :  未见异常--list--数据段 :  未见异常--list--资源段 :  未见异常--list--重定位段 :  未见异常--list--时间戳 :  未见异常--list--ASLR ：  开启--list--DEP/NX ：  开启--list--SEH ：  开启" AI_Scan="1" filetype="PE32 executable (GUI) Intel 80386, for MS Windows"><action_list name="分析开始" level="-1" descr="动态分析开始" times="0">
	<action field="start_boot" type="System" name="AnalyzeStart" call_pid="0" call_name="" call_time="21:09:08.000">
	<exInfo_list count="0">
	</exInfo_list>
	</action>
 </action_list><action_list name="分析引擎信息" level="-1" descr="12.6, 40, 2020-01-15_21:09:05==2020-01-15_21:09:08" times="0">
	<action field="start_boot" type="System" name="VasInfo" call_pid="0" call_name="" call_time="21:09:08.001">
	<exInfo_list count="3">
		<exInfo value="12.6" descr="分析引擎版本"/>
		<exInfo value="40" descr="最大并发数量"/>
		<exInfo value="2020-01-15_21:09:05==2020-01-15_21:09:08" descr="镜像加载耗时"/>
	</exInfo_list>
	</action>
 </action_list><action_list name="进程开始执行" level="1" descr="被 vasstarter.exe（1676）创建的进程开始执行" times="0">
	<action field="start_boot" type="Process" name="BeCreated" call_pid="208" call_name="vaslauncher.exe" call_time="21:09:08.002">
	<exInfo_list count="2">
		<exInfo value="vasstarter.exe" descr="父进程名"/>
		<exInfo value="1676" descr="父进程ID"/>
	</exInfo_list>
	</action>
 </action_list><action_list name="进程开始执行" level="1" descr="被 vasstarter.exe（1676）通过参数 D:\vaslauncher.exe 以 direct 方式创建的进程开始执行" times="0">
	<action field="start_boot" type="Process" name="BeCreatedEx" call_pid="208" call_name="vaslauncher.exe" call_time="21:09:08.003">
	<exInfo_list count="4">
		<exInfo value="vasstarter.exe" descr="父进程名"/>
		<exInfo value="1676" descr="父进程ID"/>
		<exInfo value="D:\vaslauncher.exe" descr="启动参数"/>
		<exInfo value="direct" descr="创建方式"/>
	</exInfo_list>
	</action>
 </action_list><action_list name="进程开始执行" level="1" descr="被 vaslauncher.exe（208）创建的进程开始执行" times="0">
	<action field="start_boot" type="Process" name="BeCreated" call_pid="2036" call_name="1.exe" call_time="21:09:11.004">
	<exInfo_list count="2">
		<exInfo value="vaslauncher.exe" descr="父进程名"/>
		<exInfo value="208" descr="父进程ID"/>
	</exInfo_list>
	</action>
 </action_list><action_list name="进程开始执行" level="1" descr="被 vaslauncher.exe（208）通过参数 &quot;C:\vastest\1.exe&quot;  以 direct 方式创建的进程开始执行" times="0">
	<action field="start_boot" type="Process" name="BeCreatedEx" call_pid="2036" call_name="1.exe" call_time="21:09:11.005">
	<exInfo_list count="4">
		<exInfo value="vaslauncher.exe" descr="父进程名"/>
		<exInfo value="208" descr="父进程ID"/>
		<exInfo value="&quot;C:\vastest\1.exe&quot; " descr="启动参数"/>
		<exInfo value="direct" descr="创建方式"/>
	</exInfo_list>
	</action>
 </action_list><action_list name="加载模块" level="1" descr="加载模块 HarddiskVolume1\WINDOWS\system32\advapi32.dll" times="0">
	<action field="start_boot" type="Memory" name="LoadLibrary" call_pid="2036" call_name="1.exe" call_time="21:09:11.085">
	<exInfo_list count="1">
		<exInfo value="HarddiskVolume1\WINDOWS\system32\advapi32.dll" descr="动态链接库"/>
	</exInfo_list>
	</action>
 </action_list><action_list name="加载模块" level="1" descr="加载模块 HarddiskVolume1\WINDOWS\system32\rpcrt4.dll" times="0">
	<action field="start_boot" type="Memory" name="LoadLibrary" call_pid="2036" call_name="1.exe" call_time="21:09:11.091">
	<exInfo_list count="1">
		<exInfo value="HarddiskVolume1\WINDOWS\system32\rpcrt4.dll" descr="动态链接库"/>
	</exInfo_list>
	</action>
 </action_list><action_list name="加载模块" level="1" descr="加载模块 HarddiskVolume1\WINDOWS\system32\secur32.dll" times="0">
	<action field="start_boot" type="Memory" name="LoadLibrary" call_pid="2036" call_name="1.exe" call_time="21:09:11.095">
	<exInfo_list count="1">
		<exInfo value="HarddiskVolume1\WINDOWS\system32\secur32.dll" descr="动态链接库"/>
	</exInfo_list>
	</action>
 </action_list><action_list name="加载模块" level="1" descr="加载模块 HarddiskVolume1\WINDOWS\system32\ole32.dll" times="0">
	<action field="start_boot" type="Memory" name="LoadLibrary" call_pid="2036" call_name="1.exe" call_time="21:09:11.108">
	<exInfo_list count="1">
		<exInfo value="HarddiskVolume1\WINDOWS\system32\ole32.dll" descr="动态链接库"/>
	</exInfo_list>
	</action>
 </action_list><action_list name="加载模块" level="1" descr="加载模块 HarddiskVolume1\WINDOWS\system32\gdi32.dll" times="0">
	<action field="start_boot" type="Memory" name="LoadLibrary" call_pid="2036" call_name="1.exe" call_time="21:09:11.112">
	<exInfo_list count="1">
		<exInfo value="HarddiskVolume1\WINDOWS\system32\gdi32.dll" descr="动态链接库"/>
	</exInfo_list>
	</action>
 </action_list><action_list name="加载模块" level="1" descr="加载模块 HarddiskVolume1\WINDOWS\system32\user32.dll" times="0">
	<action field="start_boot" type="Memory" name="LoadLibrary" call_pid="2036" call_name="1.exe" call_time="21:09:11.116">
	<exInfo_list count="1">
		<exInfo value="HarddiskVolume1\WINDOWS\system32\user32.dll" descr="动态链接库"/>
	</exInfo_list>
	</action>
 </action_list><action_list name="加载模块" level="1" descr="加载模块 HarddiskVolume1\WINDOWS\system32\msvcrt.dll" times="0">
	<action field="start_boot" type="Memory" name="LoadLibrary" call_pid="2036" call_name="1.exe" call_time="21:09:11.120">
	<exInfo_list count="1">
		<exInfo value="HarddiskVolume1\WINDOWS\system32\msvcrt.dll" descr="动态链接库"/>
	</exInfo_list>
	</action>
 </action_list><action_list name="加载模块" level="1" descr="加载模块 HarddiskVolume1\WINDOWS\system32\shell32.dll" times="0">
	<action field="start_boot" type="Memory" name="LoadLibrary" call_pid="2036" call_name="1.exe" call_time="21:09:11.142">
	<exInfo_list count="1">
		<exInfo value="HarddiskVolume1\WINDOWS\system32\shell32.dll" descr="动态链接库"/>
	</exInfo_list>
	</action>
 </action_list><action_list name="加载模块" level="1" descr="加载模块 HarddiskVolume1\WINDOWS\system32\shlwapi.dll" times="0">
	<action field="start_boot" type="Memory" name="LoadLibrary" call_pid="2036" call_name="1.exe" call_time="21:09:11.154">
	<exInfo_list count="1">
		<exInfo value="HarddiskVolume1\WINDOWS\system32\shlwapi.dll" descr="动态链接库"/>
	</exInfo_list>
	</action>
 </action_list><action_list name="加载模块" level="1" descr="加载模块 HarddiskVolume1\WINDOWS\system32\imm32.dll" times="0">
	<action field="start_boot" type="Memory" name="LoadLibrary" call_pid="2036" call_name="1.exe" call_time="21:09:11.247">
	<exInfo_list count="1">
		<exInfo value="HarddiskVolume1\WINDOWS\system32\imm32.dll" descr="动态链接库"/>
	</exInfo_list>
	</action>
 </action_list><action_list name="加载模块" level="1" descr="加载模块 HarddiskVolume1\WINDOWS\system32\lpk.dll" times="0">
	<action field="start_boot" type="Memory" name="LoadLibrary" call_pid="2036" call_name="1.exe" call_time="21:09:11.274">
	<exInfo_list count="1">
		<exInfo value="HarddiskVolume1\WINDOWS\system32\lpk.dll" descr="动态链接库"/>
	</exInfo_list>
	</action>
 </action_list><action_list name="加载模块" level="1" descr="加载模块 HarddiskVolume1\WINDOWS\system32\usp10.dll" times="0">
	<action field="start_boot" type="Memory" name="LoadLibrary" call_pid="2036" call_name="1.exe" call_time="21:09:11.279">
	<exInfo_list count="1">
		<exInfo value="HarddiskVolume1\WINDOWS\system32\usp10.dll" descr="动态链接库"/>
	</exInfo_list>
	</action>
 </action_list><action_list name="加载模块" level="1" descr="加载模块 HarddiskVolume1\WINDOWS\WinSxS\x86_Microsoft.Windows.Common-Controls_6595b64144ccf1df_6.0.2600.5512_x-ww_35d4ce83\comctl32.dll" times="0">
	<action field="start_boot" type="Memory" name="LoadLibrary" call_pid="2036" call_name="1.exe" call_time="21:09:11.417">
	<exInfo_list count="1">
		<exInfo value="HarddiskVolume1\WINDOWS\WinSxS\x86_Microsoft.Windows.Common-Controls_6595b64144ccf1df_6.0.2600.5512_x-ww_35d4ce83\comctl32.dll" descr="动态链接库"/>
	</exInfo_list>
	</action>
 </action_list><action_list name="加载模块" level="1" descr="加载模块 HarddiskVolume1\WINDOWS\system32\comctl32.dll" times="0">
	<action field="start_boot" type="Memory" name="LoadLibrary" call_pid="2036" call_name="1.exe" call_time="21:09:11.508">
	<exInfo_list count="1">
		<exInfo value="HarddiskVolume1\WINDOWS\system32\comctl32.dll" descr="动态链接库"/>
	</exInfo_list>
	</action>
 </action_list><action_list name="加载模块" level="1" descr="加载模块 HarddiskVolume1\WINDOWS\system32\msctf.dll" times="0">
	<action field="start_boot" type="Memory" name="LoadLibrary" call_pid="2036" call_name="1.exe" call_time="21:09:11.708">
	<exInfo_list count="1">
		<exInfo value="HarddiskVolume1\WINDOWS\system32\msctf.dll" descr="动态链接库"/>
	</exInfo_list>
	</action>
 </action_list><action_list name="检测分析环境" level="1" descr="通过 sleep(180s) 技术检测虚拟机或调试器，逃避分析与查杀" times="0">
	<action field="start_boot" type="System" name="DetectDebugger" call_pid="2036" call_name="1.exe" call_time="21:09:11.772">
	<exInfo_list count="1">
		<exInfo value="sleep(180s)" descr="技术手段"/>
	</exInfo_list>
	</action>
 </action_list><action_list name="检测分析环境" level="1" descr="通过 MemoryOperation 技术检测虚拟机或调试器，逃避分析与查杀" times="0">
	<action field="start_boot" type="System" name="DetectDebugger" call_pid="2036" call_name="1.exe" call_time="21:09:11.792">
	<exInfo_list count="1">
		<exInfo value="MemoryOperation" descr="技术手段"/>
	</exInfo_list>
	</action>
 </action_list><action_list name="查询系统服务" level="3" descr="查询系统服务" times="0">
	<action field="start_boot" type="System" name="AccessServices" call_pid="2036" call_name="1.exe" call_time="21:09:11.771">
	<exInfo_list count="0">
	</exInfo_list>
	</action>
 </action_list><action_list name="控制系统服务" level="3" descr="控制 Schedule 服务，执行恶意操作" times="0">
	<action field="start_boot" type="System" name="OpenService" call_pid="2036" call_name="1.exe" call_time="21:09:11.805">
	<exInfo_list count="1">
		<exInfo value="Schedule" descr="服务名"/>
	</exInfo_list>
	</action>
 </action_list><action_list name="启动系统服务" level="3" descr="加载系统服务，获取更高控制权" times="0">
	<action field="start_boot" type="System" name="StartService" call_pid="2036" call_name="1.exe" call_time="21:09:11.811">
	<exInfo_list count="0">
	</exInfo_list>
	</action>
 </action_list><action_list name="读取系统文件" level="2" descr="读取文件 HarddiskVolume1\WINDOWS\system32\rsaenh.dll" times="0">
	<action field="start_boot" type="File" name="ReadFile" call_pid="2036" call_name="1.exe" call_time="21:09:11.832">
	<exInfo_list count="1">
		<exInfo value="HarddiskVolume1\WINDOWS\system32\rsaenh.dll" descr="文件路径"/>
	</exInfo_list>
	</action>
 </action_list><action_list name="加载模块" level="1" descr="加载模块 HarddiskVolume1\WINDOWS\system32\rsaenh.dll" times="0">
	<action field="start_boot" type="Memory" name="LoadLibrary" call_pid="2036" call_name="1.exe" call_time="21:09:11.901">
	<exInfo_list count="1">
		<exInfo value="HarddiskVolume1\WINDOWS\system32\rsaenh.dll" descr="动态链接库"/>
	</exInfo_list>
	</action>
 </action_list><action_list name="读取系统文件" level="2" descr="读取文件 HarddiskVolume1\WINDOWS\system32\crypt32.dll" times="0">
	<action field="start_boot" type="File" name="ReadFile" call_pid="2036" call_name="1.exe" call_time="21:09:11.933">
	<exInfo_list count="1">
		<exInfo value="HarddiskVolume1\WINDOWS\system32\crypt32.dll" descr="文件路径"/>
	</exInfo_list>
	</action>
 </action_list><action_list name="读取系统文件" level="2" descr="读取文件 HarddiskVolume1\WINDOWS\system32\rsaenh.dll" times="0">
	<action field="start_boot" type="File" name="ReadFile" call_pid="2036" call_name="1.exe" call_time="21:09:11.959">
	<exInfo_list count="1">
		<exInfo value="HarddiskVolume1\WINDOWS\system32\rsaenh.dll" descr="文件路径"/>
	</exInfo_list>
	</action>
 </action_list><action_list name="检测分析环境" level="1" descr="通过 CpuCheck 技术检测虚拟机或调试器，逃避分析与查杀" times="0">
	<action field="start_boot" type="System" name="DetectDebugger" call_pid="2036" call_name="1.exe" call_time="21:09:11.023">
	<exInfo_list count="1">
		<exInfo value="CpuCheck" descr="技术手段"/>
	</exInfo_list>
	</action>
 </action_list><action_list name="自我读取" level="1" descr="读取文件 HarddiskVolume1\vastest\1.exe" times="0">
	<action field="start_boot" type="File" name="ReadFile" call_pid="2036" call_name="1.exe" call_time="21:09:12.159">
	<exInfo_list count="1">
		<exInfo value="HarddiskVolume1\vastest\1.exe" descr="文件路径"/>
	</exInfo_list>
	</action>
 </action_list><action_list name="创建可执行程序" level="3" descr="创建可执行程序 HarddiskVolume1\DOCUME~1\xpuser\LOCALS~1\Temp\7.tmp" times="0">
	<action field="start_boot" type="File" name="WritePEFile" call_pid="2036" call_name="1.exe" call_time="21:09:12.222">
	<exInfo_list count="1">
		<exInfo value="HarddiskVolume1\DOCUME~1\xpuser\LOCALS~1\Temp\7.tmp" descr="PE文件路径"/>
	</exInfo_list>
	</action>
 </action_list><action_list name="加载模块" level="1" descr="加载模块 HarddiskVolume1\WINDOWS\system32\apphelp.dll" times="0">
	<action field="start_boot" type="Memory" name="LoadLibrary" call_pid="2036" call_name="1.exe" call_time="21:09:12.235">
	<exInfo_list count="1">
		<exInfo value="HarddiskVolume1\WINDOWS\system32\apphelp.dll" descr="动态链接库"/>
	</exInfo_list>
	</action>
 </action_list><action_list name="映射文件" level="1" descr="映射文件 HarddiskVolume1\DOCUME~1\xpuser\LOCALS~1\Temp\7.tmp" times="0">
	<action field="start_boot" type="File" name="ReadFileToCreate" call_pid="2036" call_name="1.exe" call_time="21:09:12.319">
	<exInfo_list count="1">
		<exInfo value="HarddiskVolume1\DOCUME~1\xpuser\LOCALS~1\Temp\7.tmp" descr="文件路径"/>
	</exInfo_list>
	</action>
 </action_list><action_list name="创建进程" level="3" descr="创建进程 C:\DOCUME~1\xpuser\LOCALS~1\Temp\7.tmp &quot;C:\DOCUME~1\xpuser\LOCALS~1\Temp\7.tmp&quot; --helpC:\vastest\1.exe 4B7C5C2C2D88B4230E6725129D6B1471BB53DB6E6CF131924E733B53C6BEC882B77B0E17D12196C6A4C573FEA28BE3BCC7DFB42C3E7E888ECA1ABCABA4325BC8" times="0">
	<action field="start_boot" type="Process" name="CreateProcess" call_pid="2036" call_name="1.exe" call_time="21:09:12.227">
	<exInfo_list count="1">
		<exInfo value="C:\DOCUME~1\xpuser\LOCALS~1\Temp\7.tmp &quot;C:\DOCUME~1\xpuser\LOCALS~1\Temp\7.tmp&quot; --helpC:\vastest\1.exe 4B7C5C2C2D88B4230E6725129D6B1471BB53DB6E6CF131924E733B53C6BEC882B77B0E17D12196C6A4C573FEA28BE3BCC7DFB42C3E7E888ECA1ABCABA4325BC8" descr="进程名"/>
	</exInfo_list>
	</action>
 </action_list><action_list name="程序退出" level="-1" descr="1.exe 退出" times="0">
	<action field="start_boot" type="Process" name="TerminateProcess" call_pid="2036" call_name="1.exe" call_time="21:09:12.415">
	<exInfo_list count="1">
		<exInfo value="1.exe" descr="结束进程名"/>
	</exInfo_list>
	</action>
 </action_list><action_list name="进程开始执行" level="1" descr="被 1.exe（2036）创建的进程开始执行" times="0">
	<action field="start_boot" type="Process" name="BeCreated" call_pid="1928" call_name="7.tmp" call_time="21:09:12.416">
	<exInfo_list count="2">
		<exInfo value="1.exe" descr="父进程名"/>
		<exInfo value="2036" descr="父进程ID"/>
	</exInfo_list>
	</action>
 </action_list><action_list name="进程开始执行" level="1" descr="被 1.exe（2036）通过参数 &quot;C:\DOCUME~1\xpuser\LOCALS~1\Temp\7.tmp&quot; --helpC:\vastest\1.exe 4B7C5C2C2D88B4230E6725129D6B1471BB53DB6E6CF131924E733B53C6BEC882B77B0E17D12196C6A4C573FEA28BE3BCC7DFB42C3E7E888ECA1ABCABA4325BC8 以 direct 方式创建的进程开始执行" times="0">
	<action field="start_boot" type="Process" name="BeCreatedEx" call_pid="1928" call_name="7.tmp" call_time="21:09:12.417">
	<exInfo_list count="4">
		<exInfo value="1.exe" descr="父进程名"/>
		<exInfo value="2036" descr="父进程ID"/>
		<exInfo value="&quot;C:\DOCUME~1\xpuser\LOCALS~1\Temp\7.tmp&quot; --helpC:\vastest\1.exe 4B7C5C2C2D88B4230E6725129D6B1471BB53DB6E6CF131924E733B53C6BEC882B77B0E17D12196C6A4C573FEA28BE3BCC7DFB42C3E7E888ECA1ABCABA4325BC8" descr="启动参数"/>
		<exInfo value="direct" descr="创建方式"/>
	</exInfo_list>
	</action>
 </action_list><action_list name="程序退出" level="-1" descr="1.exe 退出" times="0">
	<action field="start_boot" type="Process" name="TerminateProcess" call_pid="2036" call_name="1.exe" call_time="21:09:12.515">
	<exInfo_list count="1">
		<exInfo value="1.exe" descr="结束进程名"/>
	</exInfo_list>
	</action>
 </action_list><action_list name="加载模块" level="1" descr="加载模块 HarddiskVolume1\WINDOWS\system32\advapi32.dll" times="0">
	<action field="start_boot" type="Memory" name="LoadLibrary" call_pid="1928" call_name="7.tmp" call_time="21:09:12.539">
	<exInfo_list count="1">
		<exInfo value="HarddiskVolume1\WINDOWS\system32\advapi32.dll" descr="动态链接库"/>
	</exInfo_list>
	</action>
 </action_list><action_list name="加载模块" level="1" descr="加载模块 HarddiskVolume1\WINDOWS\system32\rpcrt4.dll" times="0">
	<action field="start_boot" type="Memory" name="LoadLibrary" call_pid="1928" call_name="7.tmp" call_time="21:09:12.545">
	<exInfo_list count="1">
		<exInfo value="HarddiskVolume1\WINDOWS\system32\rpcrt4.dll" descr="动态链接库"/>
	</exInfo_list>
	</action>
 </action_list><action_list name="加载模块" level="1" descr="加载模块 HarddiskVolume1\WINDOWS\system32\secur32.dll" times="0">
	<action field="start_boot" type="Memory" name="LoadLibrary" call_pid="1928" call_name="7.tmp" call_time="21:09:12.549">
	<exInfo_list count="1">
		<exInfo value="HarddiskVolume1\WINDOWS\system32\secur32.dll" descr="动态链接库"/>
	</exInfo_list>
	</action>
 </action_list><action_list name="加载模块" level="1" descr="加载模块 HarddiskVolume1\WINDOWS\system32\ole32.dll" times="0">
	<action field="start_boot" type="Memory" name="LoadLibrary" call_pid="1928" call_name="7.tmp" call_time="21:09:12.562">
	<exInfo_list count="1">
		<exInfo value="HarddiskVolume1\WINDOWS\system32\ole32.dll" descr="动态链接库"/>
	</exInfo_list>
	</action>
 </action_list><action_list name="加载模块" level="1" descr="加载模块 HarddiskVolume1\WINDOWS\system32\gdi32.dll" times="0">
	<action field="start_boot" type="Memory" name="LoadLibrary" call_pid="1928" call_name="7.tmp" call_time="21:09:12.566">
	<exInfo_list count="1">
		<exInfo value="HarddiskVolume1\WINDOWS\system32\gdi32.dll" descr="动态链接库"/>
	</exInfo_list>
	</action>
 </action_list><action_list name="加载模块" level="1" descr="加载模块 HarddiskVolume1\WINDOWS\system32\user32.dll" times="0">
	<action field="start_boot" type="Memory" name="LoadLibrary" call_pid="1928" call_name="7.tmp" call_time="21:09:12.570">
	<exInfo_list count="1">
		<exInfo value="HarddiskVolume1\WINDOWS\system32\user32.dll" descr="动态链接库"/>
	</exInfo_list>
	</action>
 </action_list><action_list name="加载模块" level="1" descr="加载模块 HarddiskVolume1\WINDOWS\system32\msvcrt.dll" times="0">
	<action field="start_boot" type="Memory" name="LoadLibrary" call_pid="1928" call_name="7.tmp" call_time="21:09:12.574">
	<exInfo_list count="1">
		<exInfo value="HarddiskVolume1\WINDOWS\system32\msvcrt.dll" descr="动态链接库"/>
	</exInfo_list>
	</action>
 </action_list><action_list name="加载模块" level="1" descr="加载模块 HarddiskVolume1\WINDOWS\system32\shell32.dll" times="0">
	<action field="start_boot" type="Memory" name="LoadLibrary" call_pid="1928" call_name="7.tmp" call_time="21:09:12.596">
	<exInfo_list count="1">
		<exInfo value="HarddiskVolume1\WINDOWS\system32\shell32.dll" descr="动态链接库"/>
	</exInfo_list>
	</action>
 </action_list><action_list name="加载模块" level="1" descr="加载模块 HarddiskVolume1\WINDOWS\system32\shlwapi.dll" times="0">
	<action field="start_boot" type="Memory" name="LoadLibrary" call_pid="1928" call_name="7.tmp" call_time="21:09:12.608">
	<exInfo_list count="1">
		<exInfo value="HarddiskVolume1\WINDOWS\system32\shlwapi.dll" descr="动态链接库"/>
	</exInfo_list>
	</action>
 </action_list><action_list name="加载模块" level="1" descr="加载模块 HarddiskVolume1\WINDOWS\system32\imm32.dll" times="0">
	<action field="start_boot" type="Memory" name="LoadLibrary" call_pid="1928" call_name="7.tmp" call_time="21:09:12.701">
	<exInfo_list count="1">
		<exInfo value="HarddiskVolume1\WINDOWS\system32\imm32.dll" descr="动态链接库"/>
	</exInfo_list>
	</action>
 </action_list><action_list name="加载模块" level="1" descr="加载模块 HarddiskVolume1\WINDOWS\system32\lpk.dll" times="0">
	<action field="start_boot" type="Memory" name="LoadLibrary" call_pid="1928" call_name="7.tmp" call_time="21:09:12.729">
	<exInfo_list count="1">
		<exInfo value="HarddiskVolume1\WINDOWS\system32\lpk.dll" descr="动态链接库"/>
	</exInfo_list>
	</action>
 </action_list><action_list name="加载模块" level="1" descr="加载模块 HarddiskVolume1\WINDOWS\system32\usp10.dll" times="0">
	<action field="start_boot" type="Memory" name="LoadLibrary" call_pid="1928" call_name="7.tmp" call_time="21:09:12.735">
	<exInfo_list count="1">
		<exInfo value="HarddiskVolume1\WINDOWS\system32\usp10.dll" descr="动态链接库"/>
	</exInfo_list>
	</action>
 </action_list><action_list name="加载模块" level="1" descr="加载模块 HarddiskVolume1\WINDOWS\WinSxS\x86_Microsoft.Windows.Common-Controls_6595b64144ccf1df_6.0.2600.5512_x-ww_35d4ce83\comctl32.dll" times="0">
	<action field="start_boot" type="Memory" name="LoadLibrary" call_pid="1928" call_name="7.tmp" call_time="21:09:12.873">
	<exInfo_list count="1">
		<exInfo value="HarddiskVolume1\WINDOWS\WinSxS\x86_Microsoft.Windows.Common-Controls_6595b64144ccf1df_6.0.2600.5512_x-ww_35d4ce83\comctl32.dll" descr="动态链接库"/>
	</exInfo_list>
	</action>
 </action_list><action_list name="加载模块" level="1" descr="加载模块 HarddiskVolume1\WINDOWS\system32\comctl32.dll" times="0">
	<action field="start_boot" type="Memory" name="LoadLibrary" call_pid="1928" call_name="7.tmp" call_time="21:09:12.964">
	<exInfo_list count="1">
		<exInfo value="HarddiskVolume1\WINDOWS\system32\comctl32.dll" descr="动态链接库"/>
	</exInfo_list>
	</action>
 </action_list><action_list name="加载模块" level="1" descr="加载模块 HarddiskVolume1\WINDOWS\system32\msctf.dll" times="0">
	<action field="start_boot" type="Memory" name="LoadLibrary" call_pid="1928" call_name="7.tmp" call_time="21:09:12.164">
	<exInfo_list count="1">
		<exInfo value="HarddiskVolume1\WINDOWS\system32\msctf.dll" descr="动态链接库"/>
	</exInfo_list>
	</action>
 </action_list><action_list name="删除文件" level="2" descr="删除文件 C:\vastest\1.exe" times="0">
	<action field="start_boot" type="File" name="DeleteFile" call_pid="1928" call_name="7.tmp" call_time="21:09:13.234">
	<exInfo_list count="1">
		<exInfo value="C:\vastest\1.exe" descr="文件路径"/>
	</exInfo_list>
	</action>
 </action_list><action_list name="程序退出" level="-1" descr="7.tmp 退出" times="0">
	<action field="start_boot" type="Process" name="TerminateProcess" call_pid="1928" call_name="7.tmp" call_time="21:09:13.422">
	<exInfo_list count="1">
		<exInfo value="7.tmp" descr="结束进程名"/>
	</exInfo_list>
	</action>
 </action_list><action_list name="分析结束" level="-1" descr="动态分析结束" times="0">
	<action field="start_boot" type="System" name="AnalyzeStop" call_pid="0" call_name="" call_time="21:10:08.465">
	<exInfo_list count="0">
	</exInfo_list>
	</action>
 </action_list></file>