<?xml version="1.0" encoding="UTF-8"?> 

<file name="1.exe" 文件扩展名信息="  描述：Directly executable program   使用信息: DOS, OpenVMS, Microsoft Windows, Symbian or OS/2" sha1="8abb68db1868af7e50ddc8d60c2fef36139b37f6" md5="78c6ccdbfc91c9f2e24318e6def2afd8" CRC32="80f447d2" SSDEEP="49152:Qkjfu0zFnx8hfXWBpxwZ1QnrQaFq7/cS4SNw+WMiBIFqyopObZ:nu0Z2elk16Quq0642Tb" ImportHash="48aa5c8931746a9655524f67b25a47ef" size="2729160" type="exe" error="0" virusresult="" vp_name="klo07" reportType="final" exiftool="File Name                       : 1.exe--list--File Size                       : 2.6 MB--list--File Modification Date/Time     : 2020:01:15 21:11:53+08:00--list--File Access Date/Time           : 2020:01:15 21:11:53+08:00--list--File Inode Change Date/Time     : 2020:01:15 21:11:53+08:00--list--File Type                       : Win32 EXE--list--File Type Extension             : exe--list--MIME Type                       : application/octet-stream--list--Machine Type                    : Intel 386 or later, and compatibles--list--Time Stamp                      : 2015:10:27 20:27:01+08:00--list--PE Type                         : PE32--list--Linker Version                  : 2.25--list--Code Size                       : 65024--list--Initialized Data Size           : 148480--list--Uninitialized Data Size         : 0--list--Entry Point                     : 0x113bc--list--OS Version                      : 5.0--list--Image Version                   : 6.0--list--Subsystem Version               : 5.0--list--Subsystem                       : Windows GUI--list--File Version Number             : 1.0.0.0--list--Product Version Number          : 1.0.0.0--list--File Flags Mask                 : 0x003f--list--File Flags                      : (none)--list--File OS                         : Win32--list--Object File Type                : Executable application--list--File Subtype                    : 0--list--Language Code                   : Neutral--list--Character Set                   : Unicode--list--Comments                        : This installation was built with Inno Setup.--list--Company Name                    : --list--File Description                : Installer--list--File Version                    : 1.0.0--list--Legal Copyright                 : --list--Product Name                    : Setup--list--Product Version                 : 1.0.0--list--" system="winxp" peinfo="加壳信息 :  未发现加壳--list--文件熵 :  7.936092 (可能存在加壳)--list--fpu反调试 :  未检测到--list--载入地址 :  正常的载入点--list--代码入口信息 :  正常的入口--list--DOS stub : :  可疑--list--TLS表信息 :  发现 - 不包含函数--list--段信息 :  8--list--代码段 :  未见异常--list--.itext 未见异常--list--数据段 :  未见异常--list--未初始化数据段 :  长度为0--list--输入表段 :  未见异常--list--.tls 可疑的名称  长度为0--list--只读数据段 :  长度过小--list--资源段 :  未见异常--list--时间戳 :  未见异常--list--ASLR ：  未开启--list--DEP/NX ：  未开启--list--SEH ：  开启--list--数字签名类型 ：  PKCS签名--list--签名链 ： --list--@ COMODO SHA-1 Time Stamping Signer--list--@ Go Daddy Secure Certificate Authority - G2--list--@ Speedlane LLC" AI_Scan="1" filetype="PE32 executable (GUI) Intel 80386, for MS Windows"><action_list name="分析开始" level="-1" descr="动态分析开始" times="0">
	<action field="start_boot" type="System" name="AnalyzeStart" call_pid="0" call_name="" call_time="21:12:29.000">
	<exInfo_list count="0">
	</exInfo_list>
	</action>
 </action_list><action_list name="分析引擎信息" level="-1" descr="12.6, 40, 2020-01-15_21:12:25==2020-01-15_21:12:29" times="0">
	<action field="start_boot" type="System" name="VasInfo" call_pid="0" call_name="" call_time="21:12:29.001">
	<exInfo_list count="3">
		<exInfo value="12.6" descr="分析引擎版本"/>
		<exInfo value="40" descr="最大并发数量"/>
		<exInfo value="2020-01-15_21:12:25==2020-01-15_21:12:29" descr="镜像加载耗时"/>
	</exInfo_list>
	</action>
 </action_list><action_list name="进程开始执行" level="1" descr="被 vasstarter.exe（1676）创建的进程开始执行" times="0">
	<action field="start_boot" type="Process" name="BeCreated" call_pid="208" call_name="vaslauncher.exe" call_time="21:12:29.002">
	<exInfo_list count="2">
		<exInfo value="vasstarter.exe" descr="父进程名"/>
		<exInfo value="1676" descr="父进程ID"/>
	</exInfo_list>
	</action>
 </action_list><action_list name="进程开始执行" level="1" descr="被 vasstarter.exe（1676）通过参数 D:\vaslauncher.exe 以 direct 方式创建的进程开始执行" times="0">
	<action field="start_boot" type="Process" name="BeCreatedEx" call_pid="208" call_name="vaslauncher.exe" call_time="21:12:29.003">
	<exInfo_list count="4">
		<exInfo value="vasstarter.exe" descr="父进程名"/>
		<exInfo value="1676" descr="父进程ID"/>
		<exInfo value="D:\vaslauncher.exe" descr="启动参数"/>
		<exInfo value="direct" descr="创建方式"/>
	</exInfo_list>
	</action>
 </action_list><action_list name="进程开始执行" level="1" descr="被 vaslauncher.exe（208）创建的进程开始执行" times="0">
	<action field="start_boot" type="Process" name="BeCreated" call_pid="2036" call_name="1.exe" call_time="21:12:33.004">
	<exInfo_list count="2">
		<exInfo value="vaslauncher.exe" descr="父进程名"/>
		<exInfo value="208" descr="父进程ID"/>
	</exInfo_list>
	</action>
 </action_list><action_list name="进程开始执行" level="1" descr="被 vaslauncher.exe（208）通过参数 &quot;C:\vastest\1.exe&quot;  以 direct 方式创建的进程开始执行" times="0">
	<action field="start_boot" type="Process" name="BeCreatedEx" call_pid="2036" call_name="1.exe" call_time="21:12:33.005">
	<exInfo_list count="4">
		<exInfo value="vaslauncher.exe" descr="父进程名"/>
		<exInfo value="208" descr="父进程ID"/>
		<exInfo value="&quot;C:\vastest\1.exe&quot; " descr="启动参数"/>
		<exInfo value="direct" descr="创建方式"/>
	</exInfo_list>
	</action>
 </action_list><action_list name="脱壳" level="2" descr="代码自解压，逃避分析与查杀" times="0">
	<action field="start_boot" type="Memory" name="UnpackSelf" call_pid="2036" call_name="1.exe" call_time="21:12:33.006">
	<exInfo_list count="0">
	</exInfo_list>
	</action>
 </action_list><action_list name="加载模块" level="1" descr="加载模块 HarddiskVolume1\WINDOWS\system32\oleaut32.dll" times="0">
	<action field="start_boot" type="Memory" name="LoadLibrary" call_pid="2036" call_name="1.exe" call_time="21:12:33.071">
	<exInfo_list count="1">
		<exInfo value="HarddiskVolume1\WINDOWS\system32\oleaut32.dll" descr="动态链接库"/>
	</exInfo_list>
	</action>
 </action_list><action_list name="加载模块" level="1" descr="加载模块 HarddiskVolume1\WINDOWS\system32\advapi32.dll" times="0">
	<action field="start_boot" type="Memory" name="LoadLibrary" call_pid="2036" call_name="1.exe" call_time="21:12:33.076">
	<exInfo_list count="1">
		<exInfo value="HarddiskVolume1\WINDOWS\system32\advapi32.dll" descr="动态链接库"/>
	</exInfo_list>
	</action>
 </action_list><action_list name="加载模块" level="1" descr="加载模块 HarddiskVolume1\WINDOWS\system32\rpcrt4.dll" times="0">
	<action field="start_boot" type="Memory" name="LoadLibrary" call_pid="2036" call_name="1.exe" call_time="21:12:33.081">
	<exInfo_list count="1">
		<exInfo value="HarddiskVolume1\WINDOWS\system32\rpcrt4.dll" descr="动态链接库"/>
	</exInfo_list>
	</action>
 </action_list><action_list name="加载模块" level="1" descr="加载模块 HarddiskVolume1\WINDOWS\system32\secur32.dll" times="0">
	<action field="start_boot" type="Memory" name="LoadLibrary" call_pid="2036" call_name="1.exe" call_time="21:12:33.085">
	<exInfo_list count="1">
		<exInfo value="HarddiskVolume1\WINDOWS\system32\secur32.dll" descr="动态链接库"/>
	</exInfo_list>
	</action>
 </action_list><action_list name="加载模块" level="1" descr="加载模块 HarddiskVolume1\WINDOWS\system32\gdi32.dll" times="0">
	<action field="start_boot" type="Memory" name="LoadLibrary" call_pid="2036" call_name="1.exe" call_time="21:12:33.089">
	<exInfo_list count="1">
		<exInfo value="HarddiskVolume1\WINDOWS\system32\gdi32.dll" descr="动态链接库"/>
	</exInfo_list>
	</action>
 </action_list><action_list name="加载模块" level="1" descr="加载模块 HarddiskVolume1\WINDOWS\system32\user32.dll" times="0">
	<action field="start_boot" type="Memory" name="LoadLibrary" call_pid="2036" call_name="1.exe" call_time="21:12:33.093">
	<exInfo_list count="1">
		<exInfo value="HarddiskVolume1\WINDOWS\system32\user32.dll" descr="动态链接库"/>
	</exInfo_list>
	</action>
 </action_list><action_list name="加载模块" level="1" descr="加载模块 HarddiskVolume1\WINDOWS\system32\msvcrt.dll" times="0">
	<action field="start_boot" type="Memory" name="LoadLibrary" call_pid="2036" call_name="1.exe" call_time="21:12:33.097">
	<exInfo_list count="1">
		<exInfo value="HarddiskVolume1\WINDOWS\system32\msvcrt.dll" descr="动态链接库"/>
	</exInfo_list>
	</action>
 </action_list><action_list name="加载模块" level="1" descr="加载模块 HarddiskVolume1\WINDOWS\system32\ole32.dll" times="0">
	<action field="start_boot" type="Memory" name="LoadLibrary" call_pid="2036" call_name="1.exe" call_time="21:12:33.114">
	<exInfo_list count="1">
		<exInfo value="HarddiskVolume1\WINDOWS\system32\ole32.dll" descr="动态链接库"/>
	</exInfo_list>
	</action>
 </action_list><action_list name="加载模块" level="1" descr="加载模块 HarddiskVolume1\WINDOWS\WinSxS\x86_Microsoft.Windows.Common-Controls_6595b64144ccf1df_6.0.2600.5512_x-ww_35d4ce83\comctl32.dll" times="0">
	<action field="start_boot" type="Memory" name="LoadLibrary" call_pid="2036" call_name="1.exe" call_time="21:12:33.180">
	<exInfo_list count="1">
		<exInfo value="HarddiskVolume1\WINDOWS\WinSxS\x86_Microsoft.Windows.Common-Controls_6595b64144ccf1df_6.0.2600.5512_x-ww_35d4ce83\comctl32.dll" descr="动态链接库"/>
	</exInfo_list>
	</action>
 </action_list><action_list name="加载模块" level="1" descr="加载模块 HarddiskVolume1\WINDOWS\system32\shlwapi.dll" times="0">
	<action field="start_boot" type="Memory" name="LoadLibrary" call_pid="2036" call_name="1.exe" call_time="21:12:33.209">
	<exInfo_list count="1">
		<exInfo value="HarddiskVolume1\WINDOWS\system32\shlwapi.dll" descr="动态链接库"/>
	</exInfo_list>
	</action>
 </action_list><action_list name="加载模块" level="1" descr="加载模块 HarddiskVolume1\WINDOWS\system32\imm32.dll" times="0">
	<action field="start_boot" type="Memory" name="LoadLibrary" call_pid="2036" call_name="1.exe" call_time="21:12:33.313">
	<exInfo_list count="1">
		<exInfo value="HarddiskVolume1\WINDOWS\system32\imm32.dll" descr="动态链接库"/>
	</exInfo_list>
	</action>
 </action_list><action_list name="加载模块" level="1" descr="加载模块 HarddiskVolume1\WINDOWS\system32\lpk.dll" times="0">
	<action field="start_boot" type="Memory" name="LoadLibrary" call_pid="2036" call_name="1.exe" call_time="21:12:33.339">
	<exInfo_list count="1">
		<exInfo value="HarddiskVolume1\WINDOWS\system32\lpk.dll" descr="动态链接库"/>
	</exInfo_list>
	</action>
 </action_list><action_list name="加载模块" level="1" descr="加载模块 HarddiskVolume1\WINDOWS\system32\usp10.dll" times="0">
	<action field="start_boot" type="Memory" name="LoadLibrary" call_pid="2036" call_name="1.exe" call_time="21:12:33.344">
	<exInfo_list count="1">
		<exInfo value="HarddiskVolume1\WINDOWS\system32\usp10.dll" descr="动态链接库"/>
	</exInfo_list>
	</action>
 </action_list><action_list name="加载模块" level="1" descr="加载模块 HarddiskVolume1\WINDOWS\system32\shell32.dll" times="0">
	<action field="start_boot" type="Memory" name="LoadLibrary" call_pid="2036" call_name="1.exe" call_time="21:12:33.558">
	<exInfo_list count="1">
		<exInfo value="HarddiskVolume1\WINDOWS\system32\shell32.dll" descr="动态链接库"/>
	</exInfo_list>
	</action>
 </action_list><action_list name="读取系统文件" level="2" descr="读取文件 HarddiskVolume1\WINDOWS\system32\netmsg.dll" times="0">
	<action field="start_boot" type="File" name="ReadFile" call_pid="2036" call_name="1.exe" call_time="21:12:33.614">
	<exInfo_list count="1">
		<exInfo value="HarddiskVolume1\WINDOWS\system32\netmsg.dll" descr="文件路径"/>
	</exInfo_list>
	</action>
 </action_list><action_list name="自我读取" level="1" descr="读取文件 HarddiskVolume1\vastest\1.exe" times="0">
	<action field="start_boot" type="File" name="ReadFile" call_pid="2036" call_name="1.exe" call_time="21:12:33.717">
	<exInfo_list count="1">
		<exInfo value="HarddiskVolume1\vastest\1.exe" descr="文件路径"/>
	</exInfo_list>
	</action>
 </action_list><action_list name="写入文件" level="3" descr="写入文件 HarddiskVolume1\DOCUME~1\xpuser\LOCALS~1\Temp\is-P23L2.tmp\1.tmp" times="0">
	<action field="start_boot" type="File" name="WriteFile" call_pid="2036" call_name="1.exe" call_time="21:12:34.302">
	<exInfo_list count="1">
		<exInfo value="HarddiskVolume1\DOCUME~1\xpuser\LOCALS~1\Temp\is-P23L2.tmp\1.tmp" descr="文件路径"/>
	</exInfo_list>
	</action>
 </action_list><action_list name="加载模块" level="1" descr="加载模块 HarddiskVolume1\WINDOWS\system32\msctf.dll" times="0">
	<action field="start_boot" type="Memory" name="LoadLibrary" call_pid="2036" call_name="1.exe" call_time="21:12:34.316">
	<exInfo_list count="1">
		<exInfo value="HarddiskVolume1\WINDOWS\system32\msctf.dll" descr="动态链接库"/>
	</exInfo_list>
	</action>
 </action_list><action_list name="加载模块" level="1" descr="加载模块 HarddiskVolume1\WINDOWS\system32\version.dll" times="0">
	<action field="start_boot" type="Memory" name="LoadLibrary" call_pid="2036" call_name="1.exe" call_time="21:12:34.376">
	<exInfo_list count="1">
		<exInfo value="HarddiskVolume1\WINDOWS\system32\version.dll" descr="动态链接库"/>
	</exInfo_list>
	</action>
 </action_list><action_list name="加载模块" level="1" descr="加载模块 HarddiskVolume1\WINDOWS\system32\msctfime.ime" times="0">
	<action field="start_boot" type="Memory" name="LoadLibrary" call_pid="2036" call_name="1.exe" call_time="21:12:34.423">
	<exInfo_list count="1">
		<exInfo value="HarddiskVolume1\WINDOWS\system32\msctfime.ime" descr="动态链接库"/>
	</exInfo_list>
	</action>
 </action_list><action_list name="加载模块" level="1" descr="加载模块 HarddiskVolume1\WINDOWS\system32\uxtheme.dll" times="0">
	<action field="start_boot" type="Memory" name="LoadLibrary" call_pid="2036" call_name="1.exe" call_time="21:12:34.488">
	<exInfo_list count="1">
		<exInfo value="HarddiskVolume1\WINDOWS\system32\uxtheme.dll" descr="动态链接库"/>
	</exInfo_list>
	</action>
 </action_list><action_list name="加载模块" level="1" descr="加载模块 HarddiskVolume1\WINDOWS\system32\apphelp.dll" times="0">
	<action field="start_boot" type="Memory" name="LoadLibrary" call_pid="2036" call_name="1.exe" call_time="21:12:34.530">
	<exInfo_list count="1">
		<exInfo value="HarddiskVolume1\WINDOWS\system32\apphelp.dll" descr="动态链接库"/>
	</exInfo_list>
	</action>
 </action_list><action_list name="映射文件" level="1" descr="映射文件 HarddiskVolume1\DOCUME~1\xpuser\LOCALS~1\Temp\is-P23L2.tmp\1.tmp" times="0">
	<action field="start_boot" type="File" name="ReadFileToCreate" call_pid="2036" call_name="1.exe" call_time="21:12:34.617">
	<exInfo_list count="1">
		<exInfo value="HarddiskVolume1\DOCUME~1\xpuser\LOCALS~1\Temp\is-P23L2.tmp\1.tmp" descr="文件路径"/>
	</exInfo_list>
	</action>
 </action_list><action_list name="创建进程" level="3" descr="创建进程  &quot;C:\DOCUME~1\xpuser\LOCALS~1\Temp\is-P23L2.tmp\1.tmp&quot; /SL5=&quot;$70132,2148068,214528,C:\vastest\1.exe&quot; " times="0">
	<action field="start_boot" type="Process" name="CreateProcess" call_pid="2036" call_name="1.exe" call_time="21:12:34.521">
	<exInfo_list count="1">
		<exInfo value=" &quot;C:\DOCUME~1\xpuser\LOCALS~1\Temp\is-P23L2.tmp\1.tmp&quot; /SL5=&quot;$70132,2148068,214528,C:\vastest\1.exe&quot; " descr="进程名"/>
	</exInfo_list>
	</action>
 </action_list><action_list name="进程开始执行" level="1" descr="被 1.exe（2036）创建的进程开始执行" times="0">
	<action field="start_boot" type="Process" name="BeCreated" call_pid="1928" call_name="1.tmp" call_time="21:12:34.652">
	<exInfo_list count="2">
		<exInfo value="1.exe" descr="父进程名"/>
		<exInfo value="2036" descr="父进程ID"/>
	</exInfo_list>
	</action>
 </action_list><action_list name="进程开始执行" level="1" descr="被 1.exe（2036）通过参数 &quot;C:\DOCUME~1\xpuser\LOCALS~1\Temp\is-P23L2.tmp\1.tmp&quot; /SL5=&quot;$70132,2148068,214528,C:\vastest\1.exe&quot;  以 direct 方式创建的进程开始执行" times="0">
	<action field="start_boot" type="Process" name="BeCreatedEx" call_pid="1928" call_name="1.tmp" call_time="21:12:34.653">
	<exInfo_list count="4">
		<exInfo value="1.exe" descr="父进程名"/>
		<exInfo value="2036" descr="父进程ID"/>
		<exInfo value="&quot;C:\DOCUME~1\xpuser\LOCALS~1\Temp\is-P23L2.tmp\1.tmp&quot; /SL5=&quot;$70132,2148068,214528,C:\vastest\1.exe&quot; " descr="启动参数"/>
		<exInfo value="direct" descr="创建方式"/>
	</exInfo_list>
	</action>
 </action_list><action_list name="脱壳" level="2" descr="代码自解压，逃避分析与查杀" times="0">
	<action field="start_boot" type="Memory" name="UnpackSelf" call_pid="1928" call_name="1.tmp" call_time="21:12:34.654">
	<exInfo_list count="0">
	</exInfo_list>
	</action>
 </action_list><action_list name="加载模块" level="1" descr="加载模块 HarddiskVolume1\WINDOWS\system32\oleaut32.dll" times="0">
	<action field="start_boot" type="Memory" name="LoadLibrary" call_pid="1928" call_name="1.tmp" call_time="21:12:34.720">
	<exInfo_list count="1">
		<exInfo value="HarddiskVolume1\WINDOWS\system32\oleaut32.dll" descr="动态链接库"/>
	</exInfo_list>
	</action>
 </action_list><action_list name="加载模块" level="1" descr="加载模块 HarddiskVolume1\WINDOWS\system32\advapi32.dll" times="0">
	<action field="start_boot" type="Memory" name="LoadLibrary" call_pid="1928" call_name="1.tmp" call_time="21:12:34.725">
	<exInfo_list count="1">
		<exInfo value="HarddiskVolume1\WINDOWS\system32\advapi32.dll" descr="动态链接库"/>
	</exInfo_list>
	</action>
 </action_list><action_list name="加载模块" level="1" descr="加载模块 HarddiskVolume1\WINDOWS\system32\rpcrt4.dll" times="0">
	<action field="start_boot" type="Memory" name="LoadLibrary" call_pid="1928" call_name="1.tmp" call_time="21:12:34.730">
	<exInfo_list count="1">
		<exInfo value="HarddiskVolume1\WINDOWS\system32\rpcrt4.dll" descr="动态链接库"/>
	</exInfo_list>
	</action>
 </action_list><action_list name="加载模块" level="1" descr="加载模块 HarddiskVolume1\WINDOWS\system32\secur32.dll" times="0">
	<action field="start_boot" type="Memory" name="LoadLibrary" call_pid="1928" call_name="1.tmp" call_time="21:12:34.734">
	<exInfo_list count="1">
		<exInfo value="HarddiskVolume1\WINDOWS\system32\secur32.dll" descr="动态链接库"/>
	</exInfo_list>
	</action>
 </action_list><action_list name="加载模块" level="1" descr="加载模块 HarddiskVolume1\WINDOWS\system32\gdi32.dll" times="0">
	<action field="start_boot" type="Memory" name="LoadLibrary" call_pid="1928" call_name="1.tmp" call_time="21:12:34.738">
	<exInfo_list count="1">
		<exInfo value="HarddiskVolume1\WINDOWS\system32\gdi32.dll" descr="动态链接库"/>
	</exInfo_list>
	</action>
 </action_list><action_list name="加载模块" level="1" descr="加载模块 HarddiskVolume1\WINDOWS\system32\user32.dll" times="0">
	<action field="start_boot" type="Memory" name="LoadLibrary" call_pid="1928" call_name="1.tmp" call_time="21:12:34.742">
	<exInfo_list count="1">
		<exInfo value="HarddiskVolume1\WINDOWS\system32\user32.dll" descr="动态链接库"/>
	</exInfo_list>
	</action>
 </action_list><action_list name="加载模块" level="1" descr="加载模块 HarddiskVolume1\WINDOWS\system32\msvcrt.dll" times="0">
	<action field="start_boot" type="Memory" name="LoadLibrary" call_pid="1928" call_name="1.tmp" call_time="21:12:34.746">
	<exInfo_list count="1">
		<exInfo value="HarddiskVolume1\WINDOWS\system32\msvcrt.dll" descr="动态链接库"/>
	</exInfo_list>
	</action>
 </action_list><action_list name="加载模块" level="1" descr="加载模块 HarddiskVolume1\WINDOWS\system32\ole32.dll" times="0">
	<action field="start_boot" type="Memory" name="LoadLibrary" call_pid="1928" call_name="1.tmp" call_time="21:12:34.763">
	<exInfo_list count="1">
		<exInfo value="HarddiskVolume1\WINDOWS\system32\ole32.dll" descr="动态链接库"/>
	</exInfo_list>
	</action>
 </action_list><action_list name="加载模块" level="1" descr="加载模块 HarddiskVolume1\WINDOWS\system32\msimg32.dll" times="0">
	<action field="start_boot" type="Memory" name="LoadLibrary" call_pid="1928" call_name="1.tmp" call_time="21:12:34.820">
	<exInfo_list count="1">
		<exInfo value="HarddiskVolume1\WINDOWS\system32\msimg32.dll" descr="动态链接库"/>
	</exInfo_list>
	</action>
 </action_list><action_list name="加载模块" level="1" descr="加载模块 HarddiskVolume1\WINDOWS\system32\version.dll" times="0">
	<action field="start_boot" type="Memory" name="LoadLibrary" call_pid="1928" call_name="1.tmp" call_time="21:12:34.836">
	<exInfo_list count="1">
		<exInfo value="HarddiskVolume1\WINDOWS\system32\version.dll" descr="动态链接库"/>
	</exInfo_list>
	</action>
 </action_list><action_list name="加载模块" level="1" descr="加载模块 HarddiskVolume1\WINDOWS\system32\mpr.dll" times="0">
	<action field="start_boot" type="Memory" name="LoadLibrary" call_pid="1928" call_name="1.tmp" call_time="21:12:34.844">
	<exInfo_list count="1">
		<exInfo value="HarddiskVolume1\WINDOWS\system32\mpr.dll" descr="动态链接库"/>
	</exInfo_list>
	</action>
 </action_list><action_list name="加载模块" level="1" descr="加载模块 HarddiskVolume1\WINDOWS\WinSxS\x86_Microsoft.Windows.Common-Controls_6595b64144ccf1df_6.0.2600.5512_x-ww_35d4ce83\comctl32.dll" times="0">
	<action field="start_boot" type="Memory" name="LoadLibrary" call_pid="1928" call_name="1.tmp" call_time="21:12:34.866">
	<exInfo_list count="1">
		<exInfo value="HarddiskVolume1\WINDOWS\WinSxS\x86_Microsoft.Windows.Common-Controls_6595b64144ccf1df_6.0.2600.5512_x-ww_35d4ce83\comctl32.dll" descr="动态链接库"/>
	</exInfo_list>
	</action>
 </action_list><action_list name="加载模块" level="1" descr="加载模块 HarddiskVolume1\WINDOWS\system32\shlwapi.dll" times="0">
	<action field="start_boot" type="Memory" name="LoadLibrary" call_pid="1928" call_name="1.tmp" call_time="21:12:34.890">
	<exInfo_list count="1">
		<exInfo value="HarddiskVolume1\WINDOWS\system32\shlwapi.dll" descr="动态链接库"/>
	</exInfo_list>
	</action>
 </action_list><action_list name="加载模块" level="1" descr="加载模块 HarddiskVolume1\WINDOWS\system32\shell32.dll" times="0">
	<action field="start_boot" type="Memory" name="LoadLibrary" call_pid="1928" call_name="1.tmp" call_time="21:12:34.933">
	<exInfo_list count="1">
		<exInfo value="HarddiskVolume1\WINDOWS\system32\shell32.dll" descr="动态链接库"/>
	</exInfo_list>
	</action>
 </action_list><action_list name="加载模块" level="1" descr="加载模块 HarddiskVolume1\WINDOWS\system32\comdlg32.dll" times="0">
	<action field="start_boot" type="Memory" name="LoadLibrary" call_pid="1928" call_name="1.tmp" call_time="21:12:34.954">
	<exInfo_list count="1">
		<exInfo value="HarddiskVolume1\WINDOWS\system32\comdlg32.dll" descr="动态链接库"/>
	</exInfo_list>
	</action>
 </action_list><action_list name="加载模块" level="1" descr="加载模块 HarddiskVolume1\WINDOWS\system32\imm32.dll" times="0">
	<action field="start_boot" type="Memory" name="LoadLibrary" call_pid="1928" call_name="1.tmp" call_time="21:12:34.057">
	<exInfo_list count="1">
		<exInfo value="HarddiskVolume1\WINDOWS\system32\imm32.dll" descr="动态链接库"/>
	</exInfo_list>
	</action>
 </action_list><action_list name="加载模块" level="1" descr="加载模块 HarddiskVolume1\WINDOWS\system32\lpk.dll" times="0">
	<action field="start_boot" type="Memory" name="LoadLibrary" call_pid="1928" call_name="1.tmp" call_time="21:12:34.080">
	<exInfo_list count="1">
		<exInfo value="HarddiskVolume1\WINDOWS\system32\lpk.dll" descr="动态链接库"/>
	</exInfo_list>
	</action>
 </action_list><action_list name="加载模块" level="1" descr="加载模块 HarddiskVolume1\WINDOWS\system32\usp10.dll" times="0">
	<action field="start_boot" type="Memory" name="LoadLibrary" call_pid="1928" call_name="1.tmp" call_time="21:12:34.085">
	<exInfo_list count="1">
		<exInfo value="HarddiskVolume1\WINDOWS\system32\usp10.dll" descr="动态链接库"/>
	</exInfo_list>
	</action>
 </action_list><action_list name="加载模块" level="1" descr="加载模块 HarddiskVolume1\WINDOWS\system32\msctf.dll" times="0">
	<action field="start_boot" type="Memory" name="LoadLibrary" call_pid="1928" call_name="1.tmp" call_time="21:12:35.432">
	<exInfo_list count="1">
		<exInfo value="HarddiskVolume1\WINDOWS\system32\msctf.dll" descr="动态链接库"/>
	</exInfo_list>
	</action>
 </action_list><action_list name="加载模块" level="1" descr="加载模块 HarddiskVolume1\WINDOWS\system32\msctfime.ime" times="0">
	<action field="start_boot" type="Memory" name="LoadLibrary" call_pid="1928" call_name="1.tmp" call_time="21:12:35.543">
	<exInfo_list count="1">
		<exInfo value="HarddiskVolume1\WINDOWS\system32\msctfime.ime" descr="动态链接库"/>
	</exInfo_list>
	</action>
 </action_list><action_list name="加载模块" level="1" descr="加载模块 HarddiskVolume1\WINDOWS\system32\uxtheme.dll" times="0">
	<action field="start_boot" type="Memory" name="LoadLibrary" call_pid="1928" call_name="1.tmp" call_time="21:12:35.656">
	<exInfo_list count="1">
		<exInfo value="HarddiskVolume1\WINDOWS\system32\uxtheme.dll" descr="动态链接库"/>
	</exInfo_list>
	</action>
 </action_list><action_list name="读取系统文件" level="2" descr="读取文件 HarddiskVolume1\WINDOWS\system32\netmsg.dll" times="0">
	<action field="start_boot" type="File" name="ReadFile" call_pid="1928" call_name="1.tmp" call_time="21:12:35.695">
	<exInfo_list count="1">
		<exInfo value="HarddiskVolume1\WINDOWS\system32\netmsg.dll" descr="文件路径"/>
	</exInfo_list>
	</action>
 </action_list><action_list name="自我读取" level="1" descr="读取文件 HarddiskVolume1\vastest\1.exe" times="0">
	<action field="start_boot" type="File" name="ReadFile" call_pid="1928" call_name="1.tmp" call_time="21:12:35.804">
	<exInfo_list count="1">
		<exInfo value="HarddiskVolume1\vastest\1.exe" descr="文件路径"/>
	</exInfo_list>
	</action>
 </action_list><action_list name="创建可执行程序" level="3" descr="创建可执行程序 HarddiskVolume1\DOCUME~1\xpuser\LOCALS~1\Temp\is-90V49.tmp\_isetup\_shfoldr.dll" times="0">
	<action field="start_boot" type="File" name="WritePEFile" call_pid="1928" call_name="1.tmp" call_time="21:12:35.673">
	<exInfo_list count="1">
		<exInfo value="HarddiskVolume1\DOCUME~1\xpuser\LOCALS~1\Temp\is-90V49.tmp\_isetup\_shfoldr.dll" descr="PE文件路径"/>
	</exInfo_list>
	</action>
 </action_list><action_list name="读取文件" level="2" descr="读取文件 HarddiskVolume1\DOCUME~1\xpuser\LOCALS~1\Temp\is-90V49.tmp\_isetup\_shfoldr.dll" times="0">
	<action field="start_boot" type="File" name="ReadFile" call_pid="1928" call_name="1.tmp" call_time="21:12:35.689">
	<exInfo_list count="1">
		<exInfo value="HarddiskVolume1\DOCUME~1\xpuser\LOCALS~1\Temp\is-90V49.tmp\_isetup\_shfoldr.dll" descr="文件路径"/>
	</exInfo_list>
	</action>
 </action_list><action_list name="读取系统文件" level="2" descr="读取文件 HarddiskVolume1\WINDOWS\system32\shfolder.dll" times="0">
	<action field="start_boot" type="File" name="ReadFile" call_pid="1928" call_name="1.tmp" call_time="21:12:35.712">
	<exInfo_list count="1">
		<exInfo value="HarddiskVolume1\WINDOWS\system32\shfolder.dll" descr="文件路径"/>
	</exInfo_list>
	</action>
 </action_list><action_list name="加载模块" level="1" descr="加载模块 HarddiskVolume1\WINDOWS\system32\shfolder.dll" times="0">
	<action field="start_boot" type="Memory" name="LoadLibrary" call_pid="1928" call_name="1.tmp" call_time="21:12:35.736">
	<exInfo_list count="1">
		<exInfo value="HarddiskVolume1\WINDOWS\system32\shfolder.dll" descr="动态链接库"/>
	</exInfo_list>
	</action>
 </action_list><action_list name="自我读取" level="1" descr="读取文件 HarddiskVolume1\vastest\1.exe" times="0">
	<action field="start_boot" type="File" name="ReadFile" call_pid="1928" call_name="1.tmp" call_time="21:12:35.846">
	<exInfo_list count="1">
		<exInfo value="HarddiskVolume1\vastest\1.exe" descr="文件路径"/>
	</exInfo_list>
	</action>
 </action_list><action_list name="创建可执行程序" level="3" descr="创建可执行程序 HarddiskVolume1\DOCUME~1\xpuser\LOCALS~1\Temp\is-90V49.tmp\idp.dll" times="0">
	<action field="start_boot" type="File" name="WritePEFile" call_pid="1928" call_name="1.tmp" call_time="21:12:35.901">
	<exInfo_list count="1">
		<exInfo value="HarddiskVolume1\DOCUME~1\xpuser\LOCALS~1\Temp\is-90V49.tmp\idp.dll" descr="PE文件路径"/>
	</exInfo_list>
	</action>
 </action_list><action_list name="自我读取" level="1" descr="读取文件 HarddiskVolume1\vastest\1.exe" times="0">
	<action field="start_boot" type="File" name="ReadFile" call_pid="1928" call_name="1.tmp" call_time="21:12:35.927">
	<exInfo_list count="1">
		<exInfo value="HarddiskVolume1\vastest\1.exe" descr="文件路径"/>
	</exInfo_list>
	</action>
 </action_list><action_list name="创建可执行程序" level="3" descr="创建可执行程序 HarddiskVolume1\DOCUME~1\xpuser\LOCALS~1\Temp\is-90V49.tmp\idp.dll" times="0">
	<action field="start_boot" type="File" name="WritePEFile" call_pid="1928" call_name="1.tmp" call_time="21:12:35.930">
	<exInfo_list count="1">
		<exInfo value="HarddiskVolume1\DOCUME~1\xpuser\LOCALS~1\Temp\is-90V49.tmp\idp.dll" descr="PE文件路径"/>
	</exInfo_list>
	</action>
 </action_list><action_list name="加载模块" level="1" descr="加载模块 HarddiskVolume1\DOCUME~1\xpuser\LOCALS~1\Temp\is-90V49.tmp\idp.dll" times="0">
	<action field="start_boot" type="Memory" name="LoadLibrary" call_pid="1928" call_name="1.tmp" call_time="21:12:35.938">
	<exInfo_list count="1">
		<exInfo value="HarddiskVolume1\DOCUME~1\xpuser\LOCALS~1\Temp\is-90V49.tmp\idp.dll" descr="动态链接库"/>
	</exInfo_list>
	</action>
 </action_list><action_list name="加载模块" level="1" descr="加载模块 HarddiskVolume1\WINDOWS\system32\wininet.dll" times="0">
	<action field="start_boot" type="Memory" name="LoadLibrary" call_pid="1928" call_name="1.tmp" call_time="21:12:35.946">
	<exInfo_list count="1">
		<exInfo value="HarddiskVolume1\WINDOWS\system32\wininet.dll" descr="动态链接库"/>
	</exInfo_list>
	</action>
 </action_list><action_list name="加载模块" level="1" descr="加载模块 HarddiskVolume1\WINDOWS\system32\crypt32.dll" times="0">
	<action field="start_boot" type="Memory" name="LoadLibrary" call_pid="1928" call_name="1.tmp" call_time="21:12:35.951">
	<exInfo_list count="1">
		<exInfo value="HarddiskVolume1\WINDOWS\system32\crypt32.dll" descr="动态链接库"/>
	</exInfo_list>
	</action>
 </action_list><action_list name="加载模块" level="1" descr="加载模块 HarddiskVolume1\WINDOWS\system32\msasn1.dll" times="0">
	<action field="start_boot" type="Memory" name="LoadLibrary" call_pid="1928" call_name="1.tmp" call_time="21:12:35.955">
	<exInfo_list count="1">
		<exInfo value="HarddiskVolume1\WINDOWS\system32\msasn1.dll" descr="动态链接库"/>
	</exInfo_list>
	</action>
 </action_list><action_list name="创建可执行程序" level="3" descr="创建可执行程序 HarddiskVolume1\DOCUME~1\xpuser\LOCALS~1\Temp\is-90V49.tmp\Parsin.dll" times="0">
	<action field="start_boot" type="File" name="WritePEFile" call_pid="1928" call_name="1.tmp" call_time="21:12:35.146">
	<exInfo_list count="1">
		<exInfo value="HarddiskVolume1\DOCUME~1\xpuser\LOCALS~1\Temp\is-90V49.tmp\Parsin.dll" descr="PE文件路径"/>
	</exInfo_list>
	</action>
 </action_list><action_list name="加载模块" level="1" descr="加载模块 HarddiskVolume1\DOCUME~1\xpuser\LOCALS~1\Temp\is-90V49.tmp\Parsin.dll" times="0">
	<action field="start_boot" type="Memory" name="LoadLibrary" call_pid="1928" call_name="1.tmp" call_time="21:12:35.183">
	<exInfo_list count="1">
		<exInfo value="HarddiskVolume1\DOCUME~1\xpuser\LOCALS~1\Temp\is-90V49.tmp\Parsin.dll" descr="动态链接库"/>
	</exInfo_list>
	</action>
 </action_list><action_list name="自我读取" level="1" descr="读取文件 HarddiskVolume1\vastest\1.exe" times="0">
	<action field="start_boot" type="File" name="ReadFile" call_pid="1928" call_name="1.tmp" call_time="21:12:36.328">
	<exInfo_list count="1">
		<exInfo value="HarddiskVolume1\vastest\1.exe" descr="文件路径"/>
	</exInfo_list>
	</action>
 </action_list><action_list name="创建可执行程序" level="3" descr="创建可执行程序 HarddiskVolume1\DOCUME~1\xpuser\LOCALS~1\Temp\is-90V49.tmp\Parscon.dll" times="0">
	<action field="start_boot" type="File" name="WritePEFile" call_pid="1928" call_name="1.tmp" call_time="21:12:36.983">
	<exInfo_list count="1">
		<exInfo value="HarddiskVolume1\DOCUME~1\xpuser\LOCALS~1\Temp\is-90V49.tmp\Parscon.dll" descr="PE文件路径"/>
	</exInfo_list>
	</action>
 </action_list><action_list name="加载模块" level="1" descr="加载模块 HarddiskVolume1\DOCUME~1\xpuser\LOCALS~1\Temp\is-90V49.tmp\Parscon.dll" times="0">
	<action field="start_boot" type="Memory" name="LoadLibrary" call_pid="1928" call_name="1.tmp" call_time="21:12:36.005">
	<exInfo_list count="1">
		<exInfo value="HarddiskVolume1\DOCUME~1\xpuser\LOCALS~1\Temp\is-90V49.tmp\Parscon.dll" descr="动态链接库"/>
	</exInfo_list>
	</action>
 </action_list><action_list name="自我读取" level="1" descr="读取文件 HarddiskVolume1\vastest\1.exe" times="0">
	<action field="start_boot" type="File" name="ReadFile" call_pid="1928" call_name="1.tmp" call_time="21:12:36.136">
	<exInfo_list count="1">
		<exInfo value="HarddiskVolume1\vastest\1.exe" descr="文件路径"/>
	</exInfo_list>
	</action>
 </action_list><action_list name="创建可执行程序" level="3" descr="创建可执行程序 HarddiskVolume1\DOCUME~1\xpuser\LOCALS~1\Temp\is-90V49.tmp\Parsdwn.dll" times="0">
	<action field="start_boot" type="File" name="WritePEFile" call_pid="1928" call_name="1.tmp" call_time="21:12:37.152">
	<exInfo_list count="1">
		<exInfo value="HarddiskVolume1\DOCUME~1\xpuser\LOCALS~1\Temp\is-90V49.tmp\Parsdwn.dll" descr="PE文件路径"/>
	</exInfo_list>
	</action>
 </action_list><action_list name="自我读取" level="1" descr="读取文件 HarddiskVolume1\vastest\1.exe" times="0">
	<action field="start_boot" type="File" name="ReadFile" call_pid="1928" call_name="1.tmp" call_time="21:12:37.153">
	<exInfo_list count="1">
		<exInfo value="HarddiskVolume1\vastest\1.exe" descr="文件路径"/>
	</exInfo_list>
	</action>
 </action_list><action_list name="创建可执行程序" level="3" descr="创建可执行程序 HarddiskVolume1\DOCUME~1\xpuser\LOCALS~1\Temp\is-90V49.tmp\Parsdwn.dll" times="0">
	<action field="start_boot" type="File" name="WritePEFile" call_pid="1928" call_name="1.tmp" call_time="21:12:37.154">
	<exInfo_list count="1">
		<exInfo value="HarddiskVolume1\DOCUME~1\xpuser\LOCALS~1\Temp\is-90V49.tmp\Parsdwn.dll" descr="PE文件路径"/>
	</exInfo_list>
	</action>
 </action_list><action_list name="自我读取" level="1" descr="读取文件 HarddiskVolume1\vastest\1.exe" times="0">
	<action field="start_boot" type="File" name="ReadFile" call_pid="1928" call_name="1.tmp" call_time="21:12:37.159">
	<exInfo_list count="1">
		<exInfo value="HarddiskVolume1\vastest\1.exe" descr="文件路径"/>
	</exInfo_list>
	</action>
 </action_list><action_list name="创建可执行程序" level="3" descr="创建可执行程序 HarddiskVolume1\DOCUME~1\xpuser\LOCALS~1\Temp\is-90V49.tmp\Parsdwn.dll" times="0">
	<action field="start_boot" type="File" name="WritePEFile" call_pid="1928" call_name="1.tmp" call_time="21:12:37.160">
	<exInfo_list count="1">
		<exInfo value="HarddiskVolume1\DOCUME~1\xpuser\LOCALS~1\Temp\is-90V49.tmp\Parsdwn.dll" descr="PE文件路径"/>
	</exInfo_list>
	</action>
 </action_list><action_list name="自我读取" level="1" descr="读取文件 HarddiskVolume1\vastest\1.exe" times="0">
	<action field="start_boot" type="File" name="ReadFile" call_pid="1928" call_name="1.tmp" call_time="21:12:37.163">
	<exInfo_list count="1">
		<exInfo value="HarddiskVolume1\vastest\1.exe" descr="文件路径"/>
	</exInfo_list>
	</action>
 </action_list><action_list name="创建可执行程序" level="3" descr="创建可执行程序 HarddiskVolume1\DOCUME~1\xpuser\LOCALS~1\Temp\is-90V49.tmp\Parsdwn.dll" times="0">
	<action field="start_boot" type="File" name="WritePEFile" call_pid="1928" call_name="1.tmp" call_time="21:12:37.164">
	<exInfo_list count="1">
		<exInfo value="HarddiskVolume1\DOCUME~1\xpuser\LOCALS~1\Temp\is-90V49.tmp\Parsdwn.dll" descr="PE文件路径"/>
	</exInfo_list>
	</action>
 </action_list><action_list name="加载模块" level="1" descr="加载模块 HarddiskVolume1\DOCUME~1\xpuser\LOCALS~1\Temp\is-90V49.tmp\Parsdwn.dll" times="0">
	<action field="start_boot" type="Memory" name="LoadLibrary" call_pid="1928" call_name="1.tmp" call_time="21:12:37.173">
	<exInfo_list count="1">
		<exInfo value="HarddiskVolume1\DOCUME~1\xpuser\LOCALS~1\Temp\is-90V49.tmp\Parsdwn.dll" descr="动态链接库"/>
	</exInfo_list>
	</action>
 </action_list><action_list name="自我读取" level="1" descr="读取文件 HarddiskVolume1\vastest\1.exe" times="0">
	<action field="start_boot" type="File" name="ReadFile" call_pid="1928" call_name="1.tmp" call_time="21:12:37.624">
	<exInfo_list count="1">
		<exInfo value="HarddiskVolume1\vastest\1.exe" descr="文件路径"/>
	</exInfo_list>
	</action>
 </action_list><action_list name="创建可执行程序" level="3" descr="创建可执行程序 HarddiskVolume1\DOCUME~1\xpuser\LOCALS~1\Temp\is-90V49.tmp\preSplashNI.dll" times="0">
	<action field="start_boot" type="File" name="WritePEFile" call_pid="1928" call_name="1.tmp" call_time="21:12:38.701">
	<exInfo_list count="1">
		<exInfo value="HarddiskVolume1\DOCUME~1\xpuser\LOCALS~1\Temp\is-90V49.tmp\preSplashNI.dll" descr="PE文件路径"/>
	</exInfo_list>
	</action>
 </action_list><action_list name="自我读取" level="1" descr="读取文件 HarddiskVolume1\vastest\1.exe" times="0">
	<action field="start_boot" type="File" name="ReadFile" call_pid="1928" call_name="1.tmp" call_time="21:12:38.852">
	<exInfo_list count="1">
		<exInfo value="HarddiskVolume1\vastest\1.exe" descr="文件路径"/>
	</exInfo_list>
	</action>
 </action_list><action_list name="创建可执行程序" level="3" descr="创建可执行程序 HarddiskVolume1\DOCUME~1\xpuser\LOCALS~1\Temp\is-90V49.tmp\preSplashNI.dll" times="0">
	<action field="start_boot" type="File" name="WritePEFile" call_pid="1928" call_name="1.tmp" call_time="21:12:38.855">
	<exInfo_list count="1">
		<exInfo value="HarddiskVolume1\DOCUME~1\xpuser\LOCALS~1\Temp\is-90V49.tmp\preSplashNI.dll" descr="PE文件路径"/>
	</exInfo_list>
	</action>
 </action_list><action_list name="自我读取" level="1" descr="读取文件 HarddiskVolume1\vastest\1.exe" times="0">
	<action field="start_boot" type="File" name="ReadFile" call_pid="1928" call_name="1.tmp" call_time="21:12:38.014">
	<exInfo_list count="1">
		<exInfo value="HarddiskVolume1\vastest\1.exe" descr="文件路径"/>
	</exInfo_list>
	</action>
 </action_list><action_list name="创建可执行程序" level="3" descr="创建可执行程序 HarddiskVolume1\DOCUME~1\xpuser\LOCALS~1\Temp\is-90V49.tmp\preSplashNI.dll" times="0">
	<action field="start_boot" type="File" name="WritePEFile" call_pid="1928" call_name="1.tmp" call_time="21:12:38.026">
	<exInfo_list count="1">
		<exInfo value="HarddiskVolume1\DOCUME~1\xpuser\LOCALS~1\Temp\is-90V49.tmp\preSplashNI.dll" descr="PE文件路径"/>
	</exInfo_list>
	</action>
 </action_list><action_list name="自我读取" level="1" descr="读取文件 HarddiskVolume1\vastest\1.exe" times="0">
	<action field="start_boot" type="File" name="ReadFile" call_pid="1928" call_name="1.tmp" call_time="21:12:38.124">
	<exInfo_list count="1">
		<exInfo value="HarddiskVolume1\vastest\1.exe" descr="文件路径"/>
	</exInfo_list>
	</action>
 </action_list><action_list name="创建可执行程序" level="3" descr="创建可执行程序 HarddiskVolume1\DOCUME~1\xpuser\LOCALS~1\Temp\is-90V49.tmp\preSplashNI.dll" times="0">
	<action field="start_boot" type="File" name="WritePEFile" call_pid="1928" call_name="1.tmp" call_time="21:12:38.129">
	<exInfo_list count="1">
		<exInfo value="HarddiskVolume1\DOCUME~1\xpuser\LOCALS~1\Temp\is-90V49.tmp\preSplashNI.dll" descr="PE文件路径"/>
	</exInfo_list>
	</action>
 </action_list><action_list name="加载模块" level="1" descr="加载模块 HarddiskVolume1\DOCUME~1\xpuser\LOCALS~1\Temp\is-90V49.tmp\preSplashNI.dll" times="0">
	<action field="start_boot" type="Memory" name="LoadLibrary" call_pid="1928" call_name="1.tmp" call_time="21:12:38.165">
	<exInfo_list count="1">
		<exInfo value="HarddiskVolume1\DOCUME~1\xpuser\LOCALS~1\Temp\is-90V49.tmp\preSplashNI.dll" descr="动态链接库"/>
	</exInfo_list>
	</action>
 </action_list><action_list name="加载模块" level="1" descr="加载模块 HarddiskVolume1\WINDOWS\system32\winmm.dll" times="0">
	<action field="start_boot" type="Memory" name="LoadLibrary" call_pid="1928" call_name="1.tmp" call_time="21:12:38.049">
	<exInfo_list count="1">
		<exInfo value="HarddiskVolume1\WINDOWS\system32\winmm.dll" descr="动态链接库"/>
	</exInfo_list>
	</action>
 </action_list><action_list name="检测分析环境" level="1" descr="通过 CpuCheck 技术检测虚拟机或调试器，逃避分析与查杀" times="0">
	<action field="start_boot" type="System" name="DetectDebugger" call_pid="1928" call_name="1.tmp" call_time="21:12:38.070">
	<exInfo_list count="1">
		<exInfo value="CpuCheck" descr="技术手段"/>
	</exInfo_list>
	</action>
 </action_list><action_list name="自我读取" level="1" descr="读取文件 HarddiskVolume1\vastest\1.exe" times="0">
	<action field="start_boot" type="File" name="ReadFile" call_pid="1928" call_name="1.tmp" call_time="21:12:38.130">
	<exInfo_list count="1">
		<exInfo value="HarddiskVolume1\vastest\1.exe" descr="文件路径"/>
	</exInfo_list>
	</action>
 </action_list><action_list name="创建可执行程序" level="3" descr="创建可执行程序 HarddiskVolume1\DOCUME~1\xpuser\LOCALS~1\Temp\is-90V49.tmp\ParsFrms.dll" times="0">
	<action field="start_boot" type="File" name="WritePEFile" call_pid="1928" call_name="1.tmp" call_time="21:12:39.149">
	<exInfo_list count="1">
		<exInfo value="HarddiskVolume1\DOCUME~1\xpuser\LOCALS~1\Temp\is-90V49.tmp\ParsFrms.dll" descr="PE文件路径"/>
	</exInfo_list>
	</action>
 </action_list><action_list name="自我读取" level="1" descr="读取文件 HarddiskVolume1\vastest\1.exe" times="0">
	<action field="start_boot" type="File" name="ReadFile" call_pid="1928" call_name="1.tmp" call_time="21:12:39.152">
	<exInfo_list count="1">
		<exInfo value="HarddiskVolume1\vastest\1.exe" descr="文件路径"/>
	</exInfo_list>
	</action>
 </action_list><action_list name="创建可执行程序" level="3" descr="创建可执行程序 HarddiskVolume1\DOCUME~1\xpuser\LOCALS~1\Temp\is-90V49.tmp\ParsFrms.dll" times="0">
	<action field="start_boot" type="File" name="WritePEFile" call_pid="1928" call_name="1.tmp" call_time="21:12:39.153">
	<exInfo_list count="1">
		<exInfo value="HarddiskVolume1\DOCUME~1\xpuser\LOCALS~1\Temp\is-90V49.tmp\ParsFrms.dll" descr="PE文件路径"/>
	</exInfo_list>
	</action>
 </action_list><action_list name="自我读取" level="1" descr="读取文件 HarddiskVolume1\vastest\1.exe" times="0">
	<action field="start_boot" type="File" name="ReadFile" call_pid="1928" call_name="1.tmp" call_time="21:12:39.160">
	<exInfo_list count="1">
		<exInfo value="HarddiskVolume1\vastest\1.exe" descr="文件路径"/>
	</exInfo_list>
	</action>
 </action_list><action_list name="创建可执行程序" level="3" descr="创建可执行程序 HarddiskVolume1\DOCUME~1\xpuser\LOCALS~1\Temp\is-90V49.tmp\ParsFrms.dll" times="0">
	<action field="start_boot" type="File" name="WritePEFile" call_pid="1928" call_name="1.tmp" call_time="21:12:39.161">
	<exInfo_list count="1">
		<exInfo value="HarddiskVolume1\DOCUME~1\xpuser\LOCALS~1\Temp\is-90V49.tmp\ParsFrms.dll" descr="PE文件路径"/>
	</exInfo_list>
	</action>
 </action_list><action_list name="自我读取" level="1" descr="读取文件 HarddiskVolume1\vastest\1.exe" times="0">
	<action field="start_boot" type="File" name="ReadFile" call_pid="1928" call_name="1.tmp" call_time="21:12:39.168">
	<exInfo_list count="1">
		<exInfo value="HarddiskVolume1\vastest\1.exe" descr="文件路径"/>
	</exInfo_list>
	</action>
 </action_list><action_list name="创建可执行程序" level="3" descr="创建可执行程序 HarddiskVolume1\DOCUME~1\xpuser\LOCALS~1\Temp\is-90V49.tmp\ParsFrms.dll" times="0">
	<action field="start_boot" type="File" name="WritePEFile" call_pid="1928" call_name="1.tmp" call_time="21:12:39.169">
	<exInfo_list count="1">
		<exInfo value="HarddiskVolume1\DOCUME~1\xpuser\LOCALS~1\Temp\is-90V49.tmp\ParsFrms.dll" descr="PE文件路径"/>
	</exInfo_list>
	</action>
 </action_list><action_list name="自我读取" level="1" descr="读取文件 HarddiskVolume1\vastest\1.exe" times="0">
	<action field="start_boot" type="File" name="ReadFile" call_pid="1928" call_name="1.tmp" call_time="21:12:39.175">
	<exInfo_list count="1">
		<exInfo value="HarddiskVolume1\vastest\1.exe" descr="文件路径"/>
	</exInfo_list>
	</action>
 </action_list><action_list name="创建可执行程序" level="3" descr="创建可执行程序 HarddiskVolume1\DOCUME~1\xpuser\LOCALS~1\Temp\is-90V49.tmp\ParsFrms.dll" times="0">
	<action field="start_boot" type="File" name="WritePEFile" call_pid="1928" call_name="1.tmp" call_time="21:12:40.176">
	<exInfo_list count="1">
		<exInfo value="HarddiskVolume1\DOCUME~1\xpuser\LOCALS~1\Temp\is-90V49.tmp\ParsFrms.dll" descr="PE文件路径"/>
	</exInfo_list>
	</action>
 </action_list><action_list name="自我读取" level="1" descr="读取文件 HarddiskVolume1\vastest\1.exe" times="0">
	<action field="start_boot" type="File" name="ReadFile" call_pid="1928" call_name="1.tmp" call_time="21:12:40.184">
	<exInfo_list count="1">
		<exInfo value="HarddiskVolume1\vastest\1.exe" descr="文件路径"/>
	</exInfo_list>
	</action>
 </action_list><action_list name="创建可执行程序" level="3" descr="创建可执行程序 HarddiskVolume1\DOCUME~1\xpuser\LOCALS~1\Temp\is-90V49.tmp\ParsFrms.dll" times="0">
	<action field="start_boot" type="File" name="WritePEFile" call_pid="1928" call_name="1.tmp" call_time="21:12:40.185">
	<exInfo_list count="1">
		<exInfo value="HarddiskVolume1\DOCUME~1\xpuser\LOCALS~1\Temp\is-90V49.tmp\ParsFrms.dll" descr="PE文件路径"/>
	</exInfo_list>
	</action>
 </action_list><action_list name="自我读取" level="1" descr="读取文件 HarddiskVolume1\vastest\1.exe" times="0">
	<action field="start_boot" type="File" name="ReadFile" call_pid="1928" call_name="1.tmp" call_time="21:12:40.188">
	<exInfo_list count="1">
		<exInfo value="HarddiskVolume1\vastest\1.exe" descr="文件路径"/>
	</exInfo_list>
	</action>
 </action_list><action_list name="创建可执行程序" level="3" descr="创建可执行程序 HarddiskVolume1\DOCUME~1\xpuser\LOCALS~1\Temp\is-90V49.tmp\ParsFrms.dll" times="0">
	<action field="start_boot" type="File" name="WritePEFile" call_pid="1928" call_name="1.tmp" call_time="21:12:40.189">
	<exInfo_list count="1">
		<exInfo value="HarddiskVolume1\DOCUME~1\xpuser\LOCALS~1\Temp\is-90V49.tmp\ParsFrms.dll" descr="PE文件路径"/>
	</exInfo_list>
	</action>
 </action_list><action_list name="自我读取" level="1" descr="读取文件 HarddiskVolume1\vastest\1.exe" times="0">
	<action field="start_boot" type="File" name="ReadFile" call_pid="1928" call_name="1.tmp" call_time="21:12:40.193">
	<exInfo_list count="1">
		<exInfo value="HarddiskVolume1\vastest\1.exe" descr="文件路径"/>
	</exInfo_list>
	</action>
 </action_list><action_list name="创建可执行程序" level="3" descr="创建可执行程序 HarddiskVolume1\DOCUME~1\xpuser\LOCALS~1\Temp\is-90V49.tmp\ParsFrms.dll" times="0">
	<action field="start_boot" type="File" name="WritePEFile" call_pid="1928" call_name="1.tmp" call_time="21:12:40.194">
	<exInfo_list count="1">
		<exInfo value="HarddiskVolume1\DOCUME~1\xpuser\LOCALS~1\Temp\is-90V49.tmp\ParsFrms.dll" descr="PE文件路径"/>
	</exInfo_list>
	</action>
 </action_list><action_list name="自我读取" level="1" descr="读取文件 HarddiskVolume1\vastest\1.exe" times="0">
	<action field="start_boot" type="File" name="ReadFile" call_pid="1928" call_name="1.tmp" call_time="21:12:40.200">
	<exInfo_list count="1">
		<exInfo value="HarddiskVolume1\vastest\1.exe" descr="文件路径"/>
	</exInfo_list>
	</action>
 </action_list><action_list name="创建可执行程序" level="3" descr="创建可执行程序 HarddiskVolume1\DOCUME~1\xpuser\LOCALS~1\Temp\is-90V49.tmp\ParsFrms.dll" times="0">
	<action field="start_boot" type="File" name="WritePEFile" call_pid="1928" call_name="1.tmp" call_time="21:12:40.201">
	<exInfo_list count="1">
		<exInfo value="HarddiskVolume1\DOCUME~1\xpuser\LOCALS~1\Temp\is-90V49.tmp\ParsFrms.dll" descr="PE文件路径"/>
	</exInfo_list>
	</action>
 </action_list><action_list name="自我读取" level="1" descr="读取文件 HarddiskVolume1\vastest\1.exe" times="0">
	<action field="start_boot" type="File" name="ReadFile" call_pid="1928" call_name="1.tmp" call_time="21:12:40.207">
	<exInfo_list count="1">
		<exInfo value="HarddiskVolume1\vastest\1.exe" descr="文件路径"/>
	</exInfo_list>
	</action>
 </action_list><action_list name="创建可执行程序" level="3" descr="创建可执行程序 HarddiskVolume1\DOCUME~1\xpuser\LOCALS~1\Temp\is-90V49.tmp\ParsFrms.dll" times="0">
	<action field="start_boot" type="File" name="WritePEFile" call_pid="1928" call_name="1.tmp" call_time="21:12:40.208">
	<exInfo_list count="1">
		<exInfo value="HarddiskVolume1\DOCUME~1\xpuser\LOCALS~1\Temp\is-90V49.tmp\ParsFrms.dll" descr="PE文件路径"/>
	</exInfo_list>
	</action>
 </action_list><action_list name="自我读取" level="1" descr="读取文件 HarddiskVolume1\vastest\1.exe" times="0">
	<action field="start_boot" type="File" name="ReadFile" call_pid="1928" call_name="1.tmp" call_time="21:12:40.212">
	<exInfo_list count="1">
		<exInfo value="HarddiskVolume1\vastest\1.exe" descr="文件路径"/>
	</exInfo_list>
	</action>
 </action_list><action_list name="创建可执行程序" level="3" descr="创建可执行程序 HarddiskVolume1\DOCUME~1\xpuser\LOCALS~1\Temp\is-90V49.tmp\ParsFrms.dll" times="0">
	<action field="start_boot" type="File" name="WritePEFile" call_pid="1928" call_name="1.tmp" call_time="21:12:40.213">
	<exInfo_list count="1">
		<exInfo value="HarddiskVolume1\DOCUME~1\xpuser\LOCALS~1\Temp\is-90V49.tmp\ParsFrms.dll" descr="PE文件路径"/>
	</exInfo_list>
	</action>
 </action_list><action_list name="自我读取" level="1" descr="读取文件 HarddiskVolume1\vastest\1.exe" times="0">
	<action field="start_boot" type="File" name="ReadFile" call_pid="1928" call_name="1.tmp" call_time="21:12:40.218">
	<exInfo_list count="1">
		<exInfo value="HarddiskVolume1\vastest\1.exe" descr="文件路径"/>
	</exInfo_list>
	</action>
 </action_list><action_list name="创建可执行程序" level="3" descr="创建可执行程序 HarddiskVolume1\DOCUME~1\xpuser\LOCALS~1\Temp\is-90V49.tmp\ParsFrms.dll" times="0">
	<action field="start_boot" type="File" name="WritePEFile" call_pid="1928" call_name="1.tmp" call_time="21:12:40.219">
	<exInfo_list count="1">
		<exInfo value="HarddiskVolume1\DOCUME~1\xpuser\LOCALS~1\Temp\is-90V49.tmp\ParsFrms.dll" descr="PE文件路径"/>
	</exInfo_list>
	</action>
 </action_list><action_list name="自我读取" level="1" descr="读取文件 HarddiskVolume1\vastest\1.exe" times="0">
	<action field="start_boot" type="File" name="ReadFile" call_pid="1928" call_name="1.tmp" call_time="21:12:41.223">
	<exInfo_list count="1">
		<exInfo value="HarddiskVolume1\vastest\1.exe" descr="文件路径"/>
	</exInfo_list>
	</action>
 </action_list><action_list name="创建可执行程序" level="3" descr="创建可执行程序 HarddiskVolume1\DOCUME~1\xpuser\LOCALS~1\Temp\is-90V49.tmp\ParsFrms.dll" times="0">
	<action field="start_boot" type="File" name="WritePEFile" call_pid="1928" call_name="1.tmp" call_time="21:12:41.224">
	<exInfo_list count="1">
		<exInfo value="HarddiskVolume1\DOCUME~1\xpuser\LOCALS~1\Temp\is-90V49.tmp\ParsFrms.dll" descr="PE文件路径"/>
	</exInfo_list>
	</action>
 </action_list><action_list name="自我读取" level="1" descr="读取文件 HarddiskVolume1\vastest\1.exe" times="0">
	<action field="start_boot" type="File" name="ReadFile" call_pid="1928" call_name="1.tmp" call_time="21:12:41.226">
	<exInfo_list count="1">
		<exInfo value="HarddiskVolume1\vastest\1.exe" descr="文件路径"/>
	</exInfo_list>
	</action>
 </action_list><action_list name="创建可执行程序" level="3" descr="创建可执行程序 HarddiskVolume1\DOCUME~1\xpuser\LOCALS~1\Temp\is-90V49.tmp\ParsFrms.dll" times="0">
	<action field="start_boot" type="File" name="WritePEFile" call_pid="1928" call_name="1.tmp" call_time="21:12:41.227">
	<exInfo_list count="1">
		<exInfo value="HarddiskVolume1\DOCUME~1\xpuser\LOCALS~1\Temp\is-90V49.tmp\ParsFrms.dll" descr="PE文件路径"/>
	</exInfo_list>
	</action>
 </action_list><action_list name="加载模块" level="1" descr="加载模块 HarddiskVolume1\DOCUME~1\xpuser\LOCALS~1\Temp\is-90V49.tmp\ParsFrms.dll" times="0">
	<action field="start_boot" type="Memory" name="LoadLibrary" call_pid="1928" call_name="1.tmp" call_time="21:12:41.240">
	<exInfo_list count="1">
		<exInfo value="HarddiskVolume1\DOCUME~1\xpuser\LOCALS~1\Temp\is-90V49.tmp\ParsFrms.dll" descr="动态链接库"/>
	</exInfo_list>
	</action>
 </action_list><action_list name="加载模块" level="1" descr="加载模块 HarddiskVolume1\WINDOWS\system32\winspool.drv" times="0">
	<action field="start_boot" type="Memory" name="LoadLibrary" call_pid="1928" call_name="1.tmp" call_time="21:12:41.298">
	<exInfo_list count="1">
		<exInfo value="HarddiskVolume1\WINDOWS\system32\winspool.drv" descr="动态链接库"/>
	</exInfo_list>
	</action>
 </action_list><action_list name="加载模块" level="1" descr="加载模块 HarddiskVolume1\WINDOWS\WinSxS\x86_Microsoft.Windows.GdiPlus_6595b64144ccf1df_1.0.2600.5512_x-ww_dfb54e0c\GdiPlus.dll" times="0">
	<action field="start_boot" type="Memory" name="LoadLibrary" call_pid="1928" call_name="1.tmp" call_time="21:12:41.317">
	<exInfo_list count="1">
		<exInfo value="HarddiskVolume1\WINDOWS\WinSxS\x86_Microsoft.Windows.GdiPlus_6595b64144ccf1df_1.0.2600.5512_x-ww_dfb54e0c\GdiPlus.dll" descr="动态链接库"/>
	</exInfo_list>
	</action>
 </action_list><action_list name="检测分析环境" level="1" descr="通过 CpuCheck 技术检测虚拟机或调试器，逃避分析与查杀" times="0">
	<action field="start_boot" type="System" name="DetectDebugger" call_pid="1928" call_name="1.tmp" call_time="21:12:41.377">
	<exInfo_list count="1">
		<exInfo value="CpuCheck" descr="技术手段"/>
	</exInfo_list>
	</action>
 </action_list><action_list name="加载模块" level="1" descr="加载模块 HarddiskVolume1\WINDOWS\system32\xpsp2res.dll" times="0">
	<action field="start_boot" type="Memory" name="LoadLibrary" call_pid="1928" call_name="1.tmp" call_time="21:12:41.507">
	<exInfo_list count="1">
		<exInfo value="HarddiskVolume1\WINDOWS\system32\xpsp2res.dll" descr="动态链接库"/>
	</exInfo_list>
	</action>
 </action_list><action_list name="加载模块" level="1" descr="加载模块 HarddiskVolume1\WINDOWS\system32\xpsp3res.dll" times="0">
	<action field="start_boot" type="Memory" name="LoadLibrary" call_pid="1928" call_name="1.tmp" call_time="21:12:41.552">
	<exInfo_list count="1">
		<exInfo value="HarddiskVolume1\WINDOWS\system32\xpsp3res.dll" descr="动态链接库"/>
	</exInfo_list>
	</action>
 </action_list><action_list name="自我读取" level="1" descr="读取文件 HarddiskVolume1\vastest\1.exe" times="0">
	<action field="start_boot" type="File" name="ReadFile" call_pid="1928" call_name="1.tmp" call_time="21:12:41.567">
	<exInfo_list count="1">
		<exInfo value="HarddiskVolume1\vastest\1.exe" descr="文件路径"/>
	</exInfo_list>
	</action>
 </action_list><action_list name="创建可执行程序" level="3" descr="创建可执行程序 HarddiskVolume1\DOCUME~1\xpuser\LOCALS~1\Temp\is-90V49.tmp\ITSplLite.dll" times="0">
	<action field="start_boot" type="File" name="WritePEFile" call_pid="1928" call_name="1.tmp" call_time="21:12:41.575">
	<exInfo_list count="1">
		<exInfo value="HarddiskVolume1\DOCUME~1\xpuser\LOCALS~1\Temp\is-90V49.tmp\ITSplLite.dll" descr="PE文件路径"/>
	</exInfo_list>
	</action>
 </action_list><action_list name="自我读取" level="1" descr="读取文件 HarddiskVolume1\vastest\1.exe" times="0">
	<action field="start_boot" type="File" name="ReadFile" call_pid="1928" call_name="1.tmp" call_time="21:12:41.576">
	<exInfo_list count="1">
		<exInfo value="HarddiskVolume1\vastest\1.exe" descr="文件路径"/>
	</exInfo_list>
	</action>
 </action_list><action_list name="创建可执行程序" level="3" descr="创建可执行程序 HarddiskVolume1\DOCUME~1\xpuser\LOCALS~1\Temp\is-90V49.tmp\ITSplLite.dll" times="0">
	<action field="start_boot" type="File" name="WritePEFile" call_pid="1928" call_name="1.tmp" call_time="21:12:42.577">
	<exInfo_list count="1">
		<exInfo value="HarddiskVolume1\DOCUME~1\xpuser\LOCALS~1\Temp\is-90V49.tmp\ITSplLite.dll" descr="PE文件路径"/>
	</exInfo_list>
	</action>
 </action_list><action_list name="自我读取" level="1" descr="读取文件 HarddiskVolume1\vastest\1.exe" times="0">
	<action field="start_boot" type="File" name="ReadFile" call_pid="1928" call_name="1.tmp" call_time="21:12:42.580">
	<exInfo_list count="1">
		<exInfo value="HarddiskVolume1\vastest\1.exe" descr="文件路径"/>
	</exInfo_list>
	</action>
 </action_list><action_list name="创建可执行程序" level="3" descr="创建可执行程序 HarddiskVolume1\DOCUME~1\xpuser\LOCALS~1\Temp\is-90V49.tmp\ITSplLite.dll" times="0">
	<action field="start_boot" type="File" name="WritePEFile" call_pid="1928" call_name="1.tmp" call_time="21:12:42.581">
	<exInfo_list count="1">
		<exInfo value="HarddiskVolume1\DOCUME~1\xpuser\LOCALS~1\Temp\is-90V49.tmp\ITSplLite.dll" descr="PE文件路径"/>
	</exInfo_list>
	</action>
 </action_list><action_list name="自我读取" level="1" descr="读取文件 HarddiskVolume1\vastest\1.exe" times="0">
	<action field="start_boot" type="File" name="ReadFile" call_pid="1928" call_name="1.tmp" call_time="21:12:42.586">
	<exInfo_list count="1">
		<exInfo value="HarddiskVolume1\vastest\1.exe" descr="文件路径"/>
	</exInfo_list>
	</action>
 </action_list><action_list name="创建可执行程序" level="3" descr="创建可执行程序 HarddiskVolume1\DOCUME~1\xpuser\LOCALS~1\Temp\is-90V49.tmp\ITSplLite.dll" times="0">
	<action field="start_boot" type="File" name="WritePEFile" call_pid="1928" call_name="1.tmp" call_time="21:12:42.587">
	<exInfo_list count="1">
		<exInfo value="HarddiskVolume1\DOCUME~1\xpuser\LOCALS~1\Temp\is-90V49.tmp\ITSplLite.dll" descr="PE文件路径"/>
	</exInfo_list>
	</action>
 </action_list><action_list name="自我读取" level="1" descr="读取文件 HarddiskVolume1\vastest\1.exe" times="0">
	<action field="start_boot" type="File" name="ReadFile" call_pid="1928" call_name="1.tmp" call_time="21:12:42.591">
	<exInfo_list count="1">
		<exInfo value="HarddiskVolume1\vastest\1.exe" descr="文件路径"/>
	</exInfo_list>
	</action>
 </action_list><action_list name="创建可执行程序" level="3" descr="创建可执行程序 HarddiskVolume1\DOCUME~1\xpuser\LOCALS~1\Temp\is-90V49.tmp\ITSplLite.dll" times="0">
	<action field="start_boot" type="File" name="WritePEFile" call_pid="1928" call_name="1.tmp" call_time="21:12:42.592">
	<exInfo_list count="1">
		<exInfo value="HarddiskVolume1\DOCUME~1\xpuser\LOCALS~1\Temp\is-90V49.tmp\ITSplLite.dll" descr="PE文件路径"/>
	</exInfo_list>
	</action>
 </action_list><action_list name="自我读取" level="1" descr="读取文件 HarddiskVolume1\vastest\1.exe" times="0">
	<action field="start_boot" type="File" name="ReadFile" call_pid="1928" call_name="1.tmp" call_time="21:12:42.597">
	<exInfo_list count="1">
		<exInfo value="HarddiskVolume1\vastest\1.exe" descr="文件路径"/>
	</exInfo_list>
	</action>
 </action_list><action_list name="创建可执行程序" level="3" descr="创建可执行程序 HarddiskVolume1\DOCUME~1\xpuser\LOCALS~1\Temp\is-90V49.tmp\ITSplLite.dll" times="0">
	<action field="start_boot" type="File" name="WritePEFile" call_pid="1928" call_name="1.tmp" call_time="21:12:42.598">
	<exInfo_list count="1">
		<exInfo value="HarddiskVolume1\DOCUME~1\xpuser\LOCALS~1\Temp\is-90V49.tmp\ITSplLite.dll" descr="PE文件路径"/>
	</exInfo_list>
	</action>
 </action_list><action_list name="自我读取" level="1" descr="读取文件 HarddiskVolume1\vastest\1.exe" times="0">
	<action field="start_boot" type="File" name="ReadFile" call_pid="1928" call_name="1.tmp" call_time="21:12:42.600">
	<exInfo_list count="1">
		<exInfo value="HarddiskVolume1\vastest\1.exe" descr="文件路径"/>
	</exInfo_list>
	</action>
 </action_list><action_list name="创建可执行程序" level="3" descr="创建可执行程序 HarddiskVolume1\DOCUME~1\xpuser\LOCALS~1\Temp\is-90V49.tmp\ITSplLite.dll" times="0">
	<action field="start_boot" type="File" name="WritePEFile" call_pid="1928" call_name="1.tmp" call_time="21:12:42.601">
	<exInfo_list count="1">
		<exInfo value="HarddiskVolume1\DOCUME~1\xpuser\LOCALS~1\Temp\is-90V49.tmp\ITSplLite.dll" descr="PE文件路径"/>
	</exInfo_list>
	</action>
 </action_list><action_list name="自我读取" level="1" descr="读取文件 HarddiskVolume1\vastest\1.exe" times="0">
	<action field="start_boot" type="File" name="ReadFile" call_pid="1928" call_name="1.tmp" call_time="21:12:42.605">
	<exInfo_list count="1">
		<exInfo value="HarddiskVolume1\vastest\1.exe" descr="文件路径"/>
	</exInfo_list>
	</action>
 </action_list><action_list name="创建可执行程序" level="3" descr="创建可执行程序 HarddiskVolume1\DOCUME~1\xpuser\LOCALS~1\Temp\is-90V49.tmp\ITSplLite.dll" times="0">
	<action field="start_boot" type="File" name="WritePEFile" call_pid="1928" call_name="1.tmp" call_time="21:12:42.606">
	<exInfo_list count="1">
		<exInfo value="HarddiskVolume1\DOCUME~1\xpuser\LOCALS~1\Temp\is-90V49.tmp\ITSplLite.dll" descr="PE文件路径"/>
	</exInfo_list>
	</action>
 </action_list><action_list name="自我读取" level="1" descr="读取文件 HarddiskVolume1\vastest\1.exe" times="0">
	<action field="start_boot" type="File" name="ReadFile" call_pid="1928" call_name="1.tmp" call_time="21:12:42.608">
	<exInfo_list count="1">
		<exInfo value="HarddiskVolume1\vastest\1.exe" descr="文件路径"/>
	</exInfo_list>
	</action>
 </action_list><action_list name="创建可执行程序" level="3" descr="创建可执行程序 HarddiskVolume1\DOCUME~1\xpuser\LOCALS~1\Temp\is-90V49.tmp\ITSplLite.dll" times="0">
	<action field="start_boot" type="File" name="WritePEFile" call_pid="1928" call_name="1.tmp" call_time="21:12:42.609">
	<exInfo_list count="1">
		<exInfo value="HarddiskVolume1\DOCUME~1\xpuser\LOCALS~1\Temp\is-90V49.tmp\ITSplLite.dll" descr="PE文件路径"/>
	</exInfo_list>
	</action>
 </action_list><action_list name="加载模块" level="1" descr="加载模块 HarddiskVolume1\DOCUME~1\xpuser\LOCALS~1\Temp\is-90V49.tmp\ITSplLite.dll" times="0">
	<action field="start_boot" type="Memory" name="LoadLibrary" call_pid="1928" call_name="1.tmp" call_time="21:12:42.618">
	<exInfo_list count="1">
		<exInfo value="HarddiskVolume1\DOCUME~1\xpuser\LOCALS~1\Temp\is-90V49.tmp\ITSplLite.dll" descr="动态链接库"/>
	</exInfo_list>
	</action>
 </action_list><action_list name="检测分析环境" level="1" descr="通过 CpuCheck 技术检测虚拟机或调试器，逃避分析与查杀" times="0">
	<action field="start_boot" type="System" name="DetectDebugger" call_pid="1928" call_name="1.tmp" call_time="21:12:42.538">
	<exInfo_list count="1">
		<exInfo value="CpuCheck" descr="技术手段"/>
	</exInfo_list>
	</action>
 </action_list><action_list name="设置注册表中键值" level="2" descr="设置注册表中键 \REGISTRY\USER\S-1-5-21-117609710-838170752-515967899-1003\SOFTWARE\MICROSOFT\WINDOWS\CURRENTVERSION\EXPLORER\SHELL FOLDERS 的值 Cache" times="0">
	<action field="start_boot" type="Reg" name="SetKeyValue" call_pid="1928" call_name="1.tmp" call_time="21:12:42.701">
	<exInfo_list count="2">
		<exInfo value="\REGISTRY\USER\S-1-5-21-117609710-838170752-515967899-1003\SOFTWARE\MICROSOFT\WINDOWS\CURRENTVERSION\EXPLORER\SHELL FOLDERS" descr="键名"/>
		<exInfo value="Cache" descr="键值"/>
	</exInfo_list>
	</action>
 </action_list><action_list name="设置注册表中键值" level="2" descr="设置注册表中键 \REGISTRY\MACHINE\SOFTWARE\MICROSOFT\WINDOWS\CURRENTVERSION\INTERNET SETTINGS\CACHE\PATHS 的值 Directory" times="0">
	<action field="start_boot" type="Reg" name="SetKeyValue" call_pid="1928" call_name="1.tmp" call_time="21:12:42.707">
	<exInfo_list count="2">
		<exInfo value="\REGISTRY\MACHINE\SOFTWARE\MICROSOFT\WINDOWS\CURRENTVERSION\INTERNET SETTINGS\CACHE\PATHS" descr="键名"/>
		<exInfo value="Directory" descr="键值"/>
	</exInfo_list>
	</action>
 </action_list><action_list name="设置注册表中键值" level="2" descr="设置注册表中键 \REGISTRY\MACHINE\SOFTWARE\MICROSOFT\WINDOWS\CURRENTVERSION\INTERNET SETTINGS\CACHE\PATHS 的值 Paths" times="0">
	<action field="start_boot" type="Reg" name="SetKeyValue" call_pid="1928" call_name="1.tmp" call_time="21:12:42.708">
	<exInfo_list count="2">
		<exInfo value="\REGISTRY\MACHINE\SOFTWARE\MICROSOFT\WINDOWS\CURRENTVERSION\INTERNET SETTINGS\CACHE\PATHS" descr="键名"/>
		<exInfo value="Paths" descr="键值"/>
	</exInfo_list>
	</action>
 </action_list><action_list name="设置注册表中键值" level="2" descr="设置注册表中键 \REGISTRY\MACHINE\SOFTWARE\MICROSOFT\WINDOWS\CURRENTVERSION\INTERNET SETTINGS\CACHE\PATHS\PATH1 的值 CachePath" times="0">
	<action field="start_boot" type="Reg" name="SetKeyValue" call_pid="1928" call_name="1.tmp" call_time="21:12:42.709">
	<exInfo_list count="2">
		<exInfo value="\REGISTRY\MACHINE\SOFTWARE\MICROSOFT\WINDOWS\CURRENTVERSION\INTERNET SETTINGS\CACHE\PATHS\PATH1" descr="键名"/>
		<exInfo value="CachePath" descr="键值"/>
	</exInfo_list>
	</action>
 </action_list><action_list name="设置注册表中键值" level="2" descr="设置注册表中键 \REGISTRY\MACHINE\SOFTWARE\MICROSOFT\WINDOWS\CURRENTVERSION\INTERNET SETTINGS\CACHE\PATHS\PATH2 的值 CachePath" times="0">
	<action field="start_boot" type="Reg" name="SetKeyValue" call_pid="1928" call_name="1.tmp" call_time="21:12:42.710">
	<exInfo_list count="2">
		<exInfo value="\REGISTRY\MACHINE\SOFTWARE\MICROSOFT\WINDOWS\CURRENTVERSION\INTERNET SETTINGS\CACHE\PATHS\PATH2" descr="键名"/>
		<exInfo value="CachePath" descr="键值"/>
	</exInfo_list>
	</action>
 </action_list><action_list name="设置注册表中键值" level="2" descr="设置注册表中键 \REGISTRY\MACHINE\SOFTWARE\MICROSOFT\WINDOWS\CURRENTVERSION\INTERNET SETTINGS\CACHE\PATHS\PATH3 的值 CachePath" times="0">
	<action field="start_boot" type="Reg" name="SetKeyValue" call_pid="1928" call_name="1.tmp" call_time="21:12:42.711">
	<exInfo_list count="2">
		<exInfo value="\REGISTRY\MACHINE\SOFTWARE\MICROSOFT\WINDOWS\CURRENTVERSION\INTERNET SETTINGS\CACHE\PATHS\PATH3" descr="键名"/>
		<exInfo value="CachePath" descr="键值"/>
	</exInfo_list>
	</action>
 </action_list><action_list name="设置注册表中键值" level="2" descr="设置注册表中键 \REGISTRY\MACHINE\SOFTWARE\MICROSOFT\WINDOWS\CURRENTVERSION\INTERNET SETTINGS\CACHE\PATHS\PATH4 的值 CachePath" times="0">
	<action field="start_boot" type="Reg" name="SetKeyValue" call_pid="1928" call_name="1.tmp" call_time="21:12:42.712">
	<exInfo_list count="2">
		<exInfo value="\REGISTRY\MACHINE\SOFTWARE\MICROSOFT\WINDOWS\CURRENTVERSION\INTERNET SETTINGS\CACHE\PATHS\PATH4" descr="键名"/>
		<exInfo value="CachePath" descr="键值"/>
	</exInfo_list>
	</action>
 </action_list><action_list name="设置注册表中键值" level="2" descr="设置注册表中键 \REGISTRY\MACHINE\SOFTWARE\MICROSOFT\WINDOWS\CURRENTVERSION\INTERNET SETTINGS\CACHE\PATHS\PATH1 的值 CacheLimit" times="0">
	<action field="start_boot" type="Reg" name="SetKeyValue" call_pid="1928" call_name="1.tmp" call_time="21:12:42.713">
	<exInfo_list count="2">
		<exInfo value="\REGISTRY\MACHINE\SOFTWARE\MICROSOFT\WINDOWS\CURRENTVERSION\INTERNET SETTINGS\CACHE\PATHS\PATH1" descr="键名"/>
		<exInfo value="CacheLimit" descr="键值"/>
	</exInfo_list>
	</action>
 </action_list><action_list name="设置注册表中键值" level="2" descr="设置注册表中键 \REGISTRY\MACHINE\SOFTWARE\MICROSOFT\WINDOWS\CURRENTVERSION\INTERNET SETTINGS\CACHE\PATHS\PATH2 的值 CacheLimit" times="0">
	<action field="start_boot" type="Reg" name="SetKeyValue" call_pid="1928" call_name="1.tmp" call_time="21:12:42.714">
	<exInfo_list count="2">
		<exInfo value="\REGISTRY\MACHINE\SOFTWARE\MICROSOFT\WINDOWS\CURRENTVERSION\INTERNET SETTINGS\CACHE\PATHS\PATH2" descr="键名"/>
		<exInfo value="CacheLimit" descr="键值"/>
	</exInfo_list>
	</action>
 </action_list><action_list name="设置注册表中键值" level="2" descr="设置注册表中键 \REGISTRY\MACHINE\SOFTWARE\MICROSOFT\WINDOWS\CURRENTVERSION\INTERNET SETTINGS\CACHE\PATHS\PATH3 的值 CacheLimit" times="0">
	<action field="start_boot" type="Reg" name="SetKeyValue" call_pid="1928" call_name="1.tmp" call_time="21:12:42.715">
	<exInfo_list count="2">
		<exInfo value="\REGISTRY\MACHINE\SOFTWARE\MICROSOFT\WINDOWS\CURRENTVERSION\INTERNET SETTINGS\CACHE\PATHS\PATH3" descr="键名"/>
		<exInfo value="CacheLimit" descr="键值"/>
	</exInfo_list>
	</action>
 </action_list><action_list name="设置注册表中键值" level="2" descr="设置注册表中键 \REGISTRY\MACHINE\SOFTWARE\MICROSOFT\WINDOWS\CURRENTVERSION\INTERNET SETTINGS\CACHE\PATHS\PATH4 的值 CacheLimit" times="0">
	<action field="start_boot" type="Reg" name="SetKeyValue" call_pid="1928" call_name="1.tmp" call_time="21:12:42.716">
	<exInfo_list count="2">
		<exInfo value="\REGISTRY\MACHINE\SOFTWARE\MICROSOFT\WINDOWS\CURRENTVERSION\INTERNET SETTINGS\CACHE\PATHS\PATH4" descr="键名"/>
		<exInfo value="CacheLimit" descr="键值"/>
	</exInfo_list>
	</action>
 </action_list><action_list name="设置注册表中键值" level="2" descr="设置注册表中键 \REGISTRY\USER\S-1-5-21-117609710-838170752-515967899-1003\SOFTWARE\MICROSOFT\WINDOWS\CURRENTVERSION\EXPLORER\SHELL FOLDERS 的值 Cookies" times="0">
	<action field="start_boot" type="Reg" name="SetKeyValue" call_pid="1928" call_name="1.tmp" call_time="21:12:42.729">
	<exInfo_list count="2">
		<exInfo value="\REGISTRY\USER\S-1-5-21-117609710-838170752-515967899-1003\SOFTWARE\MICROSOFT\WINDOWS\CURRENTVERSION\EXPLORER\SHELL FOLDERS" descr="键名"/>
		<exInfo value="Cookies" descr="键值"/>
	</exInfo_list>
	</action>
 </action_list><action_list name="设置注册表中键值" level="2" descr="设置注册表中键 \REGISTRY\USER\S-1-5-21-117609710-838170752-515967899-1003\SOFTWARE\MICROSOFT\WINDOWS\CURRENTVERSION\EXPLORER\SHELL FOLDERS 的值 History" times="0">
	<action field="start_boot" type="Reg" name="SetKeyValue" call_pid="1928" call_name="1.tmp" call_time="21:12:42.737">
	<exInfo_list count="2">
		<exInfo value="\REGISTRY\USER\S-1-5-21-117609710-838170752-515967899-1003\SOFTWARE\MICROSOFT\WINDOWS\CURRENTVERSION\EXPLORER\SHELL FOLDERS" descr="键名"/>
		<exInfo value="History" descr="键值"/>
	</exInfo_list>
	</action>
 </action_list><action_list name="检测分析环境" level="1" descr="通过 DiskOperation 技术检测虚拟机或调试器，逃避分析与查杀" times="0">
	<action field="start_boot" type="System" name="DetectDebugger" call_pid="1928" call_name="1.tmp" call_time="21:12:42.750">
	<exInfo_list count="1">
		<exInfo value="DiskOperation" descr="技术手段"/>
	</exInfo_list>
	</action>
 </action_list><action_list name="检测分析环境" level="1" descr="通过 DiskOperation 技术检测虚拟机或调试器，逃避分析与查杀" times="0">
	<action field="start_boot" type="System" name="DetectDebugger" call_pid="1928" call_name="1.tmp" call_time="21:12:42.767">
	<exInfo_list count="1">
		<exInfo value="DiskOperation" descr="技术手段"/>
	</exInfo_list>
	</action>
 </action_list><action_list name="检测分析环境" level="1" descr="通过 DiskOperation 技术检测虚拟机或调试器，逃避分析与查杀" times="0">
	<action field="start_boot" type="System" name="DetectDebugger" call_pid="1928" call_name="1.tmp" call_time="21:12:42.783">
	<exInfo_list count="1">
		<exInfo value="DiskOperation" descr="技术手段"/>
	</exInfo_list>
	</action>
 </action_list><action_list name="检测分析环境" level="1" descr="通过 sleep(60s) 技术检测虚拟机或调试器，逃避分析与查杀" times="0">
	<action field="start_boot" type="System" name="DetectDebugger" call_pid="1928" call_name="1.tmp" call_time="21:12:42.805">
	<exInfo_list count="1">
		<exInfo value="sleep(60s)" descr="技术手段"/>
	</exInfo_list>
	</action>
 </action_list><action_list name="加载模块" level="1" descr="加载模块 HarddiskVolume1\WINDOWS\system32\wsock32.dll" times="0">
	<action field="start_boot" type="Memory" name="LoadLibrary" call_pid="1928" call_name="1.tmp" call_time="21:12:42.905">
	<exInfo_list count="1">
		<exInfo value="HarddiskVolume1\WINDOWS\system32\wsock32.dll" descr="动态链接库"/>
	</exInfo_list>
	</action>
 </action_list><action_list name="加载模块" level="1" descr="加载模块 HarddiskVolume1\WINDOWS\system32\ws2_32.dll" times="0">
	<action field="start_boot" type="Memory" name="LoadLibrary" call_pid="1928" call_name="1.tmp" call_time="21:12:42.910">
	<exInfo_list count="1">
		<exInfo value="HarddiskVolume1\WINDOWS\system32\ws2_32.dll" descr="动态链接库"/>
	</exInfo_list>
	</action>
 </action_list><action_list name="加载模块" level="1" descr="加载模块 HarddiskVolume1\WINDOWS\system32\ws2help.dll" times="0">
	<action field="start_boot" type="Memory" name="LoadLibrary" call_pid="1928" call_name="1.tmp" call_time="21:12:42.921">
	<exInfo_list count="1">
		<exInfo value="HarddiskVolume1\WINDOWS\system32\ws2help.dll" descr="动态链接库"/>
	</exInfo_list>
	</action>
 </action_list><action_list name="加载模块" level="1" descr="加载模块 HarddiskVolume1\WINDOWS\system32\rasapi32.dll" times="0">
	<action field="start_boot" type="Memory" name="LoadLibrary" call_pid="1928" call_name="1.tmp" call_time="21:12:42.990">
	<exInfo_list count="1">
		<exInfo value="HarddiskVolume1\WINDOWS\system32\rasapi32.dll" descr="动态链接库"/>
	</exInfo_list>
	</action>
 </action_list><action_list name="加载模块" level="1" descr="加载模块 HarddiskVolume1\WINDOWS\system32\rasman.dll" times="0">
	<action field="start_boot" type="Memory" name="LoadLibrary" call_pid="1928" call_name="1.tmp" call_time="21:12:42.002">
	<exInfo_list count="1">
		<exInfo value="HarddiskVolume1\WINDOWS\system32\rasman.dll" descr="动态链接库"/>
	</exInfo_list>
	</action>
 </action_list><action_list name="加载模块" level="1" descr="加载模块 HarddiskVolume1\WINDOWS\system32\netapi32.dll" times="0">
	<action field="start_boot" type="Memory" name="LoadLibrary" call_pid="1928" call_name="1.tmp" call_time="21:12:42.012">
	<exInfo_list count="1">
		<exInfo value="HarddiskVolume1\WINDOWS\system32\netapi32.dll" descr="动态链接库"/>
	</exInfo_list>
	</action>
 </action_list><action_list name="加载模块" level="1" descr="加载模块 HarddiskVolume1\WINDOWS\system32\tapi32.dll" times="0">
	<action field="start_boot" type="Memory" name="LoadLibrary" call_pid="1928" call_name="1.tmp" call_time="21:12:42.025">
	<exInfo_list count="1">
		<exInfo value="HarddiskVolume1\WINDOWS\system32\tapi32.dll" descr="动态链接库"/>
	</exInfo_list>
	</action>
 </action_list><action_list name="加载模块" level="1" descr="加载模块 HarddiskVolume1\WINDOWS\system32\rtutils.dll" times="0">
	<action field="start_boot" type="Memory" name="LoadLibrary" call_pid="1928" call_name="1.tmp" call_time="21:12:42.037">
	<exInfo_list count="1">
		<exInfo value="HarddiskVolume1\WINDOWS\system32\rtutils.dll" descr="动态链接库"/>
	</exInfo_list>
	</action>
 </action_list><action_list name="检测分析环境" level="1" descr="通过 sleep(180s) 技术检测虚拟机或调试器，逃避分析与查杀" times="0">
	<action field="start_boot" type="System" name="DetectDebugger" call_pid="1928" call_name="1.tmp" call_time="21:12:42.090">
	<exInfo_list count="1">
		<exInfo value="sleep(180s)" descr="技术手段"/>
	</exInfo_list>
	</action>
 </action_list><action_list name="检测分析环境" level="1" descr="通过 MemoryOperation 技术检测虚拟机或调试器，逃避分析与查杀" times="0">
	<action field="start_boot" type="System" name="DetectDebugger" call_pid="1928" call_name="1.tmp" call_time="21:12:42.110">
	<exInfo_list count="1">
		<exInfo value="MemoryOperation" descr="技术手段"/>
	</exInfo_list>
	</action>
 </action_list><action_list name="查询系统服务" level="3" descr="查询系统服务" times="0">
	<action field="start_boot" type="System" name="AccessServices" call_pid="1928" call_name="1.tmp" call_time="21:12:42.089">
	<exInfo_list count="0">
	</exInfo_list>
	</action>
 </action_list><action_list name="创建网络连接" level="3" descr="通过 RASMAN 服务创建网络连接" times="0">
	<action field="start_boot" type="System" name="OpenService" call_pid="1928" call_name="1.tmp" call_time="21:12:42.123">
	<exInfo_list count="1">
		<exInfo value="RASMAN" descr="服务名"/>
	</exInfo_list>
	</action>
 </action_list><action_list name="检测分析环境" level="1" descr="通过 sleep(180s) 技术检测虚拟机或调试器，逃避分析与查杀" times="0">
	<action field="start_boot" type="System" name="DetectDebugger" call_pid="1928" call_name="1.tmp" call_time="21:12:42.133">
	<exInfo_list count="1">
		<exInfo value="sleep(180s)" descr="技术手段"/>
	</exInfo_list>
	</action>
 </action_list><action_list name="加载模块" level="1" descr="加载模块 HarddiskVolume1\WINDOWS\system32\sensapi.dll" times="0">
	<action field="start_boot" type="Memory" name="LoadLibrary" call_pid="1928" call_name="1.tmp" call_time="21:12:43.141">
	<exInfo_list count="1">
		<exInfo value="HarddiskVolume1\WINDOWS\system32\sensapi.dll" descr="动态链接库"/>
	</exInfo_list>
	</action>
 </action_list><action_list name="加载模块" level="1" descr="加载模块 HarddiskVolume1\WINDOWS\system32\userenv.dll" times="0">
	<action field="start_boot" type="Memory" name="LoadLibrary" call_pid="1928" call_name="1.tmp" call_time="21:12:43.196">
	<exInfo_list count="1">
		<exInfo value="HarddiskVolume1\WINDOWS\system32\userenv.dll" descr="动态链接库"/>
	</exInfo_list>
	</action>
 </action_list><action_list name="读取文件" level="2" descr="读取文件 HarddiskVolume1\AUTOEXEC.BAT" times="0">
	<action field="start_boot" type="File" name="ReadFile" call_pid="1928" call_name="1.tmp" call_time="21:12:43.309">
	<exInfo_list count="1">
		<exInfo value="HarddiskVolume1\AUTOEXEC.BAT" descr="文件路径"/>
	</exInfo_list>
	</action>
 </action_list><action_list name="设置注册表中键值" level="2" descr="设置注册表中键 \REGISTRY\MACHINE\SOFTWARE\MICROSOFT\WINDOWS\CURRENTVERSION\EXPLORER\SHELL FOLDERS 的值 Common AppData" times="0">
	<action field="start_boot" type="Reg" name="SetKeyValue" call_pid="1928" call_name="1.tmp" call_time="21:12:43.330">
	<exInfo_list count="2">
		<exInfo value="\REGISTRY\MACHINE\SOFTWARE\MICROSOFT\WINDOWS\CURRENTVERSION\EXPLORER\SHELL FOLDERS" descr="键名"/>
		<exInfo value="Common AppData" descr="键值"/>
	</exInfo_list>
	</action>
 </action_list><action_list name="读取文件" level="2" descr="读取文件 HarddiskVolume1\AUTOEXEC.BAT" times="0">
	<action field="start_boot" type="File" name="ReadFile" call_pid="1928" call_name="1.tmp" call_time="21:12:43.390">
	<exInfo_list count="1">
		<exInfo value="HarddiskVolume1\AUTOEXEC.BAT" descr="文件路径"/>
	</exInfo_list>
	</action>
 </action_list><action_list name="设置注册表中键值" level="2" descr="设置注册表中键 \REGISTRY\USER\S-1-5-21-117609710-838170752-515967899-1003\SOFTWARE\MICROSOFT\WINDOWS\CURRENTVERSION\EXPLORER\SHELL FOLDERS 的值 AppData" times="0">
	<action field="start_boot" type="Reg" name="SetKeyValue" call_pid="1928" call_name="1.tmp" call_time="21:12:43.410">
	<exInfo_list count="2">
		<exInfo value="\REGISTRY\USER\S-1-5-21-117609710-838170752-515967899-1003\SOFTWARE\MICROSOFT\WINDOWS\CURRENTVERSION\EXPLORER\SHELL FOLDERS" descr="键名"/>
		<exInfo value="AppData" descr="键值"/>
	</exInfo_list>
	</action>
 </action_list><action_list name="设置注册表中键值" level="2" descr="设置注册表中键 \REGISTRY\USER\S-1-5-21-117609710-838170752-515967899-1003\SOFTWARE\MICROSOFT\WINDOWS\CURRENTVERSION\INTERNET SETTINGS 的值 MigrateProxy" times="0">
	<action field="start_boot" type="Reg" name="SetKeyValue" call_pid="1928" call_name="1.tmp" call_time="21:12:43.415">
	<exInfo_list count="2">
		<exInfo value="\REGISTRY\USER\S-1-5-21-117609710-838170752-515967899-1003\SOFTWARE\MICROSOFT\WINDOWS\CURRENTVERSION\INTERNET SETTINGS" descr="键名"/>
		<exInfo value="MigrateProxy" descr="键值"/>
	</exInfo_list>
	</action>
 </action_list><action_list name="设置注册表中键值" level="2" descr="设置注册表中键 \REGISTRY\USER\S-1-5-21-117609710-838170752-515967899-1003\SOFTWARE\MICROSOFT\WINDOWS\CURRENTVERSION\INTERNET SETTINGS 的值 ProxyEnable" times="0">
	<action field="start_boot" type="Reg" name="SetKeyValue" call_pid="1928" call_name="1.tmp" call_time="21:12:43.426">
	<exInfo_list count="2">
		<exInfo value="\REGISTRY\USER\S-1-5-21-117609710-838170752-515967899-1003\SOFTWARE\MICROSOFT\WINDOWS\CURRENTVERSION\INTERNET SETTINGS" descr="键名"/>
		<exInfo value="ProxyEnable" descr="键值"/>
	</exInfo_list>
	</action>
 </action_list><action_list name="删除注册表键值" level="3" descr="删除注册表键 \REGISTRY\USER\S-1-5-21-117609710-838170752-515967899-1003\SOFTWARE\MICROSOFT\WINDOWS\CURRENTVERSION\INTERNET SETTINGS 的值 P" times="0">
	<action field="start_boot" type="Reg" name="DeleteKeyValue" call_pid="1928" call_name="1.tmp" call_time="21:12:43.427">
	<exInfo_list count="2">
		<exInfo value="\REGISTRY\USER\S-1-5-21-117609710-838170752-515967899-1003\SOFTWARE\MICROSOFT\WINDOWS\CURRENTVERSION\INTERNET SETTINGS" descr="键名"/>
		<exInfo value="P" descr="键值"/>
	</exInfo_list>
	</action>
 </action_list><action_list name="删除注册表键值" level="3" descr="删除注册表键 \REGISTRY\USER\S-1-5-21-117609710-838170752-515967899-1003\SOFTWARE\MICROSOFT\WINDOWS\CURRENTVERSION\INTERNET SETTINGS 的值 P" times="0">
	<action field="start_boot" type="Reg" name="DeleteKeyValue" call_pid="1928" call_name="1.tmp" call_time="21:12:43.428">
	<exInfo_list count="2">
		<exInfo value="\REGISTRY\USER\S-1-5-21-117609710-838170752-515967899-1003\SOFTWARE\MICROSOFT\WINDOWS\CURRENTVERSION\INTERNET SETTINGS" descr="键名"/>
		<exInfo value="P" descr="键值"/>
	</exInfo_list>
	</action>
 </action_list><action_list name="删除注册表键值" level="3" descr="删除注册表键 \REGISTRY\USER\S-1-5-21-117609710-838170752-515967899-1003\SOFTWARE\MICROSOFT\WINDOWS\CURRENTVERSION\INTERNET SETTINGS 的值 A" times="0">
	<action field="start_boot" type="Reg" name="DeleteKeyValue" call_pid="1928" call_name="1.tmp" call_time="21:12:43.429">
	<exInfo_list count="2">
		<exInfo value="\REGISTRY\USER\S-1-5-21-117609710-838170752-515967899-1003\SOFTWARE\MICROSOFT\WINDOWS\CURRENTVERSION\INTERNET SETTINGS" descr="键名"/>
		<exInfo value="A" descr="键值"/>
	</exInfo_list>
	</action>
 </action_list><action_list name="设置注册表中键值" level="2" descr="设置注册表中键 \REGISTRY\MACHINE\SYSTEM\CONTROLSET001\HARDWARE PROFILES\0001\SOFTWARE\MICROSOFT\WINDOWS\CURRENTVERSION\INTERNET SETTINGS 的值 ProxyEnable" times="0">
	<action field="start_boot" type="Reg" name="SetKeyValue" call_pid="1928" call_name="1.tmp" call_time="21:12:43.431">
	<exInfo_list count="2">
		<exInfo value="\REGISTRY\MACHINE\SYSTEM\CONTROLSET001\HARDWARE PROFILES\0001\SOFTWARE\MICROSOFT\WINDOWS\CURRENTVERSION\INTERNET SETTINGS" descr="键名"/>
		<exInfo value="ProxyEnable" descr="键值"/>
	</exInfo_list>
	</action>
 </action_list><action_list name="设置注册表中键值" level="2" descr="设置注册表中键 \REGISTRY\USER\S-1-5-21-117609710-838170752-515967899-1003\SOFTWARE\MICROSOFT\WINDOWS\CURRENTVERSION\INTERNET SETTINGS\CONNECTIONS 的值 SavedLegacySettings" times="0">
	<action field="start_boot" type="Reg" name="SetKeyValue" call_pid="1928" call_name="1.tmp" call_time="21:12:43.435">
	<exInfo_list count="2">
		<exInfo value="\REGISTRY\USER\S-1-5-21-117609710-838170752-515967899-1003\SOFTWARE\MICROSOFT\WINDOWS\CURRENTVERSION\INTERNET SETTINGS\CONNECTIONS" descr="键名"/>
		<exInfo value="SavedLegacySettings" descr="键值"/>
	</exInfo_list>
	</action>
 </action_list><action_list name="访问网络服务" level="3" descr="获取系统提供的socket服务" times="0">
	<action field="start_boot" type="Network" name="AccessSocketService" call_pid="1928" call_name="1.tmp" call_time="21:12:43.442">
	<exInfo_list count="0">
	</exInfo_list>
	</action>
 </action_list><action_list name="加载模块" level="1" descr="加载模块 HarddiskVolume1\WINDOWS\system32\mswsock.dll" times="0">
	<action field="start_boot" type="Memory" name="LoadLibrary" call_pid="1928" call_name="1.tmp" call_time="21:12:43.449">
	<exInfo_list count="1">
		<exInfo value="HarddiskVolume1\WINDOWS\system32\mswsock.dll" descr="动态链接库"/>
	</exInfo_list>
	</action>
 </action_list><action_list name="加载模块" level="1" descr="加载模块 HarddiskVolume1\WINDOWS\system32\dnsapi.dll" times="0">
	<action field="start_boot" type="Memory" name="LoadLibrary" call_pid="1928" call_name="1.tmp" call_time="21:12:43.469">
	<exInfo_list count="1">
		<exInfo value="HarddiskVolume1\WINDOWS\system32\dnsapi.dll" descr="动态链接库"/>
	</exInfo_list>
	</action>
 </action_list><action_list name="加载模块" level="1" descr="加载模块 HarddiskVolume1\WINDOWS\system32\rasadhlp.dll" times="0">
	<action field="start_boot" type="Memory" name="LoadLibrary" call_pid="1928" call_name="1.tmp" call_time="21:13:01.525">
	<exInfo_list count="1">
		<exInfo value="HarddiskVolume1\WINDOWS\system32\rasadhlp.dll" descr="动态链接库"/>
	</exInfo_list>
	</action>
 </action_list><action_list name="检测分析环境" level="1" descr="通过 sleep(180s) 技术检测虚拟机或调试器，逃避分析与查杀" times="0">
	<action field="start_boot" type="System" name="DetectDebugger" call_pid="1928" call_name="1.tmp" call_time="21:13:01.559">
	<exInfo_list count="1">
		<exInfo value="sleep(180s)" descr="技术手段"/>
	</exInfo_list>
	</action>
 </action_list><action_list name="查询系统服务" level="3" descr="查询系统服务" times="0">
	<action field="start_boot" type="System" name="AccessServices" call_pid="1928" call_name="1.tmp" call_time="21:13:01.558">
	<exInfo_list count="0">
	</exInfo_list>
	</action>
 </action_list><action_list name="创建网络连接" level="3" descr="通过 RASMAN 服务创建网络连接" times="0">
	<action field="start_boot" type="System" name="OpenService" call_pid="1928" call_name="1.tmp" call_time="21:13:01.562">
	<exInfo_list count="1">
		<exInfo value="RASMAN" descr="服务名"/>
	</exInfo_list>
	</action>
 </action_list><action_list name="分析结束" level="-1" descr="动态分析结束" times="0">
	<action field="start_boot" type="System" name="AnalyzeStop" call_pid="0" call_name="" call_time="21:13:29.917">
	<exInfo_list count="0">
	</exInfo_list>
	</action>
 </action_list></file>