<?xml version="1.0" encoding="UTF-8"?> 

<file name="1.exe" 文件扩展名信息="  描述：Directly executable program   使用信息: DOS, OpenVMS, Microsoft Windows, Symbian or OS/2" sha1="038d5f6d50464205e48a2e8ac4cfe069d9a8310c" md5="b800b95b2bda83275348fb61a2abd74b" CRC32="c83b996e" SSDEEP="6144:Xl57Iv1dQ3sdUl57Iv1dQ3sdiz8MtSGRxwynl57Iv1dQ3sdUl57Iv1dQ3sdiz8Mk:X/Epi/EpTMDRxH/Epi/EpTMDRxo" ImportHash="09d0478591d4f788cb3e5ea416c25237" size="477493" type="exe" error="0" virusresult="Trojan.Win32.Lunam.a," vp_name="klo07" reportType="final" exiftool="File Name                       : 1.exe--list--File Size                       : 466 kB--list--File Modification Date/Time     : 2020:01:17 23:19:12+08:00--list--File Access Date/Time           : 2020:01:17 23:19:12+08:00--list--File Inode Change Date/Time     : 2020:01:17 23:19:12+08:00--list--File Type                       : Win32 EXE--list--File Type Extension             : exe--list--MIME Type                       : application/octet-stream--list--Machine Type                    : Intel 386 or later, and compatibles--list--Time Stamp                      : 2008:11:16 11:29:47+08:00--list--PE Type                         : PE32--list--Linker Version                  : 6.0--list--Code Size                       : 106496--list--Initialized Data Size           : 32768--list--Uninitialized Data Size         : 0--list--Entry Point                     : 0x1e60--list--OS Version                      : 4.0--list--Image Version                   : 1.0--list--Subsystem Version               : 4.0--list--Subsystem                       : Windows GUI--list--Warning                         : Error processing PE data dictionary--list--" system="winxp" peinfo="加壳信息 :  PeCompact 2.xx --&amp;gt; BitSum Technologies--list--文件熵 :  7.794994 (可能存在加壳)--list--fpu反调试 :  未检测到--list--载入地址 :  正常的载入点--list--代码入口信息 :  正常的入口--list--DOS stub : :  正常--list--TLS表信息 :  未发现--list--段信息 :  2 (太少)--list--代码段 :  可能存在自修改代码--list--资源段 :  可能存在自修改代码--list--时间戳 :  未见异常--list--ASLR ：  未开启--list--DEP/NX ：  未开启--list--SEH ：  开启" AI_Scan="1" filetype="PE32 executable (GUI) Intel 80386, for MS Windows, PECompact2 compressed"><action_list name="分析开始" level="-1" descr="动态分析开始" times="0">
	<action field="start_boot" type="System" name="AnalyzeStart" call_pid="0" call_name="" call_time="23:19:31.000">
	<exInfo_list count="0">
	</exInfo_list>
	</action>
 </action_list><action_list name="分析引擎信息" level="-1" descr="12.6, 40, 2020-01-17_23:19:27==2020-01-17_23:19:31" times="0">
	<action field="start_boot" type="System" name="VasInfo" call_pid="0" call_name="" call_time="23:19:31.001">
	<exInfo_list count="3">
		<exInfo value="12.6" descr="分析引擎版本"/>
		<exInfo value="40" descr="最大并发数量"/>
		<exInfo value="2020-01-17_23:19:27==2020-01-17_23:19:31" descr="镜像加载耗时"/>
	</exInfo_list>
	</action>
 </action_list><action_list name="进程开始执行" level="1" descr="被 vasstarter.exe（1676）创建的进程开始执行" times="0">
	<action field="start_boot" type="Process" name="BeCreated" call_pid="208" call_name="vaslauncher.exe" call_time="23:19:31.002">
	<exInfo_list count="2">
		<exInfo value="vasstarter.exe" descr="父进程名"/>
		<exInfo value="1676" descr="父进程ID"/>
	</exInfo_list>
	</action>
 </action_list><action_list name="进程开始执行" level="1" descr="被 vasstarter.exe（1676）通过参数 D:\vaslauncher.exe 以 direct 方式创建的进程开始执行" times="0">
	<action field="start_boot" type="Process" name="BeCreatedEx" call_pid="208" call_name="vaslauncher.exe" call_time="23:19:31.003">
	<exInfo_list count="4">
		<exInfo value="vasstarter.exe" descr="父进程名"/>
		<exInfo value="1676" descr="父进程ID"/>
		<exInfo value="D:\vaslauncher.exe" descr="启动参数"/>
		<exInfo value="direct" descr="创建方式"/>
	</exInfo_list>
	</action>
 </action_list><action_list name="进程开始执行" level="1" descr="被 vaslauncher.exe（208）创建的进程开始执行" times="0">
	<action field="start_boot" type="Process" name="BeCreated" call_pid="2036" call_name="1.exe" call_time="23:19:34.004">
	<exInfo_list count="2">
		<exInfo value="vaslauncher.exe" descr="父进程名"/>
		<exInfo value="208" descr="父进程ID"/>
	</exInfo_list>
	</action>
 </action_list><action_list name="进程开始执行" level="1" descr="被 vaslauncher.exe（208）通过参数 &quot;C:\vastest\1.exe&quot;  以 direct 方式创建的进程开始执行" times="0">
	<action field="start_boot" type="Process" name="BeCreatedEx" call_pid="2036" call_name="1.exe" call_time="23:19:34.005">
	<exInfo_list count="4">
		<exInfo value="vaslauncher.exe" descr="父进程名"/>
		<exInfo value="208" descr="父进程ID"/>
		<exInfo value="&quot;C:\vastest\1.exe&quot; " descr="启动参数"/>
		<exInfo value="direct" descr="创建方式"/>
	</exInfo_list>
	</action>
 </action_list><action_list name="自我读取" level="1" descr="读取文件 HarddiskVolume1\vastest\1.exe" times="0">
	<action field="start_boot" type="File" name="ReadFile" call_pid="2036" call_name="1.exe" call_time="23:19:34.084">
	<exInfo_list count="1">
		<exInfo value="HarddiskVolume1\vastest\1.exe" descr="文件路径"/>
	</exInfo_list>
	</action>
 </action_list><action_list name="加载模块" level="1" descr="加载模块 HarddiskVolume1\WINDOWS\system32\user32.dll" times="0">
	<action field="start_boot" type="Memory" name="LoadLibrary" call_pid="2036" call_name="1.exe" call_time="23:19:34.110">
	<exInfo_list count="1">
		<exInfo value="HarddiskVolume1\WINDOWS\system32\user32.dll" descr="动态链接库"/>
	</exInfo_list>
	</action>
 </action_list><action_list name="加载模块" level="1" descr="加载模块 HarddiskVolume1\WINDOWS\system32\gdi32.dll" times="0">
	<action field="start_boot" type="Memory" name="LoadLibrary" call_pid="2036" call_name="1.exe" call_time="23:19:34.114">
	<exInfo_list count="1">
		<exInfo value="HarddiskVolume1\WINDOWS\system32\gdi32.dll" descr="动态链接库"/>
	</exInfo_list>
	</action>
 </action_list><action_list name="加载模块" level="1" descr="加载模块 HarddiskVolume1\WINDOWS\system32\imm32.dll" times="0">
	<action field="start_boot" type="Memory" name="LoadLibrary" call_pid="2036" call_name="1.exe" call_time="23:19:34.150">
	<exInfo_list count="1">
		<exInfo value="HarddiskVolume1\WINDOWS\system32\imm32.dll" descr="动态链接库"/>
	</exInfo_list>
	</action>
 </action_list><action_list name="加载模块" level="1" descr="加载模块 HarddiskVolume1\WINDOWS\system32\advapi32.dll" times="0">
	<action field="start_boot" type="Memory" name="LoadLibrary" call_pid="2036" call_name="1.exe" call_time="23:19:34.154">
	<exInfo_list count="1">
		<exInfo value="HarddiskVolume1\WINDOWS\system32\advapi32.dll" descr="动态链接库"/>
	</exInfo_list>
	</action>
 </action_list><action_list name="加载模块" level="1" descr="加载模块 HarddiskVolume1\WINDOWS\system32\rpcrt4.dll" times="0">
	<action field="start_boot" type="Memory" name="LoadLibrary" call_pid="2036" call_name="1.exe" call_time="23:19:34.158">
	<exInfo_list count="1">
		<exInfo value="HarddiskVolume1\WINDOWS\system32\rpcrt4.dll" descr="动态链接库"/>
	</exInfo_list>
	</action>
 </action_list><action_list name="加载模块" level="1" descr="加载模块 HarddiskVolume1\WINDOWS\system32\secur32.dll" times="0">
	<action field="start_boot" type="Memory" name="LoadLibrary" call_pid="2036" call_name="1.exe" call_time="23:19:34.164">
	<exInfo_list count="1">
		<exInfo value="HarddiskVolume1\WINDOWS\system32\secur32.dll" descr="动态链接库"/>
	</exInfo_list>
	</action>
 </action_list><action_list name="加载模块" level="1" descr="加载模块 HarddiskVolume1\WINDOWS\system32\lpk.dll" times="0">
	<action field="start_boot" type="Memory" name="LoadLibrary" call_pid="2036" call_name="1.exe" call_time="23:19:34.213">
	<exInfo_list count="1">
		<exInfo value="HarddiskVolume1\WINDOWS\system32\lpk.dll" descr="动态链接库"/>
	</exInfo_list>
	</action>
 </action_list><action_list name="加载模块" level="1" descr="加载模块 HarddiskVolume1\WINDOWS\system32\usp10.dll" times="0">
	<action field="start_boot" type="Memory" name="LoadLibrary" call_pid="2036" call_name="1.exe" call_time="23:19:34.218">
	<exInfo_list count="1">
		<exInfo value="HarddiskVolume1\WINDOWS\system32\usp10.dll" descr="动态链接库"/>
	</exInfo_list>
	</action>
 </action_list><action_list name="加载模块" level="1" descr="加载模块 HarddiskVolume1\WINDOWS\system32\msvbvm60.dll" times="0">
	<action field="start_boot" type="Memory" name="LoadLibrary" call_pid="2036" call_name="1.exe" call_time="23:19:34.352">
	<exInfo_list count="1">
		<exInfo value="HarddiskVolume1\WINDOWS\system32\msvbvm60.dll" descr="动态链接库"/>
	</exInfo_list>
	</action>
 </action_list><action_list name="加载模块" level="1" descr="加载模块 HarddiskVolume1\WINDOWS\system32\ole32.dll" times="0">
	<action field="start_boot" type="Memory" name="LoadLibrary" call_pid="2036" call_name="1.exe" call_time="23:19:34.356">
	<exInfo_list count="1">
		<exInfo value="HarddiskVolume1\WINDOWS\system32\ole32.dll" descr="动态链接库"/>
	</exInfo_list>
	</action>
 </action_list><action_list name="加载模块" level="1" descr="加载模块 HarddiskVolume1\WINDOWS\system32\msvcrt.dll" times="0">
	<action field="start_boot" type="Memory" name="LoadLibrary" call_pid="2036" call_name="1.exe" call_time="23:19:34.360">
	<exInfo_list count="1">
		<exInfo value="HarddiskVolume1\WINDOWS\system32\msvcrt.dll" descr="动态链接库"/>
	</exInfo_list>
	</action>
 </action_list><action_list name="加载模块" level="1" descr="加载模块 HarddiskVolume1\WINDOWS\system32\oleaut32.dll" times="0">
	<action field="start_boot" type="Memory" name="LoadLibrary" call_pid="2036" call_name="1.exe" call_time="23:19:34.376">
	<exInfo_list count="1">
		<exInfo value="HarddiskVolume1\WINDOWS\system32\oleaut32.dll" descr="动态链接库"/>
	</exInfo_list>
	</action>
 </action_list><action_list name="加载模块" level="1" descr="加载模块 HarddiskVolume1\WINDOWS\system32\msctf.dll" times="0">
	<action field="start_boot" type="Memory" name="LoadLibrary" call_pid="2036" call_name="1.exe" call_time="23:19:34.636">
	<exInfo_list count="1">
		<exInfo value="HarddiskVolume1\WINDOWS\system32\msctf.dll" descr="动态链接库"/>
	</exInfo_list>
	</action>
 </action_list><action_list name="加载模块" level="1" descr="加载模块 HarddiskVolume1\WINDOWS\system32\sxs.dll" times="0">
	<action field="start_boot" type="Memory" name="LoadLibrary" call_pid="2036" call_name="1.exe" call_time="23:19:34.724">
	<exInfo_list count="1">
		<exInfo value="HarddiskVolume1\WINDOWS\system32\sxs.dll" descr="动态链接库"/>
	</exInfo_list>
	</action>
 </action_list><action_list name="加载模块" level="1" descr="加载模块 HarddiskVolume1\WINDOWS\system32\version.dll" times="0">
	<action field="start_boot" type="Memory" name="LoadLibrary" call_pid="2036" call_name="1.exe" call_time="23:19:34.769">
	<exInfo_list count="1">
		<exInfo value="HarddiskVolume1\WINDOWS\system32\version.dll" descr="动态链接库"/>
	</exInfo_list>
	</action>
 </action_list><action_list name="加载模块" level="1" descr="加载模块 HarddiskVolume1\WINDOWS\system32\msctfime.ime" times="0">
	<action field="start_boot" type="Memory" name="LoadLibrary" call_pid="2036" call_name="1.exe" call_time="23:19:34.816">
	<exInfo_list count="1">
		<exInfo value="HarddiskVolume1\WINDOWS\system32\msctfime.ime" descr="动态链接库"/>
	</exInfo_list>
	</action>
 </action_list><action_list name="检测分析环境" level="1" descr="通过 sleep(30s) 技术检测虚拟机或调试器，逃避分析与查杀" times="0">
	<action field="start_boot" type="System" name="DetectDebugger" call_pid="2036" call_name="1.exe" call_time="23:19:34.007">
	<exInfo_list count="1">
		<exInfo value="sleep(30s)" descr="技术手段"/>
	</exInfo_list>
	</action>
 </action_list><action_list name="加载模块" level="1" descr="加载模块 HarddiskVolume1\WINDOWS\system32\clbcatq.dll" times="0">
	<action field="start_boot" type="Memory" name="LoadLibrary" call_pid="2036" call_name="1.exe" call_time="23:19:34.056">
	<exInfo_list count="1">
		<exInfo value="HarddiskVolume1\WINDOWS\system32\clbcatq.dll" descr="动态链接库"/>
	</exInfo_list>
	</action>
 </action_list><action_list name="加载模块" level="1" descr="加载模块 HarddiskVolume1\WINDOWS\system32\comres.dll" times="0">
	<action field="start_boot" type="Memory" name="LoadLibrary" call_pid="2036" call_name="1.exe" call_time="23:19:34.061">
	<exInfo_list count="1">
		<exInfo value="HarddiskVolume1\WINDOWS\system32\comres.dll" descr="动态链接库"/>
	</exInfo_list>
	</action>
 </action_list><action_list name="加载模块" level="1" descr="加载模块 HarddiskVolume1\WINDOWS\system32\version.dll" times="0">
	<action field="start_boot" type="Memory" name="LoadLibrary" call_pid="2036" call_name="1.exe" call_time="23:19:34.073">
	<exInfo_list count="1">
		<exInfo value="HarddiskVolume1\WINDOWS\system32\version.dll" descr="动态链接库"/>
	</exInfo_list>
	</action>
 </action_list><action_list name="读取系统文件" level="2" descr="读取文件 HarddiskVolume1\WINDOWS\Registration\R000000000007.clb" times="0">
	<action field="start_boot" type="File" name="ReadFile" call_pid="2036" call_name="1.exe" call_time="23:19:34.130">
	<exInfo_list count="1">
		<exInfo value="HarddiskVolume1\WINDOWS\Registration\R000000000007.clb" descr="文件路径"/>
	</exInfo_list>
	</action>
 </action_list><action_list name="加载模块" level="1" descr="加载模块 HarddiskVolume1\WINDOWS\system32\scrrun.dll" times="0">
	<action field="start_boot" type="Memory" name="LoadLibrary" call_pid="2036" call_name="1.exe" call_time="23:19:34.199">
	<exInfo_list count="1">
		<exInfo value="HarddiskVolume1\WINDOWS\system32\scrrun.dll" descr="动态链接库"/>
	</exInfo_list>
	</action>
 </action_list><action_list name="读取系统文件" level="2" descr="读取文件 HarddiskVolume1\WINDOWS\system32\scrrun.dll" times="0">
	<action field="start_boot" type="File" name="ReadFile" call_pid="2036" call_name="1.exe" call_time="23:19:34.236">
	<exInfo_list count="1">
		<exInfo value="HarddiskVolume1\WINDOWS\system32\scrrun.dll" descr="文件路径"/>
	</exInfo_list>
	</action>
 </action_list><action_list name="加载模块" level="1" descr="加载模块 HarddiskVolume1\WINDOWS\system32\wshom.ocx" times="0">
	<action field="start_boot" type="Memory" name="LoadLibrary" call_pid="2036" call_name="1.exe" call_time="23:19:34.401">
	<exInfo_list count="1">
		<exInfo value="HarddiskVolume1\WINDOWS\system32\wshom.ocx" descr="动态链接库"/>
	</exInfo_list>
	</action>
 </action_list><action_list name="加载模块" level="1" descr="加载模块 HarddiskVolume1\WINDOWS\system32\mpr.dll" times="0">
	<action field="start_boot" type="Memory" name="LoadLibrary" call_pid="2036" call_name="1.exe" call_time="23:19:34.428">
	<exInfo_list count="1">
		<exInfo value="HarddiskVolume1\WINDOWS\system32\mpr.dll" descr="动态链接库"/>
	</exInfo_list>
	</action>
 </action_list><action_list name="加载模块" level="1" descr="加载模块 HarddiskVolume1\WINDOWS\system32\shell32.dll" times="0">
	<action field="start_boot" type="Memory" name="LoadLibrary" call_pid="2036" call_name="1.exe" call_time="23:19:34.436">
	<exInfo_list count="1">
		<exInfo value="HarddiskVolume1\WINDOWS\system32\shell32.dll" descr="动态链接库"/>
	</exInfo_list>
	</action>
 </action_list><action_list name="加载模块" level="1" descr="加载模块 HarddiskVolume1\WINDOWS\system32\shlwapi.dll" times="0">
	<action field="start_boot" type="Memory" name="LoadLibrary" call_pid="2036" call_name="1.exe" call_time="23:19:34.448">
	<exInfo_list count="1">
		<exInfo value="HarddiskVolume1\WINDOWS\system32\shlwapi.dll" descr="动态链接库"/>
	</exInfo_list>
	</action>
 </action_list><action_list name="加载模块" level="1" descr="加载模块 HarddiskVolume1\WINDOWS\WinSxS\x86_Microsoft.Windows.Common-Controls_6595b64144ccf1df_6.0.2600.5512_x-ww_35d4ce83\comctl32.dll" times="0">
	<action field="start_boot" type="Memory" name="LoadLibrary" call_pid="2036" call_name="1.exe" call_time="23:19:34.527">
	<exInfo_list count="1">
		<exInfo value="HarddiskVolume1\WINDOWS\WinSxS\x86_Microsoft.Windows.Common-Controls_6595b64144ccf1df_6.0.2600.5512_x-ww_35d4ce83\comctl32.dll" descr="动态链接库"/>
	</exInfo_list>
	</action>
 </action_list><action_list name="加载模块" level="1" descr="加载模块 HarddiskVolume1\WINDOWS\system32\comctl32.dll" times="0">
	<action field="start_boot" type="Memory" name="LoadLibrary" call_pid="2036" call_name="1.exe" call_time="23:19:34.615">
	<exInfo_list count="1">
		<exInfo value="HarddiskVolume1\WINDOWS\system32\comctl32.dll" descr="动态链接库"/>
	</exInfo_list>
	</action>
 </action_list><action_list name="读取系统文件" level="2" descr="读取文件 HarddiskVolume1\WINDOWS\system32\zh-cn\wshom.ocx.mui" times="0">
	<action field="start_boot" type="File" name="ReadFile" call_pid="2036" call_name="1.exe" call_time="23:19:34.680">
	<exInfo_list count="1">
		<exInfo value="HarddiskVolume1\WINDOWS\system32\zh-cn\wshom.ocx.mui" descr="文件路径"/>
	</exInfo_list>
	</action>
 </action_list><action_list name="读取系统文件" level="2" descr="读取文件 HarddiskVolume1\WINDOWS\system32\wshom.ocx" times="0">
	<action field="start_boot" type="File" name="ReadFile" call_pid="2036" call_name="1.exe" call_time="23:19:34.708">
	<exInfo_list count="1">
		<exInfo value="HarddiskVolume1\WINDOWS\system32\wshom.ocx" descr="文件路径"/>
	</exInfo_list>
	</action>
 </action_list><action_list name="设置注册表中键值" level="2" descr="设置注册表中键 \REGISTRY\MACHINE\SOFTWARE\MICROSOF2\WINDO2S\C2RREN2VERSION\R2N 的值 a2scan" times="0">
	<action field="start_boot" type="Reg" name="SetKeyValue" call_pid="2036" call_name="1.exe" call_time="23:19:34.767">
	<exInfo_list count="2">
		<exInfo value="\REGISTRY\MACHINE\SOFTWARE\MICROSOF2\WINDO2S\C2RREN2VERSION\R2N" descr="键名"/>
		<exInfo value="a2scan" descr="键值"/>
	</exInfo_list>
	</action>
 </action_list><action_list name="设置注册表中键值" level="2" descr="设置注册表中键 \REGISTRY\USER\S-1-5-21-117609710-838170752-515967899-1003\SOF22ARE\MICROSOF2\WINDO2S\C2RREN2VERSION\E 的值 HideFileE2" times="0">
	<action field="start_boot" type="Reg" name="SetKeyValue" call_pid="2036" call_name="1.exe" call_time="23:19:34.779">
	<exInfo_list count="2">
		<exInfo value="\REGISTRY\USER\S-1-5-21-117609710-838170752-515967899-1003\SOF22ARE\MICROSOF2\WINDO2S\C2RREN2VERSION\E" descr="键名"/>
		<exInfo value="HideFileE2" descr="键值"/>
	</exInfo_list>
	</action>
 </action_list><action_list name="设置注册表中键值" level="2" descr="设置注册表中键 \REGISTRY\USER\S-1-5-21-117609710-838170752-515967899-1003\SOF22ARE\MICROSOF2\WINDO2S\C2RREN2VERSION\E 的值 S2perHidden" times="0">
	<action field="start_boot" type="Reg" name="SetKeyValue" call_pid="2036" call_name="1.exe" call_time="23:19:34.781">
	<exInfo_list count="2">
		<exInfo value="\REGISTRY\USER\S-1-5-21-117609710-838170752-515967899-1003\SOF22ARE\MICROSOF2\WINDO2S\C2RREN2VERSION\E" descr="键名"/>
		<exInfo value="S2perHidden" descr="键值"/>
	</exInfo_list>
	</action>
 </action_list><action_list name="设置注册表中键值" level="2" descr="设置注册表中键 \REGISTRY\USER\S-1-5-21-117609710-838170752-515967899-1003\SOF22ARE\MICROSOF2\WINDO2S\C2RREN2VERSION\E 的值 Sho2S2perHidden" times="0">
	<action field="start_boot" type="Reg" name="SetKeyValue" call_pid="2036" call_name="1.exe" call_time="23:19:34.783">
	<exInfo_list count="2">
		<exInfo value="\REGISTRY\USER\S-1-5-21-117609710-838170752-515967899-1003\SOF22ARE\MICROSOF2\WINDO2S\C2RREN2VERSION\E" descr="键名"/>
		<exInfo value="Sho2S2perHidden" descr="键值"/>
	</exInfo_list>
	</action>
 </action_list><action_list name="设置注册表中键值" level="2" descr="设置注册表中键 \REGISTRY\MACHINE\SOFTWARE\MICROSOF2\WINDO2S\C2RREN2VERSION\E 的值 Defa2l2Val2e" times="0">
	<action field="start_boot" type="Reg" name="SetKeyValue" call_pid="2036" call_name="1.exe" call_time="23:19:34.792">
	<exInfo_list count="2">
		<exInfo value="\REGISTRY\MACHINE\SOFTWARE\MICROSOF2\WINDO2S\C2RREN2VERSION\E" descr="键名"/>
		<exInfo value="Defa2l2Val2e" descr="键值"/>
	</exInfo_list>
	</action>
 </action_list><action_list name="设置注册表中键值" level="2" descr="设置注册表中键 \REGISTRY\MACHINE\SOFTWARE\MICROSOF2\WINDO2S\C2RREN2VERSION\E 的值 UncheckedVal2e" times="0">
	<action field="start_boot" type="Reg" name="SetKeyValue" call_pid="2036" call_name="1.exe" call_time="23:19:34.794">
	<exInfo_list count="2">
		<exInfo value="\REGISTRY\MACHINE\SOFTWARE\MICROSOF2\WINDO2S\C2RREN2VERSION\E" descr="键名"/>
		<exInfo value="UncheckedVal2e" descr="键值"/>
	</exInfo_list>
	</action>
 </action_list><action_list name="加载模块" level="1" descr="加载模块 HarddiskVolume1\WINDOWS\system32\apphelp.dll" times="0">
	<action field="start_boot" type="Memory" name="LoadLibrary" call_pid="2036" call_name="1.exe" call_time="23:19:34.815">
	<exInfo_list count="1">
		<exInfo value="HarddiskVolume1\WINDOWS\system32\apphelp.dll" descr="动态链接库"/>
	</exInfo_list>
	</action>
 </action_list><action_list name="映射文件" level="1" descr="映射文件 HarddiskVolume1\WINDOWS\system32\reg.exe" times="0">
	<action field="start_boot" type="File" name="ReadFileToCreate" call_pid="2036" call_name="1.exe" call_time="23:19:34.861">
	<exInfo_list count="1">
		<exInfo value="HarddiskVolume1\WINDOWS\system32\reg.exe" descr="文件路径"/>
	</exInfo_list>
	</action>
 </action_list><action_list name="创建进程" level="3" descr="创建进程  REG DELETE HKLM\SYSTEM\C2rren2Con2rolSe2\Con2rol\SafeBoo2 /f" times="0">
	<action field="start_boot" type="Process" name="CreateProcess" call_pid="2036" call_name="1.exe" call_time="23:19:34.797">
	<exInfo_list count="1">
		<exInfo value=" REG DELETE HKLM\SYSTEM\C2rren2Con2rolSe2\Con2rol\SafeBoo2 /f" descr="进程名"/>
	</exInfo_list>
	</action>
 </action_list><action_list name="加载模块" level="1" descr="加载模块 HarddiskVolume1\WINDOWS\system32\shdocvw.dll" times="0">
	<action field="start_boot" type="Memory" name="LoadLibrary" call_pid="2036" call_name="1.exe" call_time="23:19:34.058">
	<exInfo_list count="1">
		<exInfo value="HarddiskVolume1\WINDOWS\system32\shdocvw.dll" descr="动态链接库"/>
	</exInfo_list>
	</action>
 </action_list><action_list name="加载模块" level="1" descr="加载模块 HarddiskVolume1\WINDOWS\system32\crypt32.dll" times="0">
	<action field="start_boot" type="Memory" name="LoadLibrary" call_pid="2036" call_name="1.exe" call_time="23:19:34.062">
	<exInfo_list count="1">
		<exInfo value="HarddiskVolume1\WINDOWS\system32\crypt32.dll" descr="动态链接库"/>
	</exInfo_list>
	</action>
 </action_list><action_list name="加载模块" level="1" descr="加载模块 HarddiskVolume1\WINDOWS\system32\msasn1.dll" times="0">
	<action field="start_boot" type="Memory" name="LoadLibrary" call_pid="2036" call_name="1.exe" call_time="23:19:34.066">
	<exInfo_list count="1">
		<exInfo value="HarddiskVolume1\WINDOWS\system32\msasn1.dll" descr="动态链接库"/>
	</exInfo_list>
	</action>
 </action_list><action_list name="加载模块" level="1" descr="加载模块 HarddiskVolume1\WINDOWS\system32\cryptui.dll" times="0">
	<action field="start_boot" type="Memory" name="LoadLibrary" call_pid="2036" call_name="1.exe" call_time="23:19:34.084">
	<exInfo_list count="1">
		<exInfo value="HarddiskVolume1\WINDOWS\system32\cryptui.dll" descr="动态链接库"/>
	</exInfo_list>
	</action>
 </action_list><action_list name="加载模块" level="1" descr="加载模块 HarddiskVolume1\WINDOWS\system32\netapi32.dll" times="0">
	<action field="start_boot" type="Memory" name="LoadLibrary" call_pid="2036" call_name="1.exe" call_time="23:19:34.100">
	<exInfo_list count="1">
		<exInfo value="HarddiskVolume1\WINDOWS\system32\netapi32.dll" descr="动态链接库"/>
	</exInfo_list>
	</action>
 </action_list><action_list name="加载模块" level="1" descr="加载模块 HarddiskVolume1\WINDOWS\system32\wininet.dll" times="0">
	<action field="start_boot" type="Memory" name="LoadLibrary" call_pid="2036" call_name="1.exe" call_time="23:19:34.112">
	<exInfo_list count="1">
		<exInfo value="HarddiskVolume1\WINDOWS\system32\wininet.dll" descr="动态链接库"/>
	</exInfo_list>
	</action>
 </action_list><action_list name="加载模块" level="1" descr="加载模块 HarddiskVolume1\WINDOWS\system32\wintrust.dll" times="0">
	<action field="start_boot" type="Memory" name="LoadLibrary" call_pid="2036" call_name="1.exe" call_time="23:19:34.123">
	<exInfo_list count="1">
		<exInfo value="HarddiskVolume1\WINDOWS\system32\wintrust.dll" descr="动态链接库"/>
	</exInfo_list>
	</action>
 </action_list><action_list name="加载模块" level="1" descr="加载模块 HarddiskVolume1\WINDOWS\system32\imagehlp.dll" times="0">
	<action field="start_boot" type="Memory" name="LoadLibrary" call_pid="2036" call_name="1.exe" call_time="23:19:34.127">
	<exInfo_list count="1">
		<exInfo value="HarddiskVolume1\WINDOWS\system32\imagehlp.dll" descr="动态链接库"/>
	</exInfo_list>
	</action>
 </action_list><action_list name="加载模块" level="1" descr="加载模块 HarddiskVolume1\WINDOWS\system32\wldap32.dll" times="0">
	<action field="start_boot" type="Memory" name="LoadLibrary" call_pid="2036" call_name="1.exe" call_time="23:19:34.145">
	<exInfo_list count="1">
		<exInfo value="HarddiskVolume1\WINDOWS\system32\wldap32.dll" descr="动态链接库"/>
	</exInfo_list>
	</action>
 </action_list><action_list name="加载模块" level="1" descr="加载模块 HarddiskVolume1\WINDOWS\system32\riched20.dll" times="0">
	<action field="start_boot" type="Memory" name="LoadLibrary" call_pid="2036" call_name="1.exe" call_time="23:19:35.233">
	<exInfo_list count="1">
		<exInfo value="HarddiskVolume1\WINDOWS\system32\riched20.dll" descr="动态链接库"/>
	</exInfo_list>
	</action>
 </action_list><action_list name="进程开始执行" level="1" descr="被 1.exe（2036）创建的进程开始执行" times="0">
	<action field="start_boot" type="Process" name="BeCreated" call_pid="1928" call_name="reg.exe" call_time="23:19:35.267">
	<exInfo_list count="2">
		<exInfo value="1.exe" descr="父进程名"/>
		<exInfo value="2036" descr="父进程ID"/>
	</exInfo_list>
	</action>
 </action_list><action_list name="进程开始执行" level="1" descr="被 1.exe（2036）通过参数 REG DELETE HKLM\SYSTEM\C2rren2Con2rolSe2\Con2rol\SafeBoo2 /f 以 direct 方式创建的进程开始执行" times="0">
	<action field="start_boot" type="Process" name="BeCreatedEx" call_pid="1928" call_name="reg.exe" call_time="23:19:35.268">
	<exInfo_list count="4">
		<exInfo value="1.exe" descr="父进程名"/>
		<exInfo value="2036" descr="父进程ID"/>
		<exInfo value="REG DELETE HKLM\SYSTEM\C2rren2Con2rolSe2\Con2rol\SafeBoo2 /f" descr="启动参数"/>
		<exInfo value="direct" descr="创建方式"/>
	</exInfo_list>
	</action>
 </action_list><action_list name="加载模块" level="1" descr="加载模块 HarddiskVolume1\WINDOWS\system32\msvcrt.dll" times="0">
	<action field="start_boot" type="Memory" name="LoadLibrary" call_pid="1928" call_name="reg.exe" call_time="23:19:35.380">
	<exInfo_list count="1">
		<exInfo value="HarddiskVolume1\WINDOWS\system32\msvcrt.dll" descr="动态链接库"/>
	</exInfo_list>
	</action>
 </action_list><action_list name="加载模块" level="1" descr="加载模块 HarddiskVolume1\WINDOWS\system32\advapi32.dll" times="0">
	<action field="start_boot" type="Memory" name="LoadLibrary" call_pid="1928" call_name="reg.exe" call_time="23:19:35.395">
	<exInfo_list count="1">
		<exInfo value="HarddiskVolume1\WINDOWS\system32\advapi32.dll" descr="动态链接库"/>
	</exInfo_list>
	</action>
 </action_list><action_list name="加载模块" level="1" descr="加载模块 HarddiskVolume1\WINDOWS\system32\rpcrt4.dll" times="0">
	<action field="start_boot" type="Memory" name="LoadLibrary" call_pid="1928" call_name="reg.exe" call_time="23:19:35.399">
	<exInfo_list count="1">
		<exInfo value="HarddiskVolume1\WINDOWS\system32\rpcrt4.dll" descr="动态链接库"/>
	</exInfo_list>
	</action>
 </action_list><action_list name="加载模块" level="1" descr="加载模块 HarddiskVolume1\WINDOWS\system32\secur32.dll" times="0">
	<action field="start_boot" type="Memory" name="LoadLibrary" call_pid="1928" call_name="reg.exe" call_time="23:19:35.403">
	<exInfo_list count="1">
		<exInfo value="HarddiskVolume1\WINDOWS\system32\secur32.dll" descr="动态链接库"/>
	</exInfo_list>
	</action>
 </action_list><action_list name="加载模块" level="1" descr="加载模块 HarddiskVolume1\WINDOWS\system32\user32.dll" times="0">
	<action field="start_boot" type="Memory" name="LoadLibrary" call_pid="1928" call_name="reg.exe" call_time="23:19:35.407">
	<exInfo_list count="1">
		<exInfo value="HarddiskVolume1\WINDOWS\system32\user32.dll" descr="动态链接库"/>
	</exInfo_list>
	</action>
 </action_list><action_list name="加载模块" level="1" descr="加载模块 HarddiskVolume1\WINDOWS\system32\gdi32.dll" times="0">
	<action field="start_boot" type="Memory" name="LoadLibrary" call_pid="1928" call_name="reg.exe" call_time="23:19:35.411">
	<exInfo_list count="1">
		<exInfo value="HarddiskVolume1\WINDOWS\system32\gdi32.dll" descr="动态链接库"/>
	</exInfo_list>
	</action>
 </action_list><action_list name="加载模块" level="1" descr="加载模块 HarddiskVolume1\WINDOWS\system32\shimeng.dll" times="0">
	<action field="start_boot" type="Memory" name="LoadLibrary" call_pid="1928" call_name="reg.exe" call_time="23:19:35.423">
	<exInfo_list count="1">
		<exInfo value="HarddiskVolume1\WINDOWS\system32\shimeng.dll" descr="动态链接库"/>
	</exInfo_list>
	</action>
 </action_list><action_list name="加载模块" level="1" descr="加载模块 HarddiskVolume1\WINDOWS\AppPatch\acgenral.dll" times="0">
	<action field="start_boot" type="Memory" name="LoadLibrary" call_pid="1928" call_name="reg.exe" call_time="23:19:35.484">
	<exInfo_list count="1">
		<exInfo value="HarddiskVolume1\WINDOWS\AppPatch\acgenral.dll" descr="动态链接库"/>
	</exInfo_list>
	</action>
 </action_list><action_list name="加载模块" level="1" descr="加载模块 HarddiskVolume1\WINDOWS\system32\winmm.dll" times="0">
	<action field="start_boot" type="Memory" name="LoadLibrary" call_pid="1928" call_name="reg.exe" call_time="23:19:35.489">
	<exInfo_list count="1">
		<exInfo value="HarddiskVolume1\WINDOWS\system32\winmm.dll" descr="动态链接库"/>
	</exInfo_list>
	</action>
 </action_list><action_list name="加载模块" level="1" descr="加载模块 HarddiskVolume1\WINDOWS\system32\ole32.dll" times="0">
	<action field="start_boot" type="Memory" name="LoadLibrary" call_pid="1928" call_name="reg.exe" call_time="23:19:35.493">
	<exInfo_list count="1">
		<exInfo value="HarddiskVolume1\WINDOWS\system32\ole32.dll" descr="动态链接库"/>
	</exInfo_list>
	</action>
 </action_list><action_list name="加载模块" level="1" descr="加载模块 HarddiskVolume1\WINDOWS\system32\oleaut32.dll" times="0">
	<action field="start_boot" type="Memory" name="LoadLibrary" call_pid="1928" call_name="reg.exe" call_time="23:19:35.504">
	<exInfo_list count="1">
		<exInfo value="HarddiskVolume1\WINDOWS\system32\oleaut32.dll" descr="动态链接库"/>
	</exInfo_list>
	</action>
 </action_list><action_list name="加载模块" level="1" descr="加载模块 HarddiskVolume1\WINDOWS\system32\msacm32.dll" times="0">
	<action field="start_boot" type="Memory" name="LoadLibrary" call_pid="1928" call_name="reg.exe" call_time="23:19:35.517">
	<exInfo_list count="1">
		<exInfo value="HarddiskVolume1\WINDOWS\system32\msacm32.dll" descr="动态链接库"/>
	</exInfo_list>
	</action>
 </action_list><action_list name="加载模块" level="1" descr="加载模块 HarddiskVolume1\WINDOWS\system32\version.dll" times="0">
	<action field="start_boot" type="Memory" name="LoadLibrary" call_pid="1928" call_name="reg.exe" call_time="23:19:35.527">
	<exInfo_list count="1">
		<exInfo value="HarddiskVolume1\WINDOWS\system32\version.dll" descr="动态链接库"/>
	</exInfo_list>
	</action>
 </action_list><action_list name="加载模块" level="1" descr="加载模块 HarddiskVolume1\WINDOWS\system32\shell32.dll" times="0">
	<action field="start_boot" type="Memory" name="LoadLibrary" call_pid="1928" call_name="reg.exe" call_time="23:19:35.531">
	<exInfo_list count="1">
		<exInfo value="HarddiskVolume1\WINDOWS\system32\shell32.dll" descr="动态链接库"/>
	</exInfo_list>
	</action>
 </action_list><action_list name="加载模块" level="1" descr="加载模块 HarddiskVolume1\WINDOWS\system32\shlwapi.dll" times="0">
	<action field="start_boot" type="Memory" name="LoadLibrary" call_pid="1928" call_name="reg.exe" call_time="23:19:35.543">
	<exInfo_list count="1">
		<exInfo value="HarddiskVolume1\WINDOWS\system32\shlwapi.dll" descr="动态链接库"/>
	</exInfo_list>
	</action>
 </action_list><action_list name="加载模块" level="1" descr="加载模块 HarddiskVolume1\WINDOWS\system32\userenv.dll" times="0">
	<action field="start_boot" type="Memory" name="LoadLibrary" call_pid="1928" call_name="reg.exe" call_time="23:19:35.557">
	<exInfo_list count="1">
		<exInfo value="HarddiskVolume1\WINDOWS\system32\userenv.dll" descr="动态链接库"/>
	</exInfo_list>
	</action>
 </action_list><action_list name="加载模块" level="1" descr="加载模块 HarddiskVolume1\WINDOWS\system32\uxtheme.dll" times="0">
	<action field="start_boot" type="Memory" name="LoadLibrary" call_pid="1928" call_name="reg.exe" call_time="23:19:35.569">
	<exInfo_list count="1">
		<exInfo value="HarddiskVolume1\WINDOWS\system32\uxtheme.dll" descr="动态链接库"/>
	</exInfo_list>
	</action>
 </action_list><action_list name="加载模块" level="1" descr="加载模块 HarddiskVolume1\WINDOWS\system32\setupapi.dll" times="0">
	<action field="start_boot" type="Memory" name="LoadLibrary" call_pid="2036" call_name="1.exe" call_time="23:19:35.795">
	<exInfo_list count="1">
		<exInfo value="HarddiskVolume1\WINDOWS\system32\setupapi.dll" descr="动态链接库"/>
	</exInfo_list>
	</action>
 </action_list><action_list name="检测分析环境" level="1" descr="通过 MemoryOperation 技术检测虚拟机或调试器，逃避分析与查杀" times="0">
	<action field="start_boot" type="System" name="DetectDebugger" call_pid="2036" call_name="1.exe" call_time="23:19:35.859">
	<exInfo_list count="1">
		<exInfo value="MemoryOperation" descr="技术手段"/>
	</exInfo_list>
	</action>
 </action_list><action_list name="变更权限" level="3" descr="改变进程的权限" times="0">
	<action field="start_boot" type="Process" name="AdjustPrivilege" call_pid="2036" call_name="1.exe" call_time="23:19:35.903">
	<exInfo_list count="0">
	</exInfo_list>
	</action>
 </action_list><action_list name="加载模块" level="1" descr="加载模块 HarddiskVolume1\WINDOWS\system32\imm32.dll" times="0">
	<action field="start_boot" type="Memory" name="LoadLibrary" call_pid="1928" call_name="reg.exe" call_time="23:19:35.927">
	<exInfo_list count="1">
		<exInfo value="HarddiskVolume1\WINDOWS\system32\imm32.dll" descr="动态链接库"/>
	</exInfo_list>
	</action>
 </action_list><action_list name="加载模块" level="1" descr="加载模块 HarddiskVolume1\WINDOWS\system32\lpk.dll" times="0">
	<action field="start_boot" type="Memory" name="LoadLibrary" call_pid="1928" call_name="reg.exe" call_time="23:19:35.949">
	<exInfo_list count="1">
		<exInfo value="HarddiskVolume1\WINDOWS\system32\lpk.dll" descr="动态链接库"/>
	</exInfo_list>
	</action>
 </action_list><action_list name="加载模块" level="1" descr="加载模块 HarddiskVolume1\WINDOWS\system32\usp10.dll" times="0">
	<action field="start_boot" type="Memory" name="LoadLibrary" call_pid="1928" call_name="reg.exe" call_time="23:19:35.954">
	<exInfo_list count="1">
		<exInfo value="HarddiskVolume1\WINDOWS\system32\usp10.dll" descr="动态链接库"/>
	</exInfo_list>
	</action>
 </action_list><action_list name="加载模块" level="1" descr="加载模块 HarddiskVolume1\WINDOWS\WinSxS\x86_Microsoft.Windows.Common-Controls_6595b64144ccf1df_6.0.2600.5512_x-ww_35d4ce83\comctl32.dll" times="0">
	<action field="start_boot" type="Memory" name="LoadLibrary" call_pid="1928" call_name="reg.exe" call_time="23:19:35.104">
	<exInfo_list count="1">
		<exInfo value="HarddiskVolume1\WINDOWS\WinSxS\x86_Microsoft.Windows.Common-Controls_6595b64144ccf1df_6.0.2600.5512_x-ww_35d4ce83\comctl32.dll" descr="动态链接库"/>
	</exInfo_list>
	</action>
 </action_list><action_list name="加载模块" level="1" descr="加载模块 HarddiskVolume1\WINDOWS\system32\comctl32.dll" times="0">
	<action field="start_boot" type="Memory" name="LoadLibrary" call_pid="1928" call_name="reg.exe" call_time="23:19:35.205">
	<exInfo_list count="1">
		<exInfo value="HarddiskVolume1\WINDOWS\system32\comctl32.dll" descr="动态链接库"/>
	</exInfo_list>
	</action>
 </action_list><action_list name="加载模块" level="1" descr="加载模块 HarddiskVolume1\WINDOWS\system32\apphelp.dll" times="0">
	<action field="start_boot" type="Memory" name="LoadLibrary" call_pid="1928" call_name="reg.exe" call_time="23:19:35.343">
	<exInfo_list count="1">
		<exInfo value="HarddiskVolume1\WINDOWS\system32\apphelp.dll" descr="动态链接库"/>
	</exInfo_list>
	</action>
 </action_list><action_list name="映射文件" level="1" descr="映射文件 HarddiskVolume1\WINDOWS\system32\conime.exe" times="0">
	<action field="start_boot" type="File" name="ReadFileToCreate" call_pid="1928" call_name="reg.exe" call_time="23:19:35.390">
	<exInfo_list count="1">
		<exInfo value="HarddiskVolume1\WINDOWS\system32\conime.exe" descr="文件路径"/>
	</exInfo_list>
	</action>
 </action_list><action_list name="启动CUI程序" level="2" descr="通过黑框命令行执行系统命令或恶意脚本" times="0">
	<action field="start_boot" type="Process" name="CreateProcess" call_pid="1928" call_name="reg.exe" call_time="23:19:35.319">
	<exInfo_list count="1">
		<exInfo value=" C:\WINDOWS\system32\conime.exe" descr="进程名"/>
	</exInfo_list>
	</action>
 </action_list><action_list name="程序退出" level="-1" descr="reg.exe 退出" times="0">
	<action field="start_boot" type="Process" name="TerminateProcess" call_pid="1928" call_name="reg.exe" call_time="23:19:35.523">
	<exInfo_list count="1">
		<exInfo value="reg.exe" descr="结束进程名"/>
	</exInfo_list>
	</action>
 </action_list><action_list name="设置注册表中键值" level="2" descr="设置注册表中键 \REGISTRY\USER\S-1-5-21-117609710-838170752-515967899-1003\SOFTWARE\MICROSOFT\WINDOWS\CURRENTVERSION\EXPLORER\MOUNTPOINTS2\{05CFC942-435A-11E6-BABC-806D6172696F} 的值 BaseClass" times="0">
	<action field="start_boot" type="Reg" name="SetKeyValue" call_pid="2036" call_name="1.exe" call_time="23:19:35.572">
	<exInfo_list count="2">
		<exInfo value="\REGISTRY\USER\S-1-5-21-117609710-838170752-515967899-1003\SOFTWARE\MICROSOFT\WINDOWS\CURRENTVERSION\EXPLORER\MOUNTPOINTS2\{05CFC942-435A-11E6-BABC-806D6172696F}" descr="键名"/>
		<exInfo value="BaseClass" descr="键值"/>
	</exInfo_list>
	</action>
 </action_list><action_list name="设置注册表中键值" level="2" descr="设置注册表中键 \REGISTRY\USER\S-1-5-21-117609710-838170752-515967899-1003\SOFTWARE\MICROSOFT\WINDOWS\CURRENTVERSION\EXPLORER\MOUNTPOINTS2\{05CFC940-435A-11E6-BABC-806D6172696F} 的值 BaseClass" times="0">
	<action field="start_boot" type="Reg" name="SetKeyValue" call_pid="2036" call_name="1.exe" call_time="23:19:35.582">
	<exInfo_list count="2">
		<exInfo value="\REGISTRY\USER\S-1-5-21-117609710-838170752-515967899-1003\SOFTWARE\MICROSOFT\WINDOWS\CURRENTVERSION\EXPLORER\MOUNTPOINTS2\{05CFC940-435A-11E6-BABC-806D6172696F}" descr="键名"/>
		<exInfo value="BaseClass" descr="键值"/>
	</exInfo_list>
	</action>
 </action_list><action_list name="进程开始执行" level="1" descr="被 reg.exe（1928）创建的进程开始执行" times="0">
	<action field="start_boot" type="Process" name="BeCreated" call_pid="792" call_name="conime.exe" call_time="23:19:35.656">
	<exInfo_list count="2">
		<exInfo value="reg.exe" descr="父进程名"/>
		<exInfo value="1928" descr="父进程ID"/>
	</exInfo_list>
	</action>
 </action_list><action_list name="进程开始执行" level="1" descr="被 reg.exe（1928）通过参数 C:\WINDOWS\system32\conime.exe 以 direct 方式创建的进程开始执行" times="0">
	<action field="start_boot" type="Process" name="BeCreatedEx" call_pid="792" call_name="conime.exe" call_time="23:19:35.657">
	<exInfo_list count="4">
		<exInfo value="reg.exe" descr="父进程名"/>
		<exInfo value="1928" descr="父进程ID"/>
		<exInfo value="C:\WINDOWS\system32\conime.exe" descr="启动参数"/>
		<exInfo value="direct" descr="创建方式"/>
	</exInfo_list>
	</action>
 </action_list><action_list name="加载模块" level="1" descr="加载模块 HarddiskVolume1\WINDOWS\system32\user32.dll" times="0">
	<action field="start_boot" type="Memory" name="LoadLibrary" call_pid="792" call_name="conime.exe" call_time="23:19:35.724">
	<exInfo_list count="1">
		<exInfo value="HarddiskVolume1\WINDOWS\system32\user32.dll" descr="动态链接库"/>
	</exInfo_list>
	</action>
 </action_list><action_list name="加载模块" level="1" descr="加载模块 HarddiskVolume1\WINDOWS\system32\gdi32.dll" times="0">
	<action field="start_boot" type="Memory" name="LoadLibrary" call_pid="792" call_name="conime.exe" call_time="23:19:35.728">
	<exInfo_list count="1">
		<exInfo value="HarddiskVolume1\WINDOWS\system32\gdi32.dll" descr="动态链接库"/>
	</exInfo_list>
	</action>
 </action_list><action_list name="加载模块" level="1" descr="加载模块 HarddiskVolume1\WINDOWS\system32\imm32.dll" times="0">
	<action field="start_boot" type="Memory" name="LoadLibrary" call_pid="792" call_name="conime.exe" call_time="23:19:35.753">
	<exInfo_list count="1">
		<exInfo value="HarddiskVolume1\WINDOWS\system32\imm32.dll" descr="动态链接库"/>
	</exInfo_list>
	</action>
 </action_list><action_list name="加载模块" level="1" descr="加载模块 HarddiskVolume1\WINDOWS\system32\advapi32.dll" times="0">
	<action field="start_boot" type="Memory" name="LoadLibrary" call_pid="792" call_name="conime.exe" call_time="23:19:35.757">
	<exInfo_list count="1">
		<exInfo value="HarddiskVolume1\WINDOWS\system32\advapi32.dll" descr="动态链接库"/>
	</exInfo_list>
	</action>
 </action_list><action_list name="加载模块" level="1" descr="加载模块 HarddiskVolume1\WINDOWS\system32\rpcrt4.dll" times="0">
	<action field="start_boot" type="Memory" name="LoadLibrary" call_pid="792" call_name="conime.exe" call_time="23:19:35.761">
	<exInfo_list count="1">
		<exInfo value="HarddiskVolume1\WINDOWS\system32\rpcrt4.dll" descr="动态链接库"/>
	</exInfo_list>
	</action>
 </action_list><action_list name="加载模块" level="1" descr="加载模块 HarddiskVolume1\WINDOWS\system32\secur32.dll" times="0">
	<action field="start_boot" type="Memory" name="LoadLibrary" call_pid="792" call_name="conime.exe" call_time="23:19:35.765">
	<exInfo_list count="1">
		<exInfo value="HarddiskVolume1\WINDOWS\system32\secur32.dll" descr="动态链接库"/>
	</exInfo_list>
	</action>
 </action_list><action_list name="加载模块" level="1" descr="加载模块 HarddiskVolume1\WINDOWS\system32\msvcrt.dll" times="0">
	<action field="start_boot" type="Memory" name="LoadLibrary" call_pid="792" call_name="conime.exe" call_time="23:19:35.769">
	<exInfo_list count="1">
		<exInfo value="HarddiskVolume1\WINDOWS\system32\msvcrt.dll" descr="动态链接库"/>
	</exInfo_list>
	</action>
 </action_list><action_list name="加载模块" level="1" descr="加载模块 HarddiskVolume1\WINDOWS\system32\shimeng.dll" times="0">
	<action field="start_boot" type="Memory" name="LoadLibrary" call_pid="792" call_name="conime.exe" call_time="23:19:35.788">
	<exInfo_list count="1">
		<exInfo value="HarddiskVolume1\WINDOWS\system32\shimeng.dll" descr="动态链接库"/>
	</exInfo_list>
	</action>
 </action_list><action_list name="加载模块" level="1" descr="加载模块 HarddiskVolume1\WINDOWS\AppPatch\acgenral.dll" times="0">
	<action field="start_boot" type="Memory" name="LoadLibrary" call_pid="792" call_name="conime.exe" call_time="23:19:35.849">
	<exInfo_list count="1">
		<exInfo value="HarddiskVolume1\WINDOWS\AppPatch\acgenral.dll" descr="动态链接库"/>
	</exInfo_list>
	</action>
 </action_list><action_list name="加载模块" level="1" descr="加载模块 HarddiskVolume1\WINDOWS\system32\winmm.dll" times="0">
	<action field="start_boot" type="Memory" name="LoadLibrary" call_pid="792" call_name="conime.exe" call_time="23:19:35.854">
	<exInfo_list count="1">
		<exInfo value="HarddiskVolume1\WINDOWS\system32\winmm.dll" descr="动态链接库"/>
	</exInfo_list>
	</action>
 </action_list><action_list name="加载模块" level="1" descr="加载模块 HarddiskVolume1\WINDOWS\system32\ole32.dll" times="0">
	<action field="start_boot" type="Memory" name="LoadLibrary" call_pid="792" call_name="conime.exe" call_time="23:19:35.858">
	<exInfo_list count="1">
		<exInfo value="HarddiskVolume1\WINDOWS\system32\ole32.dll" descr="动态链接库"/>
	</exInfo_list>
	</action>
 </action_list><action_list name="加载模块" level="1" descr="加载模块 HarddiskVolume1\WINDOWS\system32\oleaut32.dll" times="0">
	<action field="start_boot" type="Memory" name="LoadLibrary" call_pid="792" call_name="conime.exe" call_time="23:19:35.869">
	<exInfo_list count="1">
		<exInfo value="HarddiskVolume1\WINDOWS\system32\oleaut32.dll" descr="动态链接库"/>
	</exInfo_list>
	</action>
 </action_list><action_list name="加载模块" level="1" descr="加载模块 HarddiskVolume1\WINDOWS\system32\msacm32.dll" times="0">
	<action field="start_boot" type="Memory" name="LoadLibrary" call_pid="792" call_name="conime.exe" call_time="23:19:35.882">
	<exInfo_list count="1">
		<exInfo value="HarddiskVolume1\WINDOWS\system32\msacm32.dll" descr="动态链接库"/>
	</exInfo_list>
	</action>
 </action_list><action_list name="加载模块" level="1" descr="加载模块 HarddiskVolume1\WINDOWS\system32\version.dll" times="0">
	<action field="start_boot" type="Memory" name="LoadLibrary" call_pid="792" call_name="conime.exe" call_time="23:19:35.892">
	<exInfo_list count="1">
		<exInfo value="HarddiskVolume1\WINDOWS\system32\version.dll" descr="动态链接库"/>
	</exInfo_list>
	</action>
 </action_list><action_list name="加载模块" level="1" descr="加载模块 HarddiskVolume1\WINDOWS\system32\shell32.dll" times="0">
	<action field="start_boot" type="Memory" name="LoadLibrary" call_pid="792" call_name="conime.exe" call_time="23:19:35.896">
	<exInfo_list count="1">
		<exInfo value="HarddiskVolume1\WINDOWS\system32\shell32.dll" descr="动态链接库"/>
	</exInfo_list>
	</action>
 </action_list><action_list name="加载模块" level="1" descr="加载模块 HarddiskVolume1\WINDOWS\system32\shlwapi.dll" times="0">
	<action field="start_boot" type="Memory" name="LoadLibrary" call_pid="792" call_name="conime.exe" call_time="23:19:35.908">
	<exInfo_list count="1">
		<exInfo value="HarddiskVolume1\WINDOWS\system32\shlwapi.dll" descr="动态链接库"/>
	</exInfo_list>
	</action>
 </action_list><action_list name="加载模块" level="1" descr="加载模块 HarddiskVolume1\WINDOWS\system32\userenv.dll" times="0">
	<action field="start_boot" type="Memory" name="LoadLibrary" call_pid="792" call_name="conime.exe" call_time="23:19:35.922">
	<exInfo_list count="1">
		<exInfo value="HarddiskVolume1\WINDOWS\system32\userenv.dll" descr="动态链接库"/>
	</exInfo_list>
	</action>
 </action_list><action_list name="加载模块" level="1" descr="加载模块 HarddiskVolume1\WINDOWS\system32\uxtheme.dll" times="0">
	<action field="start_boot" type="Memory" name="LoadLibrary" call_pid="792" call_name="conime.exe" call_time="23:19:35.934">
	<exInfo_list count="1">
		<exInfo value="HarddiskVolume1\WINDOWS\system32\uxtheme.dll" descr="动态链接库"/>
	</exInfo_list>
	</action>
 </action_list><action_list name="加载模块" level="1" descr="加载模块 HarddiskVolume1\WINDOWS\system32\lpk.dll" times="0">
	<action field="start_boot" type="Memory" name="LoadLibrary" call_pid="792" call_name="conime.exe" call_time="23:19:35.182">
	<exInfo_list count="1">
		<exInfo value="HarddiskVolume1\WINDOWS\system32\lpk.dll" descr="动态链接库"/>
	</exInfo_list>
	</action>
 </action_list><action_list name="加载模块" level="1" descr="加载模块 HarddiskVolume1\WINDOWS\system32\usp10.dll" times="0">
	<action field="start_boot" type="Memory" name="LoadLibrary" call_pid="792" call_name="conime.exe" call_time="23:19:35.187">
	<exInfo_list count="1">
		<exInfo value="HarddiskVolume1\WINDOWS\system32\usp10.dll" descr="动态链接库"/>
	</exInfo_list>
	</action>
 </action_list><action_list name="加载模块" level="1" descr="加载模块 HarddiskVolume1\WINDOWS\WinSxS\x86_Microsoft.Windows.Common-Controls_6595b64144ccf1df_6.0.2600.5512_x-ww_35d4ce83\comctl32.dll" times="0">
	<action field="start_boot" type="Memory" name="LoadLibrary" call_pid="792" call_name="conime.exe" call_time="23:19:35.384">
	<exInfo_list count="1">
		<exInfo value="HarddiskVolume1\WINDOWS\WinSxS\x86_Microsoft.Windows.Common-Controls_6595b64144ccf1df_6.0.2600.5512_x-ww_35d4ce83\comctl32.dll" descr="动态链接库"/>
	</exInfo_list>
	</action>
 </action_list><action_list name="加载模块" level="1" descr="加载模块 HarddiskVolume1\WINDOWS\system32\comctl32.dll" times="0">
	<action field="start_boot" type="Memory" name="LoadLibrary" call_pid="792" call_name="conime.exe" call_time="23:19:35.485">
	<exInfo_list count="1">
		<exInfo value="HarddiskVolume1\WINDOWS\system32\comctl32.dll" descr="动态链接库"/>
	</exInfo_list>
	</action>
 </action_list><action_list name="程序退出" level="-1" descr="conime.exe 退出" times="0">
	<action field="start_boot" type="Process" name="TerminateProcess" call_pid="792" call_name="conime.exe" call_time="23:19:35.578">
	<exInfo_list count="1">
		<exInfo value="conime.exe" descr="结束进程名"/>
	</exInfo_list>
	</action>
 </action_list><action_list name="检测分析环境" level="1" descr="通过 sleep(180s) 技术检测虚拟机或调试器，逃避分析与查杀" times="0">
	<action field="start_boot" type="System" name="DetectDebugger" call_pid="2036" call_name="1.exe" call_time="23:19:35.625">
	<exInfo_list count="1">
		<exInfo value="sleep(180s)" descr="技术手段"/>
	</exInfo_list>
	</action>
 </action_list><action_list name="自我读取" level="1" descr="读取文件 HarddiskVolume1\vastest\1.exe" times="0">
	<action field="start_boot" type="File" name="ReadFile" call_pid="2036" call_name="1.exe" call_time="23:19:36.875">
	<exInfo_list count="1">
		<exInfo value="HarddiskVolume1\vastest\1.exe" descr="文件路径"/>
	</exInfo_list>
	</action>
 </action_list><action_list name="创建可执行程序" level="3" descr="创建可执行程序 HarddiskVolume1\DOCUME~1\xpuser\LOCALS~1\Temp\avscan.exe" times="0">
	<action field="start_boot" type="File" name="WritePEFile" call_pid="2036" call_name="1.exe" call_time="23:19:37.211">
	<exInfo_list count="1">
		<exInfo value="HarddiskVolume1\DOCUME~1\xpuser\LOCALS~1\Temp\avscan.exe" descr="PE文件路径"/>
	</exInfo_list>
	</action>
 </action_list><action_list name="自我读取" level="1" descr="读取文件 HarddiskVolume1\vastest\1.exe" times="0">
	<action field="start_boot" type="File" name="ReadFile" call_pid="2036" call_name="1.exe" call_time="23:19:37.455">
	<exInfo_list count="1">
		<exInfo value="HarddiskVolume1\vastest\1.exe" descr="文件路径"/>
	</exInfo_list>
	</action>
 </action_list><action_list name="创建可执行程序" level="3" descr="创建可执行程序 HarddiskVolume1\WINDOWS\hosts.exe" times="0">
	<action field="start_boot" type="File" name="WritePEFile" call_pid="2036" call_name="1.exe" call_time="23:19:38.753">
	<exInfo_list count="1">
		<exInfo value="HarddiskVolume1\WINDOWS\hosts.exe" descr="PE文件路径"/>
	</exInfo_list>
	</action>
 </action_list><action_list name="修改文件属性" level="3" descr="将文件 HarddiskVolume1\DOCUME~1\xpuser\LOCALS~1\Temp\avscan.exe 的属性更改为隐藏或只读" times="0">
	<action field="start_boot" type="File" name="SetFileHiddenOrReadOnly" call_pid="2036" call_name="1.exe" call_time="23:19:39.758">
	<exInfo_list count="2">
		<exInfo value="HarddiskVolume1\DOCUME~1\xpuser\LOCALS~1\Temp\avscan.exe" descr="文件路径"/>
		<exInfo value="00000086" descr="属性"/>
	</exInfo_list>
	</action>
 </action_list><action_list name="修改文件属性" level="3" descr="将文件 HarddiskVolume1\WINDOWS 的属性更改为隐藏或只读" times="0">
	<action field="start_boot" type="File" name="SetFileHiddenOrReadOnly" call_pid="2036" call_name="1.exe" call_time="23:19:39.761">
	<exInfo_list count="2">
		<exInfo value="HarddiskVolume1\WINDOWS" descr="文件路径"/>
		<exInfo value="00000086" descr="属性"/>
	</exInfo_list>
	</action>
 </action_list><action_list name="映射文件" level="1" descr="映射文件 HarddiskVolume1\DOCUME~1\xpuser\LOCALS~1\Temp\avscan.exe" times="0">
	<action field="start_boot" type="File" name="ReadFileToCreate" call_pid="2036" call_name="1.exe" call_time="23:19:39.781">
	<exInfo_list count="1">
		<exInfo value="HarddiskVolume1\DOCUME~1\xpuser\LOCALS~1\Temp\avscan.exe" descr="文件路径"/>
	</exInfo_list>
	</action>
 </action_list><action_list name="创建进程" level="3" descr="创建进程  C:\DOCUME~1\xpuser\LOCALS~1\Temp\avscan.exe" times="0">
	<action field="start_boot" type="Process" name="CreateProcess" call_pid="2036" call_name="1.exe" call_time="23:19:39.764">
	<exInfo_list count="1">
		<exInfo value=" C:\DOCUME~1\xpuser\LOCALS~1\Temp\avscan.exe" descr="进程名"/>
	</exInfo_list>
	</action>
 </action_list><action_list name="创建进程" level="3" descr="创建进程  c:\2indo2s\W_X_C.ba2" times="0">
	<action field="start_boot" type="Process" name="CreateProcess" call_pid="2036" call_name="1.exe" call_time="23:19:39.859">
	<exInfo_list count="1">
		<exInfo value=" c:\2indo2s\W_X_C.ba2" descr="进程名"/>
	</exInfo_list>
	</action>
 </action_list><action_list name="进程开始执行" level="1" descr="被 1.exe（2036）创建的进程开始执行" times="0">
	<action field="start_boot" type="Process" name="BeCreated" call_pid="776" call_name="ntvdm.exe" call_time="23:19:39.867">
	<exInfo_list count="2">
		<exInfo value="1.exe" descr="父进程名"/>
		<exInfo value="2036" descr="父进程ID"/>
	</exInfo_list>
	</action>
 </action_list><action_list name="进程开始执行" level="1" descr="被 1.exe（2036）通过参数 &quot;C:\WINDOWS\system32\ntvdm.exe&quot; -f -i1 -o 以 direct 方式创建的进程开始执行" times="0">
	<action field="start_boot" type="Process" name="BeCreatedEx" call_pid="776" call_name="ntvdm.exe" call_time="23:19:39.868">
	<exInfo_list count="4">
		<exInfo value="1.exe" descr="父进程名"/>
		<exInfo value="2036" descr="父进程ID"/>
		<exInfo value="&quot;C:\WINDOWS\system32\ntvdm.exe&quot; -f -i1 -o" descr="启动参数"/>
		<exInfo value="direct" descr="创建方式"/>
	</exInfo_list>
	</action>
 </action_list><action_list name="不是有效的可执行程序" level="1" descr="不是有效的可执行程序" times="0">
	<action field="start_boot" type="Memory" name="LoadLibrary" call_pid="776" call_name="ntvdm.exe" call_time="23:19:39.960">
	<exInfo_list count="1">
		<exInfo value="HarddiskVolume1\WINDOWS\system32\advapi32.dll" descr="Anything"/>
	</exInfo_list>
	</action>
 </action_list><action_list name="不是有效的可执行程序" level="1" descr="不是有效的可执行程序" times="0">
	<action field="start_boot" type="Memory" name="LoadLibrary" call_pid="776" call_name="ntvdm.exe" call_time="23:19:39.964">
	<exInfo_list count="1">
		<exInfo value="HarddiskVolume1\WINDOWS\system32\rpcrt4.dll" descr="Anything"/>
	</exInfo_list>
	</action>
 </action_list><action_list name="不是有效的可执行程序" level="1" descr="不是有效的可执行程序" times="0">
	<action field="start_boot" type="Memory" name="LoadLibrary" call_pid="776" call_name="ntvdm.exe" call_time="23:19:39.968">
	<exInfo_list count="1">
		<exInfo value="HarddiskVolume1\WINDOWS\system32\secur32.dll" descr="Anything"/>
	</exInfo_list>
	</action>
 </action_list><action_list name="不是有效的可执行程序" level="1" descr="不是有效的可执行程序" times="0">
	<action field="start_boot" type="Memory" name="LoadLibrary" call_pid="776" call_name="ntvdm.exe" call_time="23:19:39.972">
	<exInfo_list count="1">
		<exInfo value="HarddiskVolume1\WINDOWS\system32\gdi32.dll" descr="Anything"/>
	</exInfo_list>
	</action>
 </action_list><action_list name="不是有效的可执行程序" level="1" descr="不是有效的可执行程序" times="0">
	<action field="start_boot" type="Memory" name="LoadLibrary" call_pid="776" call_name="ntvdm.exe" call_time="23:19:39.976">
	<exInfo_list count="1">
		<exInfo value="HarddiskVolume1\WINDOWS\system32\user32.dll" descr="Anything"/>
	</exInfo_list>
	</action>
 </action_list><action_list name="不是有效的可执行程序" level="1" descr="不是有效的可执行程序" times="0">
	<action field="start_boot" type="Memory" name="LoadLibrary" call_pid="776" call_name="ntvdm.exe" call_time="23:19:39.061">
	<exInfo_list count="1">
		<exInfo value="HarddiskVolume1\WINDOWS\system32\imm32.dll" descr="Anything"/>
	</exInfo_list>
	</action>
 </action_list><action_list name="不是有效的可执行程序" level="1" descr="不是有效的可执行程序" times="0">
	<action field="start_boot" type="Memory" name="LoadLibrary" call_pid="776" call_name="ntvdm.exe" call_time="23:19:39.088">
	<exInfo_list count="1">
		<exInfo value="HarddiskVolume1\WINDOWS\system32\lpk.dll" descr="Anything"/>
	</exInfo_list>
	</action>
 </action_list><action_list name="不是有效的可执行程序" level="1" descr="不是有效的可执行程序" times="0">
	<action field="start_boot" type="Memory" name="LoadLibrary" call_pid="776" call_name="ntvdm.exe" call_time="23:19:39.093">
	<exInfo_list count="1">
		<exInfo value="HarddiskVolume1\WINDOWS\system32\usp10.dll" descr="Anything"/>
	</exInfo_list>
	</action>
 </action_list><action_list name="不是有效的可执行程序" level="1" descr="不是有效的可执行程序" times="0">
	<action field="start_boot" type="Memory" name="LoadLibrary" call_pid="776" call_name="ntvdm.exe" call_time="23:19:39.160">
	<exInfo_list count="1">
		<exInfo value="HarddiskVolume1\WINDOWS\system32\apphelp.dll" descr="Anything"/>
	</exInfo_list>
	</action>
 </action_list><action_list name="不是有效的可执行程序" level="1" descr="不是有效的可执行程序" times="0">
	<action field="start_boot" type="Memory" name="LoadLibrary" call_pid="776" call_name="ntvdm.exe" call_time="23:19:39.202">
	<exInfo_list count="1">
		<exInfo value="HarddiskVolume1\WINDOWS\system32\version.dll" descr="Anything"/>
	</exInfo_list>
	</action>
 </action_list><action_list name="不是有效的可执行程序" level="1" descr="不是有效的可执行程序" times="0">
	<action field="start_boot" type="File" name="ReadFileToCreate" call_pid="776" call_name="ntvdm.exe" call_time="23:19:39.216">
	<exInfo_list count="1">
		<exInfo value="HarddiskVolume1\WINDOWS\system32\conime.exe" descr="Anything"/>
	</exInfo_list>
	</action>
 </action_list><action_list name="不是有效的可执行程序" level="1" descr="不是有效的可执行程序" times="0">
	<action field="start_boot" type="Process" name="CreateProcess" call_pid="776" call_name="ntvdm.exe" call_time="23:19:39.136">
	<exInfo_list count="1">
		<exInfo value=" C:\WINDOWS\system32\conime.exe" descr="Anything"/>
	</exInfo_list>
	</action>
 </action_list><action_list name="程序退出" level="-1" descr="1.exe 退出" times="0">
	<action field="start_boot" type="Process" name="TerminateProcess" call_pid="2036" call_name="1.exe" call_time="23:19:39.382">
	<exInfo_list count="1">
		<exInfo value="1.exe" descr="结束进程名"/>
	</exInfo_list>
	</action>
 </action_list><action_list name="进程开始执行" level="1" descr="被 ntvdm.exe（776）创建的进程开始执行" times="0">
	<action field="start_boot" type="Process" name="BeCreated" call_pid="800" call_name="conime.exe" call_time="23:19:39.395">
	<exInfo_list count="2">
		<exInfo value="ntvdm.exe" descr="父进程名"/>
		<exInfo value="776" descr="父进程ID"/>
	</exInfo_list>
	</action>
 </action_list><action_list name="进程开始执行" level="1" descr="被 ntvdm.exe（776）通过参数 C:\WINDOWS\system32\conime.exe 以 direct 方式创建的进程开始执行" times="0">
	<action field="start_boot" type="Process" name="BeCreatedEx" call_pid="800" call_name="conime.exe" call_time="23:19:39.396">
	<exInfo_list count="4">
		<exInfo value="ntvdm.exe" descr="父进程名"/>
		<exInfo value="776" descr="父进程ID"/>
		<exInfo value="C:\WINDOWS\system32\conime.exe" descr="启动参数"/>
		<exInfo value="direct" descr="创建方式"/>
	</exInfo_list>
	</action>
 </action_list><action_list name="加载模块" level="1" descr="加载模块 HarddiskVolume1\WINDOWS\system32\user32.dll" times="0">
	<action field="start_boot" type="Memory" name="LoadLibrary" call_pid="800" call_name="conime.exe" call_time="23:19:39.463">
	<exInfo_list count="1">
		<exInfo value="HarddiskVolume1\WINDOWS\system32\user32.dll" descr="动态链接库"/>
	</exInfo_list>
	</action>
 </action_list><action_list name="加载模块" level="1" descr="加载模块 HarddiskVolume1\WINDOWS\system32\gdi32.dll" times="0">
	<action field="start_boot" type="Memory" name="LoadLibrary" call_pid="800" call_name="conime.exe" call_time="23:19:39.467">
	<exInfo_list count="1">
		<exInfo value="HarddiskVolume1\WINDOWS\system32\gdi32.dll" descr="动态链接库"/>
	</exInfo_list>
	</action>
 </action_list><action_list name="加载模块" level="1" descr="加载模块 HarddiskVolume1\WINDOWS\system32\imm32.dll" times="0">
	<action field="start_boot" type="Memory" name="LoadLibrary" call_pid="800" call_name="conime.exe" call_time="23:19:39.478">
	<exInfo_list count="1">
		<exInfo value="HarddiskVolume1\WINDOWS\system32\imm32.dll" descr="动态链接库"/>
	</exInfo_list>
	</action>
 </action_list><action_list name="加载模块" level="1" descr="加载模块 HarddiskVolume1\WINDOWS\system32\advapi32.dll" times="0">
	<action field="start_boot" type="Memory" name="LoadLibrary" call_pid="800" call_name="conime.exe" call_time="23:19:39.482">
	<exInfo_list count="1">
		<exInfo value="HarddiskVolume1\WINDOWS\system32\advapi32.dll" descr="动态链接库"/>
	</exInfo_list>
	</action>
 </action_list><action_list name="加载模块" level="1" descr="加载模块 HarddiskVolume1\WINDOWS\system32\rpcrt4.dll" times="0">
	<action field="start_boot" type="Memory" name="LoadLibrary" call_pid="800" call_name="conime.exe" call_time="23:19:39.486">
	<exInfo_list count="1">
		<exInfo value="HarddiskVolume1\WINDOWS\system32\rpcrt4.dll" descr="动态链接库"/>
	</exInfo_list>
	</action>
 </action_list><action_list name="加载模块" level="1" descr="加载模块 HarddiskVolume1\WINDOWS\system32\secur32.dll" times="0">
	<action field="start_boot" type="Memory" name="LoadLibrary" call_pid="800" call_name="conime.exe" call_time="23:19:39.490">
	<exInfo_list count="1">
		<exInfo value="HarddiskVolume1\WINDOWS\system32\secur32.dll" descr="动态链接库"/>
	</exInfo_list>
	</action>
 </action_list><action_list name="加载模块" level="1" descr="加载模块 HarddiskVolume1\WINDOWS\system32\msvcrt.dll" times="0">
	<action field="start_boot" type="Memory" name="LoadLibrary" call_pid="800" call_name="conime.exe" call_time="23:19:39.494">
	<exInfo_list count="1">
		<exInfo value="HarddiskVolume1\WINDOWS\system32\msvcrt.dll" descr="动态链接库"/>
	</exInfo_list>
	</action>
 </action_list><action_list name="加载模块" level="1" descr="加载模块 HarddiskVolume1\WINDOWS\system32\shimeng.dll" times="0">
	<action field="start_boot" type="Memory" name="LoadLibrary" call_pid="800" call_name="conime.exe" call_time="23:19:39.513">
	<exInfo_list count="1">
		<exInfo value="HarddiskVolume1\WINDOWS\system32\shimeng.dll" descr="动态链接库"/>
	</exInfo_list>
	</action>
 </action_list><action_list name="加载模块" level="1" descr="加载模块 HarddiskVolume1\WINDOWS\AppPatch\acgenral.dll" times="0">
	<action field="start_boot" type="Memory" name="LoadLibrary" call_pid="800" call_name="conime.exe" call_time="23:19:39.578">
	<exInfo_list count="1">
		<exInfo value="HarddiskVolume1\WINDOWS\AppPatch\acgenral.dll" descr="动态链接库"/>
	</exInfo_list>
	</action>
 </action_list><action_list name="加载模块" level="1" descr="加载模块 HarddiskVolume1\WINDOWS\system32\winmm.dll" times="0">
	<action field="start_boot" type="Memory" name="LoadLibrary" call_pid="800" call_name="conime.exe" call_time="23:19:39.583">
	<exInfo_list count="1">
		<exInfo value="HarddiskVolume1\WINDOWS\system32\winmm.dll" descr="动态链接库"/>
	</exInfo_list>
	</action>
 </action_list><action_list name="加载模块" level="1" descr="加载模块 HarddiskVolume1\WINDOWS\system32\ole32.dll" times="0">
	<action field="start_boot" type="Memory" name="LoadLibrary" call_pid="800" call_name="conime.exe" call_time="23:19:39.587">
	<exInfo_list count="1">
		<exInfo value="HarddiskVolume1\WINDOWS\system32\ole32.dll" descr="动态链接库"/>
	</exInfo_list>
	</action>
 </action_list><action_list name="加载模块" level="1" descr="加载模块 HarddiskVolume1\WINDOWS\system32\oleaut32.dll" times="0">
	<action field="start_boot" type="Memory" name="LoadLibrary" call_pid="800" call_name="conime.exe" call_time="23:19:39.598">
	<exInfo_list count="1">
		<exInfo value="HarddiskVolume1\WINDOWS\system32\oleaut32.dll" descr="动态链接库"/>
	</exInfo_list>
	</action>
 </action_list><action_list name="加载模块" level="1" descr="加载模块 HarddiskVolume1\WINDOWS\system32\msacm32.dll" times="0">
	<action field="start_boot" type="Memory" name="LoadLibrary" call_pid="800" call_name="conime.exe" call_time="23:19:39.611">
	<exInfo_list count="1">
		<exInfo value="HarddiskVolume1\WINDOWS\system32\msacm32.dll" descr="动态链接库"/>
	</exInfo_list>
	</action>
 </action_list><action_list name="加载模块" level="1" descr="加载模块 HarddiskVolume1\WINDOWS\system32\version.dll" times="0">
	<action field="start_boot" type="Memory" name="LoadLibrary" call_pid="800" call_name="conime.exe" call_time="23:19:39.621">
	<exInfo_list count="1">
		<exInfo value="HarddiskVolume1\WINDOWS\system32\version.dll" descr="动态链接库"/>
	</exInfo_list>
	</action>
 </action_list><action_list name="加载模块" level="1" descr="加载模块 HarddiskVolume1\WINDOWS\system32\shell32.dll" times="0">
	<action field="start_boot" type="Memory" name="LoadLibrary" call_pid="800" call_name="conime.exe" call_time="23:19:39.625">
	<exInfo_list count="1">
		<exInfo value="HarddiskVolume1\WINDOWS\system32\shell32.dll" descr="动态链接库"/>
	</exInfo_list>
	</action>
 </action_list><action_list name="加载模块" level="1" descr="加载模块 HarddiskVolume1\WINDOWS\system32\shlwapi.dll" times="0">
	<action field="start_boot" type="Memory" name="LoadLibrary" call_pid="800" call_name="conime.exe" call_time="23:19:39.637">
	<exInfo_list count="1">
		<exInfo value="HarddiskVolume1\WINDOWS\system32\shlwapi.dll" descr="动态链接库"/>
	</exInfo_list>
	</action>
 </action_list><action_list name="加载模块" level="1" descr="加载模块 HarddiskVolume1\WINDOWS\system32\userenv.dll" times="0">
	<action field="start_boot" type="Memory" name="LoadLibrary" call_pid="800" call_name="conime.exe" call_time="23:19:39.651">
	<exInfo_list count="1">
		<exInfo value="HarddiskVolume1\WINDOWS\system32\userenv.dll" descr="动态链接库"/>
	</exInfo_list>
	</action>
 </action_list><action_list name="加载模块" level="1" descr="加载模块 HarddiskVolume1\WINDOWS\system32\uxtheme.dll" times="0">
	<action field="start_boot" type="Memory" name="LoadLibrary" call_pid="800" call_name="conime.exe" call_time="23:19:39.663">
	<exInfo_list count="1">
		<exInfo value="HarddiskVolume1\WINDOWS\system32\uxtheme.dll" descr="动态链接库"/>
	</exInfo_list>
	</action>
 </action_list><action_list name="加载模块" level="1" descr="加载模块 HarddiskVolume1\WINDOWS\system32\lpk.dll" times="0">
	<action field="start_boot" type="Memory" name="LoadLibrary" call_pid="800" call_name="conime.exe" call_time="23:19:39.839">
	<exInfo_list count="1">
		<exInfo value="HarddiskVolume1\WINDOWS\system32\lpk.dll" descr="动态链接库"/>
	</exInfo_list>
	</action>
 </action_list><action_list name="加载模块" level="1" descr="加载模块 HarddiskVolume1\WINDOWS\system32\usp10.dll" times="0">
	<action field="start_boot" type="Memory" name="LoadLibrary" call_pid="800" call_name="conime.exe" call_time="23:19:39.844">
	<exInfo_list count="1">
		<exInfo value="HarddiskVolume1\WINDOWS\system32\usp10.dll" descr="动态链接库"/>
	</exInfo_list>
	</action>
 </action_list><action_list name="程序退出" level="-1" descr="1.exe 退出" times="0">
	<action field="start_boot" type="Process" name="TerminateProcess" call_pid="2036" call_name="1.exe" call_time="23:19:39.027">
	<exInfo_list count="1">
		<exInfo value="1.exe" descr="结束进程名"/>
	</exInfo_list>
	</action>
 </action_list><action_list name="加载模块" level="1" descr="加载模块 HarddiskVolume1\WINDOWS\WinSxS\x86_Microsoft.Windows.Common-Controls_6595b64144ccf1df_6.0.2600.5512_x-ww_35d4ce83\comctl32.dll" times="0">
	<action field="start_boot" type="Memory" name="LoadLibrary" call_pid="800" call_name="conime.exe" call_time="23:19:39.094">
	<exInfo_list count="1">
		<exInfo value="HarddiskVolume1\WINDOWS\WinSxS\x86_Microsoft.Windows.Common-Controls_6595b64144ccf1df_6.0.2600.5512_x-ww_35d4ce83\comctl32.dll" descr="动态链接库"/>
	</exInfo_list>
	</action>
 </action_list><action_list name="加载模块" level="1" descr="加载模块 HarddiskVolume1\WINDOWS\system32\comctl32.dll" times="0">
	<action field="start_boot" type="Memory" name="LoadLibrary" call_pid="800" call_name="conime.exe" call_time="23:19:39.195">
	<exInfo_list count="1">
		<exInfo value="HarddiskVolume1\WINDOWS\system32\comctl32.dll" descr="动态链接库"/>
	</exInfo_list>
	</action>
 </action_list><action_list name="加载模块" level="1" descr="加载模块 HarddiskVolume1\WINDOWS\system32\msctf.dll" times="0">
	<action field="start_boot" type="Memory" name="LoadLibrary" call_pid="800" call_name="conime.exe" call_time="23:19:40.317">
	<exInfo_list count="1">
		<exInfo value="HarddiskVolume1\WINDOWS\system32\msctf.dll" descr="动态链接库"/>
	</exInfo_list>
	</action>
 </action_list><action_list name="加载模块" level="1" descr="加载模块 HarddiskVolume1\WINDOWS\system32\msctfime.ime" times="0">
	<action field="start_boot" type="Memory" name="LoadLibrary" call_pid="800" call_name="conime.exe" call_time="23:19:40.435">
	<exInfo_list count="1">
		<exInfo value="HarddiskVolume1\WINDOWS\system32\msctfime.ime" descr="动态链接库"/>
	</exInfo_list>
	</action>
 </action_list><action_list name="不是有效的可执行程序" level="1" descr="不是有效的可执行程序" times="0">
	<action field="start_boot" type="File" name="ReadFile" call_pid="776" call_name="ntvdm.exe" call_time="23:19:40.599">
	<exInfo_list count="1">
		<exInfo value="HarddiskVolume1\WINDOWS\_default.pif" descr="Anything"/>
	</exInfo_list>
	</action>
 </action_list><action_list name="不是有效的可执行程序" level="1" descr="不是有效的可执行程序" times="0">
	<action field="start_boot" type="System" name="DetectDebugger" call_pid="776" call_name="ntvdm.exe" call_time="23:19:40.707">
	<exInfo_list count="1">
		<exInfo value="sleep(115264076863s)" descr="Anything"/>
	</exInfo_list>
	</action>
 </action_list><action_list name="不是有效的可执行程序" level="1" descr="不是有效的可执行程序" times="0">
	<action field="start_boot" type="Memory" name="LoadLibrary" call_pid="776" call_name="ntvdm.exe" call_time="23:19:40.718">
	<exInfo_list count="1">
		<exInfo value="HarddiskVolume1\WINDOWS\system32\winmm.dll" descr="Anything"/>
	</exInfo_list>
	</action>
 </action_list><action_list name="不是有效的可执行程序" level="1" descr="不是有效的可执行程序" times="0">
	<action field="start_boot" type="Memory" name="LoadLibrary" call_pid="776" call_name="ntvdm.exe" call_time="23:19:40.741">
	<exInfo_list count="1">
		<exInfo value="HarddiskVolume1\WINDOWS\system32\ntvdmd.dll" descr="Anything"/>
	</exInfo_list>
	</action>
 </action_list><action_list name="不是有效的可执行程序" level="1" descr="不是有效的可执行程序" times="0">
	<action field="start_boot" type="System" name="DetectDebugger" call_pid="776" call_name="ntvdm.exe" call_time="23:19:40.749">
	<exInfo_list count="1">
		<exInfo value="NtQueryInformationProcess(7)" descr="Anything"/>
	</exInfo_list>
	</action>
 </action_list><action_list name="不是有效的可执行程序" level="1" descr="不是有效的可执行程序" times="0">
	<action field="start_boot" type="File" name="ReadFile" call_pid="776" call_name="ntvdm.exe" call_time="23:19:40.752">
	<exInfo_list count="1">
		<exInfo value="HarddiskVolume1\WINDOWS\system32\ntio804.sys" descr="Anything"/>
	</exInfo_list>
	</action>
 </action_list><action_list name="不是有效的可执行程序" level="1" descr="不是有效的可执行程序" times="0">
	<action field="start_boot" type="File" name="ReadFile" call_pid="776" call_name="ntvdm.exe" call_time="23:19:40.768">
	<exInfo_list count="1">
		<exInfo value="HarddiskVolume1\WINDOWS\system32\ntdos804.sys" descr="Anything"/>
	</exInfo_list>
	</action>
 </action_list><action_list name="不是有效的可执行程序" level="1" descr="不是有效的可执行程序" times="0">
	<action field="start_boot" type="Memory" name="LoadLibrary" call_pid="776" call_name="ntvdm.exe" call_time="23:19:40.818">
	<exInfo_list count="1">
		<exInfo value="HarddiskVolume1\WINDOWS\system32\userenv.dll" descr="Anything"/>
	</exInfo_list>
	</action>
 </action_list><action_list name="不是有效的可执行程序" level="1" descr="不是有效的可执行程序" times="0">
	<action field="start_boot" type="Memory" name="LoadLibrary" call_pid="776" call_name="ntvdm.exe" call_time="23:19:40.822">
	<exInfo_list count="1">
		<exInfo value="HarddiskVolume1\WINDOWS\system32\msvcrt.dll" descr="Anything"/>
	</exInfo_list>
	</action>
 </action_list><action_list name="不是有效的可执行程序" level="1" descr="不是有效的可执行程序" times="0">
	<action field="start_boot" type="File" name="ReadFile" call_pid="776" call_name="ntvdm.exe" call_time="23:19:40.921">
	<exInfo_list count="1">
		<exInfo value="HarddiskVolume1\WINDOWS\system32\CONFIG.NT" descr="Anything"/>
	</exInfo_list>
	</action>
 </action_list><action_list name="不是有效的可执行程序" level="1" descr="不是有效的可执行程序" times="0">
	<action field="start_boot" type="File" name="WriteFile" call_pid="776" call_name="ntvdm.exe" call_time="23:19:40.927">
	<exInfo_list count="1">
		<exInfo value="HarddiskVolume1\WINDOWS\Temp\scs7.tmp" descr="Anything"/>
	</exInfo_list>
	</action>
 </action_list><action_list name="不是有效的可执行程序" level="1" descr="不是有效的可执行程序" times="0">
	<action field="start_boot" type="File" name="ReadFile" call_pid="776" call_name="ntvdm.exe" call_time="23:19:40.053">
	<exInfo_list count="1">
		<exInfo value="HarddiskVolume1\WINDOWS\Temp\scs7.tmp" descr="Anything"/>
	</exInfo_list>
	</action>
 </action_list><action_list name="不是有效的可执行程序" level="1" descr="不是有效的可执行程序" times="0">
	<action field="start_boot" type="File" name="ReadFile" call_pid="776" call_name="ntvdm.exe" call_time="23:19:40.061">
	<exInfo_list count="1">
		<exInfo value="HarddiskVolume1\WINDOWS\system32\himem.sys" descr="Anything"/>
	</exInfo_list>
	</action>
 </action_list><action_list name="不是有效的可执行程序" level="1" descr="不是有效的可执行程序" times="0">
	<action field="start_boot" type="File" name="ReadFile" call_pid="776" call_name="ntvdm.exe" call_time="23:19:40.077">
	<exInfo_list count="1">
		<exInfo value="HarddiskVolume1\WINDOWS\system32\country.sys" descr="Anything"/>
	</exInfo_list>
	</action>
 </action_list><action_list name="不是有效的可执行程序" level="1" descr="不是有效的可执行程序" times="0">
	<action field="start_boot" type="File" name="ReadFile" call_pid="776" call_name="ntvdm.exe" call_time="23:19:40.411">
	<exInfo_list count="1">
		<exInfo value="HarddiskVolume1\WINDOWS\system32\command.com" descr="Anything"/>
	</exInfo_list>
	</action>
 </action_list><action_list name="不是有效的可执行程序" level="1" descr="不是有效的可执行程序" times="0">
	<action field="start_boot" type="Memory" name="LoadLibrary" call_pid="776" call_name="ntvdm.exe" call_time="23:19:40.435">
	<exInfo_list count="1">
		<exInfo value="HarddiskVolume1\WINDOWS\system32\userenv.dll" descr="Anything"/>
	</exInfo_list>
	</action>
 </action_list><action_list name="不是有效的可执行程序" level="1" descr="不是有效的可执行程序" times="0">
	<action field="start_boot" type="Memory" name="LoadLibrary" call_pid="776" call_name="ntvdm.exe" call_time="23:19:40.439">
	<exInfo_list count="1">
		<exInfo value="HarddiskVolume1\WINDOWS\system32\msvcrt.dll" descr="Anything"/>
	</exInfo_list>
	</action>
 </action_list><action_list name="不是有效的可执行程序" level="1" descr="不是有效的可执行程序" times="0">
	<action field="start_boot" type="System" name="DetectDebugger" call_pid="776" call_name="ntvdm.exe" call_time="23:19:40.487">
	<exInfo_list count="1">
		<exInfo value="CpuCheck" descr="Anything"/>
	</exInfo_list>
	</action>
 </action_list><action_list name="不是有效的可执行程序" level="1" descr="不是有效的可执行程序" times="0">
	<action field="start_boot" type="File" name="ReadFile" call_pid="776" call_name="ntvdm.exe" call_time="23:19:40.532">
	<exInfo_list count="1">
		<exInfo value="HarddiskVolume1\WINDOWS\system32\AUTOEXEC.NT" descr="Anything"/>
	</exInfo_list>
	</action>
 </action_list><action_list name="不是有效的可执行程序" level="1" descr="不是有效的可执行程序" times="0">
	<action field="start_boot" type="File" name="WriteFile" call_pid="776" call_name="ntvdm.exe" call_time="23:19:40.538">
	<exInfo_list count="1">
		<exInfo value="HarddiskVolume1\WINDOWS\Temp\scs8.tmp" descr="Anything"/>
	</exInfo_list>
	</action>
 </action_list><action_list name="不是有效的可执行程序" level="1" descr="不是有效的可执行程序" times="0">
	<action field="start_boot" type="Memory" name="LoadLibrary" call_pid="776" call_name="ntvdm.exe" call_time="23:19:40.651">
	<exInfo_list count="1">
		<exInfo value="HarddiskVolume1\WINDOWS\system32\userenv.dll" descr="Anything"/>
	</exInfo_list>
	</action>
 </action_list><action_list name="不是有效的可执行程序" level="1" descr="不是有效的可执行程序" times="0">
	<action field="start_boot" type="Memory" name="LoadLibrary" call_pid="776" call_name="ntvdm.exe" call_time="23:19:40.655">
	<exInfo_list count="1">
		<exInfo value="HarddiskVolume1\WINDOWS\system32\msvcrt.dll" descr="Anything"/>
	</exInfo_list>
	</action>
 </action_list><action_list name="不是有效的可执行程序" level="1" descr="不是有效的可执行程序" times="0">
	<action field="start_boot" type="System" name="DetectDebugger" call_pid="776" call_name="ntvdm.exe" call_time="23:19:40.703">
	<exInfo_list count="1">
		<exInfo value="CpuCheck" descr="Anything"/>
	</exInfo_list>
	</action>
 </action_list><action_list name="不是有效的可执行程序" level="1" descr="不是有效的可执行程序" times="0">
	<action field="start_boot" type="Memory" name="LoadLibrary" call_pid="776" call_name="ntvdm.exe" call_time="23:19:40.745">
	<exInfo_list count="1">
		<exInfo value="HarddiskVolume1\WINDOWS\system32\userenv.dll" descr="Anything"/>
	</exInfo_list>
	</action>
 </action_list><action_list name="不是有效的可执行程序" level="1" descr="不是有效的可执行程序" times="0">
	<action field="start_boot" type="Memory" name="LoadLibrary" call_pid="776" call_name="ntvdm.exe" call_time="23:19:40.749">
	<exInfo_list count="1">
		<exInfo value="HarddiskVolume1\WINDOWS\system32\msvcrt.dll" descr="Anything"/>
	</exInfo_list>
	</action>
 </action_list><action_list name="不是有效的可执行程序" level="1" descr="不是有效的可执行程序" times="0">
	<action field="start_boot" type="System" name="DetectDebugger" call_pid="776" call_name="ntvdm.exe" call_time="23:19:40.797">
	<exInfo_list count="1">
		<exInfo value="CpuCheck" descr="Anything"/>
	</exInfo_list>
	</action>
 </action_list><action_list name="不是有效的可执行程序" level="1" descr="不是有效的可执行程序" times="0">
	<action field="start_boot" type="File" name="ReadFile" call_pid="776" call_name="ntvdm.exe" call_time="23:19:40.845">
	<exInfo_list count="1">
		<exInfo value="HarddiskVolume1\WINDOWS\Temp\scs8.tmp" descr="Anything"/>
	</exInfo_list>
	</action>
 </action_list><action_list name="不是有效的可执行程序" level="1" descr="不是有效的可执行程序" times="0">
	<action field="start_boot" type="File" name="ReadFile" call_pid="776" call_name="ntvdm.exe" call_time="23:19:40.892">
	<exInfo_list count="1">
		<exInfo value="HarddiskVolume1\WINDOWS\system32\mscdexnt.exe" descr="Anything"/>
	</exInfo_list>
	</action>
 </action_list><action_list name="不是有效的可执行程序" level="1" descr="不是有效的可执行程序" times="0">
	<action field="start_boot" type="File" name="ReadFile" call_pid="776" call_name="ntvdm.exe" call_time="23:19:40.914">
	<exInfo_list count="1">
		<exInfo value="HarddiskVolume1\WINDOWS\Temp\scs8.tmp" descr="Anything"/>
	</exInfo_list>
	</action>
 </action_list><action_list name="不是有效的可执行程序" level="1" descr="不是有效的可执行程序" times="0">
	<action field="start_boot" type="File" name="ReadFile" call_pid="776" call_name="ntvdm.exe" call_time="23:19:40.929">
	<exInfo_list count="1">
		<exInfo value="HarddiskVolume1\WINDOWS\system32\redir.exe" descr="Anything"/>
	</exInfo_list>
	</action>
 </action_list><action_list name="不是有效的可执行程序" level="1" descr="不是有效的可执行程序" times="0">
	<action field="start_boot" type="File" name="ReadFile" call_pid="776" call_name="ntvdm.exe" call_time="23:19:40.949">
	<exInfo_list count="1">
		<exInfo value="HarddiskVolume1\WINDOWS\Temp\scs8.tmp" descr="Anything"/>
	</exInfo_list>
	</action>
 </action_list><action_list name="不是有效的可执行程序" level="1" descr="不是有效的可执行程序" times="0">
	<action field="start_boot" type="File" name="ReadFile" call_pid="776" call_name="ntvdm.exe" call_time="23:19:40.963">
	<exInfo_list count="1">
		<exInfo value="HarddiskVolume1\WINDOWS\system32\dosx.exe" descr="Anything"/>
	</exInfo_list>
	</action>
 </action_list><action_list name="不是有效的可执行程序" level="1" descr="不是有效的可执行程序" times="0">
	<action field="start_boot" type="File" name="ReadFile" call_pid="776" call_name="ntvdm.exe" call_time="23:19:40.998">
	<exInfo_list count="1">
		<exInfo value="HarddiskVolume1\WINDOWS\system.ini" descr="Anything"/>
	</exInfo_list>
	</action>
 </action_list><action_list name="不是有效的可执行程序" level="1" descr="不是有效的可执行程序" times="0">
	<action field="start_boot" type="File" name="ReadFile" call_pid="776" call_name="ntvdm.exe" call_time="23:19:41.023">
	<exInfo_list count="1">
		<exInfo value="HarddiskVolume1\WINDOWS\Temp\scs8.tmp" descr="Anything"/>
	</exInfo_list>
	</action>
 </action_list><action_list name="不是有效的可执行程序" level="1" descr="不是有效的可执行程序" times="0">
	<action field="start_boot" type="File" name="DeleteFile" call_pid="776" call_name="ntvdm.exe" call_time="23:19:41.196">
	<exInfo_list count="1">
		<exInfo value="C:\WINDOWS\TEMP\scs7.tmp" descr="Anything"/>
	</exInfo_list>
	</action>
 </action_list><action_list name="不是有效的可执行程序" level="1" descr="不是有效的可执行程序" times="0">
	<action field="start_boot" type="File" name="ReadFile" call_pid="776" call_name="ntvdm.exe" call_time="23:19:41.219">
	<exInfo_list count="1">
		<exInfo value="HarddiskVolume1\WINDOWS\system32\kb16.com" descr="Anything"/>
	</exInfo_list>
	</action>
 </action_list><action_list name="不是有效的可执行程序" level="1" descr="不是有效的可执行程序" times="0">
	<action field="start_boot" type="File" name="ReadFile" call_pid="776" call_name="ntvdm.exe" call_time="23:19:41.232">
	<exInfo_list count="1">
		<exInfo value="HarddiskVolume1\WINDOWS\system32\keyboard.sys" descr="Anything"/>
	</exInfo_list>
	</action>
 </action_list><action_list name="不是有效的可执行程序" level="1" descr="不是有效的可执行程序" times="0">
	<action field="start_boot" type="File" name="ReadFile" call_pid="776" call_name="ntvdm.exe" call_time="23:19:41.245">
	<exInfo_list count="1">
		<exInfo value="HarddiskVolume1\DOCUME~1\xpuser\LOCALS~1\Temp\avscan.exe" descr="Anything"/>
	</exInfo_list>
	</action>
 </action_list><action_list name="不是有效的可执行程序" level="1" descr="不是有效的可执行程序" times="0">
	<action field="start_boot" type="File" name="ReadFile" call_pid="776" call_name="ntvdm.exe" call_time="23:19:41.251">
	<exInfo_list count="1">
		<exInfo value="HarddiskVolume1\WINDOWS\system32\command.com" descr="Anything"/>
	</exInfo_list>
	</action>
 </action_list><action_list name="不是有效的可执行程序" level="1" descr="不是有效的可执行程序" times="0">
	<action field="start_boot" type="System" name="DetectDebugger" call_pid="776" call_name="ntvdm.exe" call_time="23:19:41.279">
	<exInfo_list count="1">
		<exInfo value="sleep(360s)" descr="Anything"/>
	</exInfo_list>
	</action>
 </action_list><action_list name="不是有效的可执行程序" level="1" descr="不是有效的可执行程序" times="0">
	<action field="start_boot" type="System" name="DetectDebugger" call_pid="776" call_name="ntvdm.exe" call_time="23:19:41.281">
	<exInfo_list count="1">
		<exInfo value="NtQueryInformationProcess(7)" descr="Anything"/>
	</exInfo_list>
	</action>
 </action_list><action_list name="不是有效的可执行程序" level="1" descr="不是有效的可执行程序" times="0">
	<action field="start_boot" type="Process" name="TerminateProcess" call_pid="776" call_name="ntvdm.exe" call_time="23:19:41.302">
	<exInfo_list count="1">
		<exInfo value="ntvdm.exe" descr="Anything"/>
	</exInfo_list>
	</action>
 </action_list><action_list name="分析结束" level="-1" descr="动态分析结束" times="0">
	<action field="start_boot" type="System" name="AnalyzeStop" call_pid="0" call_name="" call_time="23:20:31.312">
	<exInfo_list count="0">
	</exInfo_list>
	</action>
 </action_list></file>