<?xml version="1.0" encoding="UTF-8"?> 

<file name="1.vasunknown" sha1="ea8a88417697f3d1057b9abe515075f2a604549d" md5="8e9a0cdbd30a9f3162e79c500245b6c1" CRC32="a3d0ac73" SSDEEP="1536:kQA4ws6RTPdn1Jl19DzTIKu6VnGUNs+9Kf8r3Vf/WcnfYhLrJBea:qiEon" size="262402" type="vasunknown" error="0" virusresult="" vp_name="klo07" reportType="final" exiftool="File Name                       : 1.vasunknown--list--File Size                       : 256 kB--list--File Modification Date/Time     : 2020:06:18 13:45:02+08:00--list--File Access Date/Time           : 2020:06:18 13:45:02+08:00--list--File Inode Change Date/Time     : 2020:06:18 13:45:02+08:00--list--Error                           : Unknown file type--list--" system="winxp" filetype="ASCII English text, with very long lines"><action_list name="分析开始" level="-1" descr="动态分析开始" times="0">
	<action field="start_boot" type="System" name="AnalyzeStart" call_pid="0" call_name="" call_time="0">
	<exInfo_list count="0">
	</exInfo_list>
	</action>
 </action_list><action_list name="跳过动态分析" level="1" descr="根据用户配置，跳过动态分析" times="0">
	<action field="start_boot" type="System" name="SkipAnalysis" call_pid="0" call_name="" call_time="0">
	<exInfo_list count="0">
	</exInfo_list>
	</action>
 </action_list><action_list name="分析结束" level="-1" descr="动态分析结束" times="0">
	<action field="start_boot" type="System" name="AnalyzeStop" call_pid="0" call_name="" call_time="0">
	<exInfo_list count="0">
	</exInfo_list>
	</action>
 </action_list></file>