<?xml version="1.0" encoding="UTF-8"?> 

<file name="1.dii" sha1="f5120542c9656731ce69385df9bf1844ec1fba24" md5="e1a0f05e771843c1cf3ffa314f1bb272" CRC32="daee1f25" SSDEEP="12288:mQsAcZ2GVOz+i7+A3iFkQb/xfu99dNSYfbyMIsqM:xP22Pz+ijSFkQbhu99dNSYfbyMIsZ" size="932713" type="dii" error="0" virusresult="" vp_name="klo07" reportType="final" exiftool="File Name                       : 1.dii--list--File Size                       : 911 kB--list--File Modification Date/Time     : 2020:06:18 13:53:14+08:00--list--File Access Date/Time           : 2020:06:18 13:53:14+08:00--list--File Inode Change Date/Time     : 2020:06:18 13:53:14+08:00--list--Error                           : Unknown file type--list--" system="winxp" filetype="HTML document, UTF-8 Unicode text, with very long lines"><action_list name="分析开始" level="-1" descr="动态分析开始" times="0">
	<action field="start_boot" type="System" name="AnalyzeStart" call_pid="0" call_name="" call_time="13:53:30.000">
	<exInfo_list count="0">
	</exInfo_list>
	</action>
 </action_list><action_list name="分析引擎信息" level="-1" descr="12.6, 40, 2020-06-18_13:53:27==2020-06-18_13:53:30" times="0">
	<action field="start_boot" type="System" name="VasInfo" call_pid="0" call_name="" call_time="13:53:30.001">
	<exInfo_list count="3">
		<exInfo value="12.6" descr="分析引擎版本"/>
		<exInfo value="40" descr="最大并发数量"/>
		<exInfo value="2020-06-18_13:53:27==2020-06-18_13:53:30" descr="镜像加载耗时"/>
	</exInfo_list>
	</action>
 </action_list><action_list name="进程开始执行" level="1" descr="被 vasstarter.exe（1676）创建的进程开始执行" times="0">
	<action field="start_boot" type="Process" name="BeCreated" call_pid="208" call_name="vaslauncher.exe" call_time="13:53:31.002">
	<exInfo_list count="2">
		<exInfo value="vasstarter.exe" descr="父进程名"/>
		<exInfo value="1676" descr="父进程ID"/>
	</exInfo_list>
	</action>
 </action_list><action_list name="进程开始执行" level="1" descr="被 vasstarter.exe（1676）通过参数 D:\vaslauncher.exe 以 direct 方式创建的进程开始执行" times="0">
	<action field="start_boot" type="Process" name="BeCreatedEx" call_pid="208" call_name="vaslauncher.exe" call_time="13:53:31.003">
	<exInfo_list count="4">
		<exInfo value="vasstarter.exe" descr="父进程名"/>
		<exInfo value="1676" descr="父进程ID"/>
		<exInfo value="D:\vaslauncher.exe" descr="启动参数"/>
		<exInfo value="direct" descr="创建方式"/>
	</exInfo_list>
	</action>
 </action_list><action_list name="样本打开异常" level="2" descr="分析环境与样本格式不匹配" times="0">
	<action field="start_boot" type="Process" name="BadPeFormat" call_pid="0" call_name="0" call_time="0">
	<exInfo_list count="0">
	</exInfo_list>
	</action>
 </action_list><action_list name="分析结束" level="-1" descr="动态分析结束" times="0">
	<action field="start_boot" type="System" name="AnalyzeStop" call_pid="0" call_name="" call_time="13:58:30.004">
	<exInfo_list count="0">
	</exInfo_list>
	</action>
 </action_list></file>