<?xml version="1.0" encoding="UTF-8"?> 

<file name="1.vasunknown" sha1="c520fef495bd2d73cae78c3702a22f283f9bfc0e" md5="d99118decd2507c6f9f6b9cfef53da8a" CRC32="0cd39327" SSDEEP="49152:YJPSDc2VWJPSDc2VWJPSDc2VWJPSDc2VWJPSDc2VC:Fc2VHc2VHc2VHc2VHc2VC" size="1792595" type="vasunknown" error="0" virusresult="" vp_name="klo07" reportType="final" exiftool="File Name                       : 1.vasunknown--list--File Size                       : 1751 kB--list--File Modification Date/Time     : 2020:06:18 14:00:07+08:00--list--File Access Date/Time           : 2020:06:18 14:00:07+08:00--list--File Inode Change Date/Time     : 2020:06:18 14:00:07+08:00--list--Error                           : Unknown file type--list--" system="winxp" filetype="HTML document, UTF-8 Unicode text, with very long lines"><action_list name="分析开始" level="-1" descr="动态分析开始" times="0">
	<action field="start_boot" type="System" name="AnalyzeStart" call_pid="0" call_name="" call_time="0">
	<exInfo_list count="0">
	</exInfo_list>
	</action>
 </action_list><action_list name="跳过动态分析" level="1" descr="根据用户配置，跳过动态分析" times="0">
	<action field="start_boot" type="System" name="SkipAnalysis" call_pid="0" call_name="" call_time="0">
	<exInfo_list count="0">
	</exInfo_list>
	</action>
 </action_list><action_list name="分析结束" level="-1" descr="动态分析结束" times="0">
	<action field="start_boot" type="System" name="AnalyzeStop" call_pid="0" call_name="" call_time="0">
	<exInfo_list count="0">
	</exInfo_list>
	</action>
 </action_list></file>