<?xml version="1.0" encoding="UTF-8"?> 

<file name="1.vasunknown" sha1="c09798b55ccb739ded0a6dd5d52c480e25325b37" md5="0d4c3fa012a70926521b7b68641077a7" CRC32="f7ed4803" SSDEEP="3072:w+1yPWTRXkT4i5K7hZp8+EeXTP+7d/Jg64dTYP43x+dU7EqaAuIp0eXTP+7+P:XfSchZp8+jXTS4TYP43YO7EqaA/XTt" size="313335" type="vasunknown" error="0" virusresult="" vp_name="klo07" reportType="final" exiftool="File Name                       : 1.vasunknown--list--File Size                       : 306 kB--list--File Modification Date/Time     : 2020:06:18 14:05:29+08:00--list--File Access Date/Time           : 2020:06:18 14:05:29+08:00--list--File Inode Change Date/Time     : 2020:06:18 14:05:29+08:00--list--Error                           : Unknown file type--list--" system="winxp" filetype="HTML document, UTF-8 Unicode text, with very long lines"><action_list name="分析开始" level="-1" descr="动态分析开始" times="0">
	<action field="start_boot" type="System" name="AnalyzeStart" call_pid="0" call_name="" call_time="0">
	<exInfo_list count="0">
	</exInfo_list>
	</action>
 </action_list><action_list name="跳过动态分析" level="1" descr="根据用户配置，跳过动态分析" times="0">
	<action field="start_boot" type="System" name="SkipAnalysis" call_pid="0" call_name="" call_time="0">
	<exInfo_list count="0">
	</exInfo_list>
	</action>
 </action_list><action_list name="分析结束" level="-1" descr="动态分析结束" times="0">
	<action field="start_boot" type="System" name="AnalyzeStop" call_pid="0" call_name="" call_time="0">
	<exInfo_list count="0">
	</exInfo_list>
	</action>
 </action_list></file>