<?xml version="1.0" encoding="UTF-8"?> 

<file name="1.vasunknown" sha1="ff7b5fa355d134b02977e1c35303c37c922a6620" md5="9a79866859521e5179bfb9e30f257f22" CRC32="fc579cc1" SSDEEP="6144:eyvC38kAied6yEf5lmlF/1Fwj16xNN7CafZMDw1oNsOHDs5C8eTFnWFl397y:FvC3RVyEfwFzLYw1oWeTFWFl3o" size="446641" type="vasunknown" error="0" virusresult="" vp_name="klo07" reportType="final" exiftool="File Name                       : 1.vasunknown--list--File Size                       : 436 kB--list--File Modification Date/Time     : 2020:06:18 14:16:27+08:00--list--File Access Date/Time           : 2020:06:18 14:16:27+08:00--list--File Inode Change Date/Time     : 2020:06:18 14:16:27+08:00--list--Error                           : Unknown file type--list--" system="winxp" filetype="HTML document, UTF-8 Unicode text, with very long lines, with CRLF, LF line terminators"><action_list name="分析开始" level="-1" descr="动态分析开始" times="0">
	<action field="start_boot" type="System" name="AnalyzeStart" call_pid="0" call_name="" call_time="0">
	<exInfo_list count="0">
	</exInfo_list>
	</action>
 </action_list><action_list name="跳过动态分析" level="1" descr="根据用户配置，跳过动态分析" times="0">
	<action field="start_boot" type="System" name="SkipAnalysis" call_pid="0" call_name="" call_time="0">
	<exInfo_list count="0">
	</exInfo_list>
	</action>
 </action_list><action_list name="分析结束" level="-1" descr="动态分析结束" times="0">
	<action field="start_boot" type="System" name="AnalyzeStop" call_pid="0" call_name="" call_time="0">
	<exInfo_list count="0">
	</exInfo_list>
	</action>
 </action_list></file>