<?xml version="1.0" encoding="UTF-8"?> 

<file name="1.vasunknown" sha1="a4b4f21e3f7ecd67d5c6db9547039e95d92cc840" md5="6606306b6820bfade6c5ad6d19750585" CRC32="6a573063" SSDEEP="3072:seXTP+7ZvCRVolPbSMUwS66zv3Ad1gP4dTYP43x+dU7EqaAuop0eXTP+7xWR:LXTfo6zv3C84TYP43YO7EqaATXTx" size="322450" type="vasunknown" error="0" virusresult="" vp_name="klo07" reportType="final" exiftool="File Name                       : 1.vasunknown--list--File Size                       : 315 kB--list--File Modification Date/Time     : 2020:06:18 14:29:22+08:00--list--File Access Date/Time           : 2020:06:18 14:29:22+08:00--list--File Inode Change Date/Time     : 2020:06:18 14:29:22+08:00--list--Error                           : Unknown file type--list--" system="winxp" filetype="UTF-8 Unicode English text, with very long lines"><action_list name="分析开始" level="-1" descr="动态分析开始" times="0">
	<action field="start_boot" type="System" name="AnalyzeStart" call_pid="0" call_name="" call_time="0">
	<exInfo_list count="0">
	</exInfo_list>
	</action>
 </action_list><action_list name="跳过动态分析" level="1" descr="根据用户配置，跳过动态分析" times="0">
	<action field="start_boot" type="System" name="SkipAnalysis" call_pid="0" call_name="" call_time="0">
	<exInfo_list count="0">
	</exInfo_list>
	</action>
 </action_list><action_list name="分析结束" level="-1" descr="动态分析结束" times="0">
	<action field="start_boot" type="System" name="AnalyzeStop" call_pid="0" call_name="" call_time="0">
	<exInfo_list count="0">
	</exInfo_list>
	</action>
 </action_list></file>