<?xml version="1.0" encoding="UTF-8"?> 

<file name="1.vasunknown" sha1="752494b50b9aeecffef0f6b91c910ae4945de19f" md5="42755ab2797da264d9f8626b786f15c9" CRC32="1b4d64f5" SSDEEP="3072:I4J+R3jL5TCOauTwD6FdnCVQNea98HrmM3S/Zq4DWW7PPoDFxF6pkS4qehHf7HS:eRzEOQ0+iea98HrmIS/ZqaY3f7y" size="226824" type="vasunknown" error="0" virusresult="" vp_name="klo07" reportType="final" exiftool="File Name                       : 1.vasunknown--list--File Size                       : 222 kB--list--File Modification Date/Time     : 2020:06:18 14:47:22+08:00--list--File Access Date/Time           : 2020:06:18 14:47:22+08:00--list--File Inode Change Date/Time     : 2020:06:18 14:47:22+08:00--list--Error                           : Unknown file type--list--" system="winxp" filetype="UTF-8 Unicode English text, with very long lines, with CRLF, LF line terminators"><action_list name="分析开始" level="-1" descr="动态分析开始" times="0">
	<action field="start_boot" type="System" name="AnalyzeStart" call_pid="0" call_name="" call_time="0">
	<exInfo_list count="0">
	</exInfo_list>
	</action>
 </action_list><action_list name="跳过动态分析" level="1" descr="根据用户配置，跳过动态分析" times="0">
	<action field="start_boot" type="System" name="SkipAnalysis" call_pid="0" call_name="" call_time="0">
	<exInfo_list count="0">
	</exInfo_list>
	</action>
 </action_list><action_list name="分析结束" level="-1" descr="动态分析结束" times="0">
	<action field="start_boot" type="System" name="AnalyzeStop" call_pid="0" call_name="" call_time="0">
	<exInfo_list count="0">
	</exInfo_list>
	</action>
 </action_list></file>