<?xml version="1.0" encoding="UTF-8"?> 

<file name="1.vasunknown" sha1="951f2259c762a3676ddf8e88fb55c31b6a1fcb79" md5="2f9a1469d55d93c0f386a1ef7693fd71" CRC32="a28b35d1" SSDEEP="6144:bXTOwTm7lCFI1Y2QosAcGC9doJt28IswTm7lCPwTm7lCYnadbXTO:b9Tm7lCFQsAcGMSCTm7lCoTm7lCYadba" size="533828" type="vasunknown" error="0" virusresult="" vp_name="klo07" reportType="final" exiftool="File Name                       : 1.vasunknown--list--File Size                       : 521 kB--list--File Modification Date/Time     : 2020:06:18 14:56:34+08:00--list--File Access Date/Time           : 2020:06:18 14:56:34+08:00--list--File Inode Change Date/Time     : 2020:06:18 14:56:34+08:00--list--Error                           : Unknown file type--list--" system="winxp" filetype="UTF-8 Unicode HTML document text, with very long lines, with CRLF, LF line terminators"><action_list name="分析开始" level="-1" descr="动态分析开始" times="0">
	<action field="start_boot" type="System" name="AnalyzeStart" call_pid="0" call_name="" call_time="0">
	<exInfo_list count="0">
	</exInfo_list>
	</action>
 </action_list><action_list name="跳过动态分析" level="1" descr="根据用户配置，跳过动态分析" times="0">
	<action field="start_boot" type="System" name="SkipAnalysis" call_pid="0" call_name="" call_time="0">
	<exInfo_list count="0">
	</exInfo_list>
	</action>
 </action_list><action_list name="分析结束" level="-1" descr="动态分析结束" times="0">
	<action field="start_boot" type="System" name="AnalyzeStop" call_pid="0" call_name="" call_time="0">
	<exInfo_list count="0">
	</exInfo_list>
	</action>
 </action_list></file>