<?xml version="1.0" encoding="UTF-8"?> 

<file name="1.vasunknown" sha1="03281c436b6db7d68549242b5c2976a0d2204b8c" md5="609d0228d7866c7cf8c94f6784937bcc" CRC32="3f5ccd50" SSDEEP="12288:W8zvv1W4OfiZdZy7mrAIDzv3lKYo7EqaATZ:W8zvv1W4OfiZdZy7mrAIDzv3lKYo7Eq3" size="596701" type="vasunknown" error="0" virusresult="" vp_name="klo07" reportType="final" exiftool="File Name                       : 1.vasunknown--list--File Size                       : 583 kB--list--File Modification Date/Time     : 2020:06:18 15:05:45+08:00--list--File Access Date/Time           : 2020:06:18 15:05:45+08:00--list--File Inode Change Date/Time     : 2020:06:18 15:05:45+08:00--list--Error                           : Unknown file type--list--" system="winxp" filetype="UTF-8 Unicode English text, with very long lines"><action_list name="分析开始" level="-1" descr="动态分析开始" times="0">
	<action field="start_boot" type="System" name="AnalyzeStart" call_pid="0" call_name="" call_time="0">
	<exInfo_list count="0">
	</exInfo_list>
	</action>
 </action_list><action_list name="跳过动态分析" level="1" descr="根据用户配置，跳过动态分析" times="0">
	<action field="start_boot" type="System" name="SkipAnalysis" call_pid="0" call_name="" call_time="0">
	<exInfo_list count="0">
	</exInfo_list>
	</action>
 </action_list><action_list name="分析结束" level="-1" descr="动态分析结束" times="0">
	<action field="start_boot" type="System" name="AnalyzeStop" call_pid="0" call_name="" call_time="0">
	<exInfo_list count="0">
	</exInfo_list>
	</action>
 </action_list></file>