<?xml version="1.0" encoding="UTF-8"?> 

<file name="1.s" 文件扩展名信息="  描述：MSTS Shape file   使用信息: MSTS" sha1="76e19f977333d36e8f822ddba2385aba7d862988" md5="92267a275ba16e749ef2bc97377566a1" CRC32="577f2299" SSDEEP="3072:sno9vSAHq1Nx5EKTPCZp8+FwpkFZmh3y2KP5cIeZnqC4gz5jw24pF2uMxRdoOL8i:tgHFTCZp8+iVbZqC4uxLdoOqBCoc" size="260491" type="s" error="0" virusresult="" vp_name="klo07" reportType="final" exiftool="File Name                       : 1.s--list--File Size                       : 254 kB--list--File Modification Date/Time     : 2020:06:18 15:29:19+08:00--list--File Access Date/Time           : 2020:06:18 15:29:19+08:00--list--File Inode Change Date/Time     : 2020:06:18 15:29:19+08:00--list--Error                           : Unknown file type--list--" system="winxp" filetype="HTML document, UTF-8 Unicode text, with very long lines, with CRLF, CR, LF line terminators"><action_list name="分析开始" level="-1" descr="动态分析开始" times="0">
	<action field="start_boot" type="System" name="AnalyzeStart" call_pid="0" call_name="" call_time="15:29:29.000">
	<exInfo_list count="0">
	</exInfo_list>
	</action>
 </action_list><action_list name="分析引擎信息" level="-1" descr="12.6, 40, 2020-06-18_15:29:26==2020-06-18_15:29:29" times="0">
	<action field="start_boot" type="System" name="VasInfo" call_pid="0" call_name="" call_time="15:29:29.001">
	<exInfo_list count="3">
		<exInfo value="12.6" descr="分析引擎版本"/>
		<exInfo value="40" descr="最大并发数量"/>
		<exInfo value="2020-06-18_15:29:26==2020-06-18_15:29:29" descr="镜像加载耗时"/>
	</exInfo_list>
	</action>
 </action_list><action_list name="进程开始执行" level="1" descr="被 vasstarter.exe（1676）创建的进程开始执行" times="0">
	<action field="start_boot" type="Process" name="BeCreated" call_pid="208" call_name="vaslauncher.exe" call_time="15:29:30.002">
	<exInfo_list count="2">
		<exInfo value="vasstarter.exe" descr="父进程名"/>
		<exInfo value="1676" descr="父进程ID"/>
	</exInfo_list>
	</action>
 </action_list><action_list name="进程开始执行" level="1" descr="被 vasstarter.exe（1676）通过参数 D:\vaslauncher.exe 以 direct 方式创建的进程开始执行" times="0">
	<action field="start_boot" type="Process" name="BeCreatedEx" call_pid="208" call_name="vaslauncher.exe" call_time="15:29:30.003">
	<exInfo_list count="4">
		<exInfo value="vasstarter.exe" descr="父进程名"/>
		<exInfo value="1676" descr="父进程ID"/>
		<exInfo value="D:\vaslauncher.exe" descr="启动参数"/>
		<exInfo value="direct" descr="创建方式"/>
	</exInfo_list>
	</action>
 </action_list><action_list name="样本打开异常" level="2" descr="分析环境与样本格式不匹配" times="0">
	<action field="start_boot" type="Process" name="BadPeFormat" call_pid="0" call_name="0" call_time="0">
	<exInfo_list count="0">
	</exInfo_list>
	</action>
 </action_list><action_list name="分析结束" level="-1" descr="动态分析结束" times="0">
	<action field="start_boot" type="System" name="AnalyzeStop" call_pid="0" call_name="" call_time="15:34:29.004">
	<exInfo_list count="0">
	</exInfo_list>
	</action>
 </action_list></file>