<?xml version="1.0" encoding="UTF-8"?> 

<file name="1.vasunknown" sha1="404f40158a6235fb7512854c172d0513f6ea2abe" md5="760f5cd37c47a0aa13a28721e3e0b160" CRC32="be8ab4ed" SSDEEP="6144:SGhlvbmcOjTH/YXhRzEOQ0+iea98Hr0HO3bOH8+UZRQBsq2SM:S+vbmNOz+i+aEqA" size="682622" type="vasunknown" error="0" virusresult="" vp_name="klo07" reportType="final" exiftool="File Name                       : 1.vasunknown--list--File Size                       : 667 kB--list--File Modification Date/Time     : 2020:06:18 15:55:42+08:00--list--File Access Date/Time           : 2020:06:18 15:55:42+08:00--list--File Inode Change Date/Time     : 2020:06:18 15:55:42+08:00--list--Error                           : Unknown file type--list--" system="winxp" filetype="ASCII English text, with very long lines, with CRLF, LF line terminators"><action_list name="分析开始" level="-1" descr="动态分析开始" times="0">
	<action field="start_boot" type="System" name="AnalyzeStart" call_pid="0" call_name="" call_time="0">
	<exInfo_list count="0">
	</exInfo_list>
	</action>
 </action_list><action_list name="跳过动态分析" level="1" descr="根据用户配置，跳过动态分析" times="0">
	<action field="start_boot" type="System" name="SkipAnalysis" call_pid="0" call_name="" call_time="0">
	<exInfo_list count="0">
	</exInfo_list>
	</action>
 </action_list><action_list name="分析结束" level="-1" descr="动态分析结束" times="0">
	<action field="start_boot" type="System" name="AnalyzeStop" call_pid="0" call_name="" call_time="0">
	<exInfo_list count="0">
	</exInfo_list>
	</action>
 </action_list></file>