<?xml version="1.0" encoding="UTF-8"?> 

<file name="1.vasunknown" sha1="8e46011b3e26ce439081893d479250eca0a6ff27" md5="36d8f30878dc0640e1c56d508069b906" CRC32="2140bcf7" SSDEEP="3072:9iEoc7JhF88QRCb7NR6HBRYl7AQds7L3cL:9GsjF8ob7WnYJXL" size="419912" type="vasunknown" error="0" virusresult="" vp_name="klo07" reportType="final" exiftool="File Name                       : 1.vasunknown--list--File Size                       : 410 kB--list--File Modification Date/Time     : 2020:06:18 16:02:02+08:00--list--File Access Date/Time           : 2020:06:18 16:02:02+08:00--list--File Inode Change Date/Time     : 2020:06:18 16:02:02+08:00--list--Error                           : Unknown file type--list--" system="winxp" filetype="ASCII English text, with very long lines"><action_list name="分析开始" level="-1" descr="动态分析开始" times="0">
	<action field="start_boot" type="System" name="AnalyzeStart" call_pid="0" call_name="" call_time="0">
	<exInfo_list count="0">
	</exInfo_list>
	</action>
 </action_list><action_list name="跳过动态分析" level="1" descr="根据用户配置，跳过动态分析" times="0">
	<action field="start_boot" type="System" name="SkipAnalysis" call_pid="0" call_name="" call_time="0">
	<exInfo_list count="0">
	</exInfo_list>
	</action>
 </action_list><action_list name="分析结束" level="-1" descr="动态分析结束" times="0">
	<action field="start_boot" type="System" name="AnalyzeStop" call_pid="0" call_name="" call_time="0">
	<exInfo_list count="0">
	</exInfo_list>
	</action>
 </action_list></file>