<?xml version="1.0" encoding="UTF-8"?> 

<file name="1.vasunknown" sha1="efb2ce53dac671eac8df8f821561143d7cf066aa" md5="458852596432c1334a7e556762af9f93" CRC32="33b5f9c5" SSDEEP="3072:D0YvPm/iYGsKXlI2p0WPSbDrstfaLKSuB3F23iEon:U/iMKP6WgDCyLK7VF23Gn" size="443851" type="vasunknown" error="0" virusresult="" vp_name="klo07" reportType="final" exiftool="File Name                       : 1.vasunknown--list--File Size                       : 433 kB--list--File Modification Date/Time     : 2020:06:18 16:36:36+08:00--list--File Access Date/Time           : 2020:06:18 16:36:36+08:00--list--File Inode Change Date/Time     : 2020:06:18 16:36:36+08:00--list--Error                           : Unknown file type--list--" system="winxp" filetype="ASCII C++ program text, with very long lines, with CRLF, LF line terminators"><action_list name="分析开始" level="-1" descr="动态分析开始" times="0">
	<action field="start_boot" type="System" name="AnalyzeStart" call_pid="0" call_name="" call_time="0">
	<exInfo_list count="0">
	</exInfo_list>
	</action>
 </action_list><action_list name="跳过动态分析" level="1" descr="根据用户配置，跳过动态分析" times="0">
	<action field="start_boot" type="System" name="SkipAnalysis" call_pid="0" call_name="" call_time="0">
	<exInfo_list count="0">
	</exInfo_list>
	</action>
 </action_list><action_list name="分析结束" level="-1" descr="动态分析结束" times="0">
	<action field="start_boot" type="System" name="AnalyzeStop" call_pid="0" call_name="" call_time="0">
	<exInfo_list count="0">
	</exInfo_list>
	</action>
 </action_list></file>