<?xml version="1.0" encoding="UTF-8"?> 

<file name="1.vasunknown" sha1="c1f144dfac9dc0be7abdc5754c60907e7c21ee65" md5="fdb15ac5b6f7703505946c50b0c4c1bc" CRC32="c8eb5e03" SSDEEP="1536:MHPm7LnRXa/AOxT+8vfANj6QK38EmbuuO9TkrY8raY7HAbj2Cia8UqvAsZCZ/6/S:mPA0YObejRvbBA/ifUqvAsZPS" size="81919" type="vasunknown" error="0" virusresult="" vp_name="klo07" reportType="final" exiftool="File Name                       : 1.vasunknown--list--File Size                       : 80 kB--list--File Modification Date/Time     : 2020:06:18 16:40:24+08:00--list--File Access Date/Time           : 2020:06:18 16:40:24+08:00--list--File Inode Change Date/Time     : 2020:06:18 16:40:24+08:00--list--Error                           : Unknown file type--list--" system="winxp" filetype="ASCII English text, with very long lines, with CRLF, LF line terminators"><action_list name="分析开始" level="-1" descr="动态分析开始" times="0">
	<action field="start_boot" type="System" name="AnalyzeStart" call_pid="0" call_name="" call_time="0">
	<exInfo_list count="0">
	</exInfo_list>
	</action>
 </action_list><action_list name="跳过动态分析" level="1" descr="根据用户配置，跳过动态分析" times="0">
	<action field="start_boot" type="System" name="SkipAnalysis" call_pid="0" call_name="" call_time="0">
	<exInfo_list count="0">
	</exInfo_list>
	</action>
 </action_list><action_list name="分析结束" level="-1" descr="动态分析结束" times="0">
	<action field="start_boot" type="System" name="AnalyzeStop" call_pid="0" call_name="" call_time="0">
	<exInfo_list count="0">
	</exInfo_list>
	</action>
 </action_list></file>