<?xml version="1.0" encoding="UTF-8"?> 

<file name="1.vasunknown" sha1="36f80ab022e87e5c6631a45bb9ab1124a8782f4f" md5="66ae0ce90ad4d2b04f325b61e85b2f8d" CRC32="0942fd77" SSDEEP="6144:eXTQo6zv3NXThfSchZp8+14TYP43YO7EqaATXT0:eEDzv3Nwip8+1KYo7EqaATQ" size="436770" type="vasunknown" error="0" virusresult="" vp_name="klo07" reportType="final" exiftool="File Name                       : 1.vasunknown--list--File Size                       : 427 kB--list--File Modification Date/Time     : 2020:06:18 16:39:00+08:00--list--File Access Date/Time           : 2020:06:18 16:39:00+08:00--list--File Inode Change Date/Time     : 2020:06:18 16:39:00+08:00--list--Error                           : Unknown file type--list--" system="winxp" filetype="UTF-8 Unicode English text, with very long lines"><action_list name="分析开始" level="-1" descr="动态分析开始" times="0">
	<action field="start_boot" type="System" name="AnalyzeStart" call_pid="0" call_name="" call_time="0">
	<exInfo_list count="0">
	</exInfo_list>
	</action>
 </action_list><action_list name="跳过动态分析" level="1" descr="根据用户配置，跳过动态分析" times="0">
	<action field="start_boot" type="System" name="SkipAnalysis" call_pid="0" call_name="" call_time="0">
	<exInfo_list count="0">
	</exInfo_list>
	</action>
 </action_list><action_list name="分析结束" level="-1" descr="动态分析结束" times="0">
	<action field="start_boot" type="System" name="AnalyzeStop" call_pid="0" call_name="" call_time="0">
	<exInfo_list count="0">
	</exInfo_list>
	</action>
 </action_list></file>