<?xml version="1.0" encoding="UTF-8"?> 

<file name="1.vasunknown" sha1="507e361fb87543b6c65ca75164d0e911f9a64a07" md5="6125a6bad02f403df3e4962904a0adcd" CRC32="8ae99c43" SSDEEP="6144:CRzEOQ0+iea98Hrmgq2j16xNN7CafC3DVKaSU6lR/KvYV+7A9d9bH7ynnMawoxcX:FOz+iuqezBuPmnh2" size="342836" type="vasunknown" error="0" virusresult="" vp_name="klo07" reportType="final" exiftool="File Name                       : 1.vasunknown--list--File Size                       : 335 kB--list--File Modification Date/Time     : 2020:06:18 16:51:37+08:00--list--File Access Date/Time           : 2020:06:18 16:51:37+08:00--list--File Inode Change Date/Time     : 2020:06:18 16:51:37+08:00--list--Error                           : Unknown file type--list--" system="winxp" filetype="ASCII English text, with very long lines, with CRLF, LF line terminators"><action_list name="分析开始" level="-1" descr="动态分析开始" times="0">
	<action field="start_boot" type="System" name="AnalyzeStart" call_pid="0" call_name="" call_time="0">
	<exInfo_list count="0">
	</exInfo_list>
	</action>
 </action_list><action_list name="跳过动态分析" level="1" descr="根据用户配置，跳过动态分析" times="0">
	<action field="start_boot" type="System" name="SkipAnalysis" call_pid="0" call_name="" call_time="0">
	<exInfo_list count="0">
	</exInfo_list>
	</action>
 </action_list><action_list name="分析结束" level="-1" descr="动态分析结束" times="0">
	<action field="start_boot" type="System" name="AnalyzeStop" call_pid="0" call_name="" call_time="0">
	<exInfo_list count="0">
	</exInfo_list>
	</action>
 </action_list></file>