<?xml version="1.0" encoding="UTF-8"?> 

<file name="1.vasunknown" sha1="df3eed02f2d455b76770ff26e96d6a85c89874fd" md5="1b2f331fb1dd85fac1e86ed1f04b5627" CRC32="9d1ceddd" SSDEEP="6144:OcPoUWY93qkVER7lER9RzEOQ0+iea98HrY7mG0j:OIrWY96MER7lERcOz+ief" size="547897" type="vasunknown" error="0" virusresult="" vp_name="klo07" reportType="final" exiftool="File Name                       : 1.vasunknown--list--File Size                       : 535 kB--list--File Modification Date/Time     : 2020:06:18 16:54:35+08:00--list--File Access Date/Time           : 2020:06:18 16:54:35+08:00--list--File Inode Change Date/Time     : 2020:06:18 16:54:35+08:00--list--Error                           : Unknown file type--list--" system="winxp" filetype="HTML document, ASCII text, with very long lines, with CRLF, LF line terminators"><action_list name="分析开始" level="-1" descr="动态分析开始" times="0">
	<action field="start_boot" type="System" name="AnalyzeStart" call_pid="0" call_name="" call_time="0">
	<exInfo_list count="0">
	</exInfo_list>
	</action>
 </action_list><action_list name="跳过动态分析" level="1" descr="根据用户配置，跳过动态分析" times="0">
	<action field="start_boot" type="System" name="SkipAnalysis" call_pid="0" call_name="" call_time="0">
	<exInfo_list count="0">
	</exInfo_list>
	</action>
 </action_list><action_list name="分析结束" level="-1" descr="动态分析结束" times="0">
	<action field="start_boot" type="System" name="AnalyzeStop" call_pid="0" call_name="" call_time="0">
	<exInfo_list count="0">
	</exInfo_list>
	</action>
 </action_list></file>