<?xml version="1.0" encoding="UTF-8"?> 

<file name="1.vasunknown" sha1="88680e2e3513127d75fec366610cb6766b5bfd37" md5="6be6ff5f8e16341b37082ad14e29126e" CRC32="db7f13f3" SSDEEP="6144:do6zv3VXT9fSchZp8+y4TYP43YO7EqaATXTr:dDzv3Vcip8+yKYo7EqaATf" size="400952" type="vasunknown" error="0" virusresult="" vp_name="klo07" reportType="final" exiftool="File Name                       : 1.vasunknown--list--File Size                       : 392 kB--list--File Modification Date/Time     : 2020:06:18 17:04:17+08:00--list--File Access Date/Time           : 2020:06:18 17:04:17+08:00--list--File Inode Change Date/Time     : 2020:06:18 17:04:17+08:00--list--Error                           : Unknown file type--list--" system="winxp" filetype="UTF-8 Unicode English text, with very long lines"><action_list name="分析开始" level="-1" descr="动态分析开始" times="0">
	<action field="start_boot" type="System" name="AnalyzeStart" call_pid="0" call_name="" call_time="0">
	<exInfo_list count="0">
	</exInfo_list>
	</action>
 </action_list><action_list name="跳过动态分析" level="1" descr="根据用户配置，跳过动态分析" times="0">
	<action field="start_boot" type="System" name="SkipAnalysis" call_pid="0" call_name="" call_time="0">
	<exInfo_list count="0">
	</exInfo_list>
	</action>
 </action_list><action_list name="分析结束" level="-1" descr="动态分析结束" times="0">
	<action field="start_boot" type="System" name="AnalyzeStop" call_pid="0" call_name="" call_time="0">
	<exInfo_list count="0">
	</exInfo_list>
	</action>
 </action_list></file>