<?xml version="1.0" encoding="UTF-8"?> 

<file name="1.vasunknown" sha1="c3d63b33d0e1f1fad7731177dec8b3108b2bc6fe" md5="ace443c5a15f072226dd3c2658b48097" CRC32="63310ece" SSDEEP="3072:8zSB+fZLfcpeHkR7lTwRItgt7HYI08MD4J+R3jL5TCOauTwD6FdnCVQNea98HrXz:8qkVER7lERf7LyRzEOQ0+iea98HrIGn" size="462214" type="vasunknown" error="0" virusresult="" vp_name="klo07" reportType="final" exiftool="File Name                       : 1.vasunknown--list--File Size                       : 451 kB--list--File Modification Date/Time     : 2020:06:18 17:09:13+08:00--list--File Access Date/Time           : 2020:06:18 17:09:13+08:00--list--File Inode Change Date/Time     : 2020:06:18 17:09:13+08:00--list--Error                           : Unknown file type--list--" system="winxp" filetype="ASCII English text, with very long lines, with CRLF, LF line terminators"><action_list name="分析开始" level="-1" descr="动态分析开始" times="0">
	<action field="start_boot" type="System" name="AnalyzeStart" call_pid="0" call_name="" call_time="0">
	<exInfo_list count="0">
	</exInfo_list>
	</action>
 </action_list><action_list name="跳过动态分析" level="1" descr="根据用户配置，跳过动态分析" times="0">
	<action field="start_boot" type="System" name="SkipAnalysis" call_pid="0" call_name="" call_time="0">
	<exInfo_list count="0">
	</exInfo_list>
	</action>
 </action_list><action_list name="分析结束" level="-1" descr="动态分析结束" times="0">
	<action field="start_boot" type="System" name="AnalyzeStop" call_pid="0" call_name="" call_time="0">
	<exInfo_list count="0">
	</exInfo_list>
	</action>
 </action_list></file>