<?xml version="1.0" encoding="UTF-8"?> 

<file name="1.vasunknown" sha1="78a3c8f7828b329e79f0ff76a3d304dce6aa3301" md5="5d56133cbd50f2e1d7131facb92f7886" CRC32="464c3deb" SSDEEP="24576:ZMER7lERQG+eEpbS9BlCJ4OfDZ2Is1fLAxK:iER7lERQG+eEpbSjlCJ4OfDZ2Is1fLAw" size="1007278" type="vasunknown" error="0" virusresult="" vp_name="klo07" reportType="final" exiftool="File Name                       : 1.vasunknown--list--File Size                       : 984 kB--list--File Modification Date/Time     : 2020:06:18 17:21:30+08:00--list--File Access Date/Time           : 2020:06:18 17:21:30+08:00--list--File Inode Change Date/Time     : 2020:06:18 17:21:30+08:00--list--Error                           : Unknown file type--list--" system="winxp" filetype="ASCII English text, with very long lines"><action_list name="分析开始" level="-1" descr="动态分析开始" times="0">
	<action field="start_boot" type="System" name="AnalyzeStart" call_pid="0" call_name="" call_time="0">
	<exInfo_list count="0">
	</exInfo_list>
	</action>
 </action_list><action_list name="跳过动态分析" level="1" descr="根据用户配置，跳过动态分析" times="0">
	<action field="start_boot" type="System" name="SkipAnalysis" call_pid="0" call_name="" call_time="0">
	<exInfo_list count="0">
	</exInfo_list>
	</action>
 </action_list><action_list name="分析结束" level="-1" descr="动态分析结束" times="0">
	<action field="start_boot" type="System" name="AnalyzeStop" call_pid="0" call_name="" call_time="0">
	<exInfo_list count="0">
	</exInfo_list>
	</action>
 </action_list></file>