<?xml version="1.0" encoding="UTF-8"?> 

<file name="1.vasunknown" sha1="4ae0a050311bd98fd780362a389db33dee856d6a" md5="c6057c1374adfa9bbe882a9d131dd88d" CRC32="104f1399" SSDEEP="12288:+9W4OfQZbgU75EFm5t4OffZRN+8foA5Nip8+U:wW4OfQZbgU75EFWt4OffZRN+8foA5gpQ" size="640109" type="vasunknown" error="0" virusresult="" vp_name="klo07" reportType="final" exiftool="File Name                       : 1.vasunknown--list--File Size                       : 625 kB--list--File Modification Date/Time     : 2020:06:18 17:26:18+08:00--list--File Access Date/Time           : 2020:06:18 17:26:18+08:00--list--File Inode Change Date/Time     : 2020:06:18 17:26:18+08:00--list--Error                           : Unknown file type--list--" system="winxp" filetype="ASCII English text"><action_list name="分析开始" level="-1" descr="动态分析开始" times="0">
	<action field="start_boot" type="System" name="AnalyzeStart" call_pid="0" call_name="" call_time="0">
	<exInfo_list count="0">
	</exInfo_list>
	</action>
 </action_list><action_list name="跳过动态分析" level="1" descr="根据用户配置，跳过动态分析" times="0">
	<action field="start_boot" type="System" name="SkipAnalysis" call_pid="0" call_name="" call_time="0">
	<exInfo_list count="0">
	</exInfo_list>
	</action>
 </action_list><action_list name="分析结束" level="-1" descr="动态分析结束" times="0">
	<action field="start_boot" type="System" name="AnalyzeStop" call_pid="0" call_name="" call_time="0">
	<exInfo_list count="0">
	</exInfo_list>
	</action>
 </action_list></file>