<?xml version="1.0" encoding="UTF-8"?> 

<file name="1.vasunknown" sha1="51f173405031daafa79bdb4d83fe94d76e4d7636" md5="298e65d6c4e7ede0c463d1abae4e1bfc" CRC32="4afad3c9" SSDEEP="1536:gQA4ws6RTPdn1Jl19DzTIKu6VnGUNs+9Kf8r3Vf/WcnfYhLrJBefYRKUfAjtled+:uiEoVUb6GvCu09s2o2skAieZ" size="357757" type="vasunknown" error="0" virusresult="" vp_name="klo07" reportType="final" exiftool="File Name                       : 1.vasunknown--list--File Size                       : 349 kB--list--File Modification Date/Time     : 2020:06:18 17:47:06+08:00--list--File Access Date/Time           : 2020:06:18 17:47:06+08:00--list--File Inode Change Date/Time     : 2020:06:18 17:47:06+08:00--list--Error                           : Unknown file type--list--" system="winxp" filetype="ASCII English text, with very long lines, with no line terminators"><action_list name="分析开始" level="-1" descr="动态分析开始" times="0">
	<action field="start_boot" type="System" name="AnalyzeStart" call_pid="0" call_name="" call_time="0">
	<exInfo_list count="0">
	</exInfo_list>
	</action>
 </action_list><action_list name="跳过动态分析" level="1" descr="根据用户配置，跳过动态分析" times="0">
	<action field="start_boot" type="System" name="SkipAnalysis" call_pid="0" call_name="" call_time="0">
	<exInfo_list count="0">
	</exInfo_list>
	</action>
 </action_list><action_list name="分析结束" level="-1" descr="动态分析结束" times="0">
	<action field="start_boot" type="System" name="AnalyzeStop" call_pid="0" call_name="" call_time="0">
	<exInfo_list count="0">
	</exInfo_list>
	</action>
 </action_list></file>