<?xml version="1.0" encoding="UTF-8"?> 

<file name="1.vasunknown" sha1="bd5d2c09500612a0beb4f4d027d1a0f53ce55350" md5="18f3759c0ed2925064cadb2c31a5a7d3" CRC32="a4a5b67e" SSDEEP="3072:YvCRVolPbSMUwS66zv3qeXTP+7IszVgP4dTYP43x+dU7EqaAuop0eXTP+7oeBB:zo6zv3RXTZ4TYP43YO7EqaATXTk" size="296256" type="vasunknown" error="0" virusresult="" vp_name="klo07" reportType="final" exiftool="File Name                       : 1.vasunknown--list--File Size                       : 289 kB--list--File Modification Date/Time     : 2020:06:18 17:58:11+08:00--list--File Access Date/Time           : 2020:06:18 17:58:11+08:00--list--File Inode Change Date/Time     : 2020:06:18 17:58:11+08:00--list--Error                           : Unknown file type--list--" system="winxp" filetype="UTF-8 Unicode English text, with very long lines"><action_list name="分析开始" level="-1" descr="动态分析开始" times="0">
	<action field="start_boot" type="System" name="AnalyzeStart" call_pid="0" call_name="" call_time="0">
	<exInfo_list count="0">
	</exInfo_list>
	</action>
 </action_list><action_list name="跳过动态分析" level="1" descr="根据用户配置，跳过动态分析" times="0">
	<action field="start_boot" type="System" name="SkipAnalysis" call_pid="0" call_name="" call_time="0">
	<exInfo_list count="0">
	</exInfo_list>
	</action>
 </action_list><action_list name="分析结束" level="-1" descr="动态分析结束" times="0">
	<action field="start_boot" type="System" name="AnalyzeStop" call_pid="0" call_name="" call_time="0">
	<exInfo_list count="0">
	</exInfo_list>
	</action>
 </action_list></file>