<?xml version="1.0" encoding="UTF-8"?> 

<file name="1.vasunknown" sha1="22714de6452a95e728b0ff73b0a4d8c5ca4fb0bc" md5="fadf1a0cc28cc2dec564d1b67dcdf09a" CRC32="bcba79c1" SSDEEP="6144:NRzEOQ0+iea98HrmPuXTEOwTm7lC5wTm7lCc7y:sOz+iluoJTm7lC2Tm7lCd" size="274774" type="vasunknown" error="0" virusresult="" vp_name="klo07" reportType="final" exiftool="File Name                       : 1.vasunknown--list--File Size                       : 268 kB--list--File Modification Date/Time     : 2020:06:18 18:12:17+08:00--list--File Access Date/Time           : 2020:06:18 18:12:17+08:00--list--File Inode Change Date/Time     : 2020:06:18 18:12:17+08:00--list--Error                           : Unknown file type--list--" system="winxp" filetype="ASCII English text, with very long lines, with CRLF, LF line terminators"><action_list name="分析开始" level="-1" descr="动态分析开始" times="0">
	<action field="start_boot" type="System" name="AnalyzeStart" call_pid="0" call_name="" call_time="0">
	<exInfo_list count="0">
	</exInfo_list>
	</action>
 </action_list><action_list name="跳过动态分析" level="1" descr="根据用户配置，跳过动态分析" times="0">
	<action field="start_boot" type="System" name="SkipAnalysis" call_pid="0" call_name="" call_time="0">
	<exInfo_list count="0">
	</exInfo_list>
	</action>
 </action_list><action_list name="分析结束" level="-1" descr="动态分析结束" times="0">
	<action field="start_boot" type="System" name="AnalyzeStop" call_pid="0" call_name="" call_time="0">
	<exInfo_list count="0">
	</exInfo_list>
	</action>
 </action_list></file>