<?xml version="1.0" encoding="UTF-8"?> 

<file name="1.vasunknown" sha1="b9143eb7ec80c71b72433a29291bb55a6644a32c" md5="0351d03f44f7cb19e2b4aa3eb752b0af" CRC32="e3b4d37e" SSDEEP="6144:YI1Y2QosAc7hSsNj0/yVNDKsSXTZkXlEKHwKH9:YQsAc7hSl/yVNDKsSNilBHdH9" size="461155" type="vasunknown" error="0" virusresult="" vp_name="klo07" reportType="final" exiftool="File Name                       : 1.vasunknown--list--File Size                       : 450 kB--list--File Modification Date/Time     : 2020:06:18 18:26:34+08:00--list--File Access Date/Time           : 2020:06:18 18:26:34+08:00--list--File Inode Change Date/Time     : 2020:06:18 18:26:34+08:00--list--Error                           : Unknown file type--list--" system="winxp" filetype="UTF-8 Unicode English text, with very long lines"><action_list name="分析开始" level="-1" descr="动态分析开始" times="0">
	<action field="start_boot" type="System" name="AnalyzeStart" call_pid="0" call_name="" call_time="0">
	<exInfo_list count="0">
	</exInfo_list>
	</action>
 </action_list><action_list name="跳过动态分析" level="1" descr="根据用户配置，跳过动态分析" times="0">
	<action field="start_boot" type="System" name="SkipAnalysis" call_pid="0" call_name="" call_time="0">
	<exInfo_list count="0">
	</exInfo_list>
	</action>
 </action_list><action_list name="分析结束" level="-1" descr="动态分析结束" times="0">
	<action field="start_boot" type="System" name="AnalyzeStop" call_pid="0" call_name="" call_time="0">
	<exInfo_list count="0">
	</exInfo_list>
	</action>
 </action_list></file>