<?xml version="1.0" encoding="UTF-8"?> 

<file name="1.vasunknown" sha1="5ead4a47acefe826fb3be6bbb8a2d95bc24d08d9" md5="47c3efbd32bef6da40cc06a2833b255e" CRC32="ebe1730e" SSDEEP="6144:+Gsn0ndKhMivnFfqvpsomwcrfEWcrZ+zdKwyf:+7MdKhfqvygcrfEWcrIzo" size="703244" type="vasunknown" error="0" virusresult="" vp_name="klo07" reportType="final" exiftool="File Name                       : 1.vasunknown--list--File Size                       : 687 kB--list--File Modification Date/Time     : 2020:06:18 18:27:36+08:00--list--File Access Date/Time           : 2020:06:18 18:27:36+08:00--list--File Inode Change Date/Time     : 2020:06:18 18:27:36+08:00--list--Error                           : Unknown file type--list--" system="winxp" filetype="ASCII English text, with very long lines"><action_list name="分析开始" level="-1" descr="动态分析开始" times="0">
	<action field="start_boot" type="System" name="AnalyzeStart" call_pid="0" call_name="" call_time="0">
	<exInfo_list count="0">
	</exInfo_list>
	</action>
 </action_list><action_list name="跳过动态分析" level="1" descr="根据用户配置，跳过动态分析" times="0">
	<action field="start_boot" type="System" name="SkipAnalysis" call_pid="0" call_name="" call_time="0">
	<exInfo_list count="0">
	</exInfo_list>
	</action>
 </action_list><action_list name="分析结束" level="-1" descr="动态分析结束" times="0">
	<action field="start_boot" type="System" name="AnalyzeStop" call_pid="0" call_name="" call_time="0">
	<exInfo_list count="0">
	</exInfo_list>
	</action>
 </action_list></file>