<?xml version="1.0" encoding="UTF-8"?> 

<file name="1.vasunknown" sha1="8820bfc2c8870dbd376a5c11904aafa4676f8f68" md5="771befcfb32ac7775dc040e335876f8b" CRC32="73d55306" SSDEEP="192:AoCyoLR6GL0s0/eqmYa7XhLKXGM+ieng+:sR6Gb0/eTY4XYFynJ" size="7252" type="vasunknown" error="0" virusresult="" vp_name="klo07" reportType="final" exiftool="File Name                       : 1.vasunknown--list--File Size                       : 7.1 kB--list--File Modification Date/Time     : 2020:06:18 18:29:34+08:00--list--File Access Date/Time           : 2020:06:18 18:29:34+08:00--list--File Inode Change Date/Time     : 2020:06:18 18:29:34+08:00--list--Error                           : Unknown file type--list--" system="winxp" filetype="HTML document, ASCII text, with very long lines"><action_list name="分析开始" level="-1" descr="动态分析开始" times="0">
	<action field="start_boot" type="System" name="AnalyzeStart" call_pid="0" call_name="" call_time="0">
	<exInfo_list count="0">
	</exInfo_list>
	</action>
 </action_list><action_list name="跳过动态分析" level="1" descr="根据用户配置，跳过动态分析" times="0">
	<action field="start_boot" type="System" name="SkipAnalysis" call_pid="0" call_name="" call_time="0">
	<exInfo_list count="0">
	</exInfo_list>
	</action>
 </action_list><action_list name="分析结束" level="-1" descr="动态分析结束" times="0">
	<action field="start_boot" type="System" name="AnalyzeStop" call_pid="0" call_name="" call_time="0">
	<exInfo_list count="0">
	</exInfo_list>
	</action>
 </action_list></file>