<?xml version="1.0" encoding="UTF-8"?> 

<file name="1.vasunknown" sha1="df15520652e3854041ef4419522314dd35b573ad" md5="65b850dbf3f2a7e8415330a390aed0a1" CRC32="534eb258" SSDEEP="6144:Et9cGb/i4C9doJt28InQ5Fni31iqxdaQyuSQyc19rGy:QcK3MSvbni31iqxdaQyuSQyc19V" size="620630" type="vasunknown" error="0" virusresult="" vp_name="klo07" reportType="final" exiftool="File Name                       : 1.vasunknown--list--File Size                       : 606 kB--list--File Modification Date/Time     : 2020:06:18 18:38:43+08:00--list--File Access Date/Time           : 2020:06:18 18:38:43+08:00--list--File Inode Change Date/Time     : 2020:06:18 18:38:43+08:00--list--Error                           : Unknown file type--list--" system="winxp" filetype="ASCII English text, with very long lines, with CRLF, LF line terminators"><action_list name="分析开始" level="-1" descr="动态分析开始" times="0">
	<action field="start_boot" type="System" name="AnalyzeStart" call_pid="0" call_name="" call_time="0">
	<exInfo_list count="0">
	</exInfo_list>
	</action>
 </action_list><action_list name="跳过动态分析" level="1" descr="根据用户配置，跳过动态分析" times="0">
	<action field="start_boot" type="System" name="SkipAnalysis" call_pid="0" call_name="" call_time="0">
	<exInfo_list count="0">
	</exInfo_list>
	</action>
 </action_list><action_list name="分析结束" level="-1" descr="动态分析结束" times="0">
	<action field="start_boot" type="System" name="AnalyzeStop" call_pid="0" call_name="" call_time="0">
	<exInfo_list count="0">
	</exInfo_list>
	</action>
 </action_list></file>