<?xml version="1.0" encoding="UTF-8"?> 

<file name="classes.dex" 文件扩展名信息="  描述：Dalvik executable   使用信息: Android" sha1="cecd2ca69cd48ee205e030d2e569915a893bbe09" md5="9ca6209a40c25e8689a0e405f1e509ff" CRC32="0a3157e3" SSDEEP="6144:fnxegD1VIKnFX9WaNk2RDFG2UXEpQnVGAJvEY6Gg4nEwL9DwEARRwr9I/r522mFG:f/1W2XNfDFGn3EJ4nhxqRCCtw" size="733352" type="dex" error="0" virusresult="" vp_name="klo07" reportType="final" exiftool="File Name                       : classes.dex--list--File Size                       : 716 kB--list--File Modification Date/Time     : 2020:06:19 11:00:48+08:00--list--File Access Date/Time           : 2020:06:19 11:00:48+08:00--list--File Inode Change Date/Time     : 2020:06:19 11:00:48+08:00--list--File Type                       : DEX--list--File Type Extension             : dex--list--MIME Type                       : application/octet-stream--list--Warning                         : Unsupported file type--list--" system="winxp" filetype="Dalvik dex file version 035"><action_list name="分析开始" level="-1" descr="动态分析开始" times="0">
	<action field="start_boot" type="System" name="AnalyzeStart" call_pid="0" call_name="" call_time="11:01:06.000">
	<exInfo_list count="0">
	</exInfo_list>
	</action>
 </action_list><action_list name="分析引擎信息" level="-1" descr="12.6, 40, 2020-06-19_11:01:03==2020-06-19_11:01:06" times="0">
	<action field="start_boot" type="System" name="VasInfo" call_pid="0" call_name="" call_time="11:01:06.001">
	<exInfo_list count="3">
		<exInfo value="12.6" descr="分析引擎版本"/>
		<exInfo value="40" descr="最大并发数量"/>
		<exInfo value="2020-06-19_11:01:03==2020-06-19_11:01:06" descr="镜像加载耗时"/>
	</exInfo_list>
	</action>
 </action_list><action_list name="进程开始执行" level="1" descr="被 vasstarter.exe（1676）创建的进程开始执行" times="0">
	<action field="start_boot" type="Process" name="BeCreated" call_pid="208" call_name="vaslauncher.exe" call_time="11:01:06.002">
	<exInfo_list count="2">
		<exInfo value="vasstarter.exe" descr="父进程名"/>
		<exInfo value="1676" descr="父进程ID"/>
	</exInfo_list>
	</action>
 </action_list><action_list name="进程开始执行" level="1" descr="被 vasstarter.exe（1676）通过参数 D:\vaslauncher.exe 以 direct 方式创建的进程开始执行" times="0">
	<action field="start_boot" type="Process" name="BeCreatedEx" call_pid="208" call_name="vaslauncher.exe" call_time="11:01:06.003">
	<exInfo_list count="4">
		<exInfo value="vasstarter.exe" descr="父进程名"/>
		<exInfo value="1676" descr="父进程ID"/>
		<exInfo value="D:\vaslauncher.exe" descr="启动参数"/>
		<exInfo value="direct" descr="创建方式"/>
	</exInfo_list>
	</action>
 </action_list><action_list name="样本打开异常" level="2" descr="分析环境与样本格式不匹配" times="0">
	<action field="start_boot" type="Process" name="BadPeFormat" call_pid="0" call_name="0" call_time="0">
	<exInfo_list count="0">
	</exInfo_list>
	</action>
 </action_list><action_list name="分析结束" level="-1" descr="动态分析结束" times="0">
	<action field="start_boot" type="System" name="AnalyzeStop" call_pid="0" call_name="" call_time="11:03:06.004">
	<exInfo_list count="0">
	</exInfo_list>
	</action>
 </action_list><action_list name="内嵌可疑代码" level="1" descr="偏移位置 0x00020ba5 处内嵌可疑代码指令" times="0">
	<action field="shellcode" type="ShellcodeDetection" name="SuspectedShellcode" call_pid="-1" call_name="NULL" call_time="00:00:00.000">
	<exInfo_list count="2">
		<exInfo value="=== find suspicious shellcode-like instructions! --- offset: 0x00020ba5 ---0x00020ba5: call 0x311510x000517a6: adc [ebx], al0x000517a8: or al, [eax]0x000517aa: pop ebp" descr="内嵌ShellCode"/>
		<exInfo value="0x00020ba5" descr="偏移地址"/>
	</exInfo_list>
	</action>
 </action_list><action_list name="内嵌可疑代码" level="1" descr="偏移位置 0x000b0d44 处内嵌可疑代码指令" times="0">
	<action field="shellcode" type="ShellcodeDetection" name="SuspectedShellcode" call_pid="-1" call_name="NULL" call_time="00:00:00.000">
	<exInfo_list count="2">
		<exInfo value="=== find suspicious shellcode-like instructions! --- offset: 0x000b0d44 ---0x000b0d44: call 0x13300x000b0f3a: add [eax], al0x000b0f3c: or al, 0xf20x000b0f3e: add [eax], eax0x000b0f40: pop ebx" descr="内嵌ShellCode"/>
		<exInfo value="0x000b0d44" descr="偏移地址"/>
	</exInfo_list>
	</action>
 </action_list><action_list name="内嵌可疑代码" level="1" descr="偏移位置 0x000b28f4 处内嵌可疑代码指令" times="0">
	<action field="shellcode" type="ShellcodeDetection" name="SuspectedShellcode" call_pid="-1" call_name="NULL" call_time="00:00:00.000">
	<exInfo_list count="2">
		<exInfo value="=== find suspicious shellcode-like instructions! --- offset: 0x000b28f4 ---0x000b28f4: call 0x19390x000b2aea: add [eax], al0x000b2aec: call 0x580019400x000b2af1: adc al, [eax]0x000b2af3: add al, ch0x000b2af5: int10x000b2af6: add [eax], eax0x000b2af8: pop ecx" descr="内嵌ShellCode"/>
		<exInfo value="0x000b28f4" descr="偏移地址"/>
	</exInfo_list>
	</action>
 </action_list></file>