<?xml version="1.0" encoding="UTF-8"?> 

<file name="classes.dex" 文件扩展名信息="  描述：Dalvik executable   使用信息: Android" sha1="998b154377ccad2f164e41978da7e6911234e676" md5="f575502621819cd4c95fbcc0c48c1d36" CRC32="ecc7a64e" SSDEEP="24576:b1saIHDFGcyuSID5csFB/yFIja2PGmos4hbdyy1cAu1uYQd94:yRyHID5csFNFa/mos4KhAu13Qo" size="1587908" type="dex" error="0" virusresult="" vp_name="klo07" reportType="final" exiftool="File Name                       : classes.dex--list--File Size                       : 1551 kB--list--File Modification Date/Time     : 2020:06:19 11:33:41+08:00--list--File Access Date/Time           : 2020:06:19 11:33:41+08:00--list--File Inode Change Date/Time     : 2020:06:19 11:33:41+08:00--list--File Type                       : DEX--list--File Type Extension             : dex--list--MIME Type                       : application/octet-stream--list--Warning                         : Unsupported file type--list--" system="winxp" filetype="Dalvik dex file version 035"><action_list name="分析开始" level="-1" descr="动态分析开始" times="0">
	<action field="start_boot" type="System" name="AnalyzeStart" call_pid="0" call_name="" call_time="11:34:20.000">
	<exInfo_list count="0">
	</exInfo_list>
	</action>
 </action_list><action_list name="分析引擎信息" level="-1" descr="12.6, 40, 2020-06-19_11:34:17==2020-06-19_11:34:20" times="0">
	<action field="start_boot" type="System" name="VasInfo" call_pid="0" call_name="" call_time="11:34:20.001">
	<exInfo_list count="3">
		<exInfo value="12.6" descr="分析引擎版本"/>
		<exInfo value="40" descr="最大并发数量"/>
		<exInfo value="2020-06-19_11:34:17==2020-06-19_11:34:20" descr="镜像加载耗时"/>
	</exInfo_list>
	</action>
 </action_list><action_list name="进程开始执行" level="1" descr="被 vasstarter.exe（1676）创建的进程开始执行" times="0">
	<action field="start_boot" type="Process" name="BeCreated" call_pid="208" call_name="vaslauncher.exe" call_time="11:34:20.002">
	<exInfo_list count="2">
		<exInfo value="vasstarter.exe" descr="父进程名"/>
		<exInfo value="1676" descr="父进程ID"/>
	</exInfo_list>
	</action>
 </action_list><action_list name="进程开始执行" level="1" descr="被 vasstarter.exe（1676）通过参数 D:\vaslauncher.exe 以 direct 方式创建的进程开始执行" times="0">
	<action field="start_boot" type="Process" name="BeCreatedEx" call_pid="208" call_name="vaslauncher.exe" call_time="11:34:20.003">
	<exInfo_list count="4">
		<exInfo value="vasstarter.exe" descr="父进程名"/>
		<exInfo value="1676" descr="父进程ID"/>
		<exInfo value="D:\vaslauncher.exe" descr="启动参数"/>
		<exInfo value="direct" descr="创建方式"/>
	</exInfo_list>
	</action>
 </action_list><action_list name="样本打开异常" level="2" descr="分析环境与样本格式不匹配" times="0">
	<action field="start_boot" type="Process" name="BadPeFormat" call_pid="0" call_name="0" call_time="0">
	<exInfo_list count="0">
	</exInfo_list>
	</action>
 </action_list><action_list name="分析结束" level="-1" descr="动态分析结束" times="0">
	<action field="start_boot" type="System" name="AnalyzeStop" call_pid="0" call_name="" call_time="11:36:20.004">
	<exInfo_list count="0">
	</exInfo_list>
	</action>
 </action_list><action_list name="内嵌可疑代码" level="1" descr="偏移位置 0x00036a22 处内嵌可疑代码指令" times="0">
	<action field="shellcode" type="ShellcodeDetection" name="SuspectedShellcode" call_pid="-1" call_name="NULL" call_time="00:00:00.000">
	<exInfo_list count="2">
		<exInfo value="=== find suspicious shellcode-like instructions! --- offset: 0x00036a22 ---0x00036a22: call 0x697c60x0009fb2c: or al, 0x00x0009fb2e: ja 0x6c60x0009fb30: pop ebx" descr="内嵌ShellCode"/>
		<exInfo value="0x00036a22" descr="偏移地址"/>
	</exInfo_list>
	</action>
 </action_list><action_list name="内嵌可疑代码" level="1" descr="偏移位置 0x000b1a7d 处内嵌可疑代码指令" times="0">
	<action field="shellcode" type="ShellcodeDetection" name="SuspectedShellcode" call_pid="-1" call_name="NULL" call_time="00:00:00.000">
	<exInfo_list count="2">
		<exInfo value="=== find suspicious shellcode-like instructions! --- offset: 0x000b1a7d ---0x000b1a7d: call 0x322680x000e1a82: pop eax" descr="内嵌ShellCode"/>
		<exInfo value="0x000b1a7d" descr="偏移地址"/>
	</exInfo_list>
	</action>
 </action_list></file>